neighbourhood,year,month,date,raw_incident_count,weighted_index
Arbutus Ridge,2003,1,2003-01-01,85,7015
Arbutus Ridge,2003,2,2003-02-01,54,3074
Arbutus Ridge,2003,3,2003-03-01,69,4022
Arbutus Ridge,2003,4,2003-04-01,70,4703
Arbutus Ridge,2003,5,2003-05-01,53,3102
Arbutus Ridge,2003,6,2003-06-01,65,4364
Arbutus Ridge,2003,7,2003-07-01,52,3207
Arbutus Ridge,2003,8,2003-08-01,66,3915
Arbutus Ridge,2003,9,2003-09-01,48,2921
Arbutus Ridge,2003,10,2003-10-01,39,2016
Arbutus Ridge,2003,11,2003-11-01,52,3046
Arbutus Ridge,2003,12,2003-12-01,59,3673
Arbutus Ridge,2004,1,2004-01-01,64,4229
Arbutus Ridge,2004,2,2004-02-01,73,5326
Arbutus Ridge,2004,3,2004-03-01,55,3113
Arbutus Ridge,2004,4,2004-04-01,55,4052
Arbutus Ridge,2004,5,2004-05-01,72,4329
Arbutus Ridge,2004,6,2004-06-01,61,3720
Arbutus Ridge,2004,7,2004-07-01,47,2303
Arbutus Ridge,2004,8,2004-08-01,43,2538
Arbutus Ridge,2004,9,2004-09-01,58,3422
Arbutus Ridge,2004,10,2004-10-01,82,5042
Arbutus Ridge,2004,11,2004-11-01,57,3421
Arbutus Ridge,2004,12,2004-12-01,66,4371
Arbutus Ridge,2005,1,2005-01-01,73,5094
Arbutus Ridge,2005,2,2005-02-01,63,3577
Arbutus Ridge,2005,3,2005-03-01,66,3765
Arbutus Ridge,2005,4,2005-04-01,58,3178
Arbutus Ridge,2005,5,2005-05-01,78,4280
Arbutus Ridge,2005,6,2005-06-01,48,2838
Arbutus Ridge,2005,7,2005-07-01,59,3150
Arbutus Ridge,2005,8,2005-08-01,48,3050
Arbutus Ridge,2005,9,2005-09-01,53,3169
Arbutus Ridge,2005,10,2005-10-01,55,3955
Arbutus Ridge,2005,11,2005-11-01,37,1809
Arbutus Ridge,2005,12,2005-12-01,39,2458
Arbutus Ridge,2006,1,2006-01-01,55,3729
Arbutus Ridge,2006,2,2006-02-01,45,2279
Arbutus Ridge,2006,3,2006-03-01,58,3542
Arbutus Ridge,2006,4,2006-04-01,35,2401
Arbutus Ridge,2006,5,2006-05-01,35,1928
Arbutus Ridge,2006,6,2006-06-01,47,2851
Arbutus Ridge,2006,7,2006-07-01,29,2043
Arbutus Ridge,2006,8,2006-08-01,47,3823
Arbutus Ridge,2006,9,2006-09-01,51,4208
Arbutus Ridge,2006,10,2006-10-01,51,3409
Arbutus Ridge,2006,11,2006-11-01,37,2732
Arbutus Ridge,2006,12,2006-12-01,41,3034
Arbutus Ridge,2007,1,2007-01-01,42,3065
Arbutus Ridge,2007,2,2007-02-01,38,2689
Arbutus Ridge,2007,3,2007-03-01,42,3086
Arbutus Ridge,2007,4,2007-04-01,34,2280
Arbutus Ridge,2007,5,2007-05-01,40,3344
Arbutus Ridge,2007,6,2007-06-01,38,2866
Arbutus Ridge,2007,7,2007-07-01,27,1694
Arbutus Ridge,2007,8,2007-08-01,37,2158
Arbutus Ridge,2007,9,2007-09-01,43,2861
Arbutus Ridge,2007,10,2007-10-01,33,2503
Arbutus Ridge,2007,11,2007-11-01,29,1933
Arbutus Ridge,2007,12,2007-12-01,34,2110
Arbutus Ridge,2008,1,2008-01-01,27,1554
Arbutus Ridge,2008,2,2008-02-01,20,1007
Arbutus Ridge,2008,3,2008-03-01,33,2504
Arbutus Ridge,2008,4,2008-04-01,29,1685
Arbutus Ridge,2008,5,2008-05-01,43,2567
Arbutus Ridge,2008,6,2008-06-01,50,3337
Arbutus Ridge,2008,7,2008-07-01,42,3748
Arbutus Ridge,2008,8,2008-08-01,17,1260
Arbutus Ridge,2008,9,2008-09-01,33,2960
Arbutus Ridge,2008,10,2008-10-01,42,3044
Arbutus Ridge,2008,11,2008-11-01,30,2575
Arbutus Ridge,2008,12,2008-12-01,45,3676
Arbutus Ridge,2009,1,2009-01-01,46,3419
Arbutus Ridge,2009,2,2009-02-01,24,1662
Arbutus Ridge,2009,3,2009-03-01,36,2663
Arbutus Ridge,2009,4,2009-04-01,42,3191
Arbutus Ridge,2009,5,2009-05-01,39,2491
Arbutus Ridge,2009,6,2009-06-01,41,2135
Arbutus Ridge,2009,7,2009-07-01,28,1451
Arbutus Ridge,2009,8,2009-08-01,42,2449
Arbutus Ridge,2009,9,2009-09-01,37,3241
Arbutus Ridge,2009,10,2009-10-01,34,2861
Arbutus Ridge,2009,11,2009-11-01,40,4076
Arbutus Ridge,2009,12,2009-12-01,25,1759
Arbutus Ridge,2010,1,2010-01-01,25,1794
Arbutus Ridge,2010,2,2010-02-01,28,2159
Arbutus Ridge,2010,3,2010-03-01,40,2896
Arbutus Ridge,2010,4,2010-04-01,33,2288
Arbutus Ridge,2010,5,2010-05-01,19,1993
Arbutus Ridge,2010,6,2010-06-01,38,2204
Arbutus Ridge,2010,7,2010-07-01,34,2553
Arbutus Ridge,2010,8,2010-08-01,35,2219
Arbutus Ridge,2010,9,2010-09-01,27,1882
Arbutus Ridge,2010,10,2010-10-01,29,2390
Arbutus Ridge,2010,11,2010-11-01,40,3496
Arbutus Ridge,2010,12,2010-12-01,33,2658
Arbutus Ridge,2011,1,2011-01-01,34,2811
Arbutus Ridge,2011,2,2011-02-01,15,877
Arbutus Ridge,2011,3,2011-03-01,19,1231
Arbutus Ridge,2011,4,2011-04-01,19,1147
Arbutus Ridge,2011,5,2011-05-01,29,1843
Arbutus Ridge,2011,6,2011-06-01,33,2380
Arbutus Ridge,2011,7,2011-07-01,32,2366
Arbutus Ridge,2011,8,2011-08-01,33,2271
Arbutus Ridge,2011,9,2011-09-01,35,3105
Arbutus Ridge,2011,10,2011-10-01,32,1807
Arbutus Ridge,2011,11,2011-11-01,35,2647
Arbutus Ridge,2011,12,2011-12-01,25,1782
Arbutus Ridge,2012,1,2012-01-01,20,1576
Arbutus Ridge,2012,2,2012-02-01,25,1695
Arbutus Ridge,2012,3,2012-03-01,20,1674
Arbutus Ridge,2012,4,2012-04-01,42,2407
Arbutus Ridge,2012,5,2012-05-01,23,1515
Arbutus Ridge,2012,6,2012-06-01,43,2394
Arbutus Ridge,2012,7,2012-07-01,29,1950
Arbutus Ridge,2012,8,2012-08-01,43,2571
Arbutus Ridge,2012,9,2012-09-01,29,1773
Arbutus Ridge,2012,10,2012-10-01,20,1459
Arbutus Ridge,2012,11,2012-11-01,43,2885
Arbutus Ridge,2012,12,2012-12-01,54,4494
Arbutus Ridge,2013,1,2013-01-01,23,1832
Arbutus Ridge,2013,2,2013-02-01,31,2064
Arbutus Ridge,2013,3,2013-03-01,34,2133
Arbutus Ridge,2013,4,2013-04-01,37,2095
Arbutus Ridge,2013,5,2013-05-01,38,1930
Arbutus Ridge,2013,6,2013-06-01,23,1614
Arbutus Ridge,2013,7,2013-07-01,17,1335
Arbutus Ridge,2013,8,2013-08-01,18,1067
Arbutus Ridge,2013,9,2013-09-01,23,1150
Arbutus Ridge,2013,10,2013-10-01,20,935
Arbutus Ridge,2013,11,2013-11-01,42,2445
Arbutus Ridge,2013,12,2013-12-01,42,3452
Arbutus Ridge,2014,1,2014-01-01,34,2418
Arbutus Ridge,2014,2,2014-02-01,26,1756
Arbutus Ridge,2014,3,2014-03-01,21,1661
Arbutus Ridge,2014,4,2014-04-01,38,2596
Arbutus Ridge,2014,5,2014-05-01,40,3056
Arbutus Ridge,2014,6,2014-06-01,48,3846
Arbutus Ridge,2014,7,2014-07-01,36,2123
Arbutus Ridge,2014,8,2014-08-01,25,1882
Arbutus Ridge,2014,9,2014-09-01,51,3314
Arbutus Ridge,2014,10,2014-10-01,46,3270
Arbutus Ridge,2014,11,2014-11-01,42,3479
Arbutus Ridge,2014,12,2014-12-01,31,2604
Arbutus Ridge,2015,1,2015-01-01,33,2103
Arbutus Ridge,2015,2,2015-02-01,24,1268
Arbutus Ridge,2015,3,2015-03-01,31,1619
Arbutus Ridge,2015,4,2015-04-01,29,1657
Arbutus Ridge,2015,5,2015-05-01,34,1558
Arbutus Ridge,2015,6,2015-06-01,31,2066
Arbutus Ridge,2015,7,2015-07-01,39,2343
Arbutus Ridge,2015,8,2015-08-01,27,1678
Arbutus Ridge,2015,9,2015-09-01,39,3340
Arbutus Ridge,2015,10,2015-10-01,57,3368
Arbutus Ridge,2015,11,2015-11-01,32,2253
Arbutus Ridge,2015,12,2015-12-01,40,3211
Arbutus Ridge,2016,1,2016-01-01,51,3841
Arbutus Ridge,2016,2,2016-02-01,36,2368
Arbutus Ridge,2016,3,2016-03-01,36,1964
Arbutus Ridge,2016,4,2016-04-01,28,1927
Arbutus Ridge,2016,5,2016-05-01,35,1734
Arbutus Ridge,2016,6,2016-06-01,58,3321
Arbutus Ridge,2016,7,2016-07-01,55,2936
Arbutus Ridge,2016,8,2016-08-01,42,2287
Arbutus Ridge,2016,9,2016-09-01,34,2050
Arbutus Ridge,2016,10,2016-10-01,27,1425
Arbutus Ridge,2016,11,2016-11-01,30,1662
Arbutus Ridge,2016,12,2016-12-01,34,2107
Arbutus Ridge,2017,1,2017-01-01,23,1341
Arbutus Ridge,2017,2,2017-02-01,35,2655
Arbutus Ridge,2017,3,2017-03-01,35,2280
Arbutus Ridge,2017,4,2017-04-01,40,1916
Arbutus Ridge,2017,5,2017-05-01,39,1823
Arbutus Ridge,2017,6,2017-06-01,38,1844
Arbutus Ridge,2017,7,2017-07-01,47,3031
Arbutus Ridge,2017,8,2017-08-01,36,1948
Arbutus Ridge,2017,9,2017-09-01,23,1237
Arbutus Ridge,2017,10,2017-10-01,29,2001
Arbutus Ridge,2017,11,2017-11-01,26,1273
Arbutus Ridge,2017,12,2017-12-01,36,2079
Arbutus Ridge,2018,1,2018-01-01,18,1202
Arbutus Ridge,2018,2,2018-02-01,25,2178
Arbutus Ridge,2018,3,2018-03-01,35,1238
Arbutus Ridge,2018,4,2018-04-01,28,1531
Arbutus Ridge,2018,5,2018-05-01,43,2856
Arbutus Ridge,2018,6,2018-06-01,32,2143
Arbutus Ridge,2018,7,2018-07-01,25,871
Arbutus Ridge,2018,8,2018-08-01,13,634
Arbutus Ridge,2018,9,2018-09-01,29,2166
Arbutus Ridge,2018,10,2018-10-01,28,2184
Arbutus Ridge,2018,11,2018-11-01,42,2419
Arbutus Ridge,2018,12,2018-12-01,27,1743
Arbutus Ridge,2019,1,2019-01-01,24,1394
Arbutus Ridge,2019,2,2019-02-01,25,1239
Arbutus Ridge,2019,3,2019-03-01,28,1588
Arbutus Ridge,2019,4,2019-04-01,30,1432
Arbutus Ridge,2019,5,2019-05-01,26,1700
Arbutus Ridge,2019,6,2019-06-01,30,1278
Arbutus Ridge,2019,7,2019-07-01,31,1327
Arbutus Ridge,2019,8,2019-08-01,46,2543
Arbutus Ridge,2019,9,2019-09-01,33,1935
Arbutus Ridge,2019,10,2019-10-01,26,1992
Arbutus Ridge,2019,11,2019-11-01,32,2843
Arbutus Ridge,2019,12,2019-12-01,19,1168
Arbutus Ridge,2020,1,2020-01-01,31,1841
Arbutus Ridge,2020,2,2020-02-01,26,1720
Arbutus Ridge,2020,3,2020-03-01,37,1787
Arbutus Ridge,2020,4,2020-04-01,36,2482
Arbutus Ridge,2020,5,2020-05-01,21,1215
Arbutus Ridge,2020,6,2020-06-01,42,3893
Arbutus Ridge,2020,7,2020-07-01,27,1893
Arbutus Ridge,2020,8,2020-08-01,32,1828
Arbutus Ridge,2020,9,2020-09-01,33,1975
Arbutus Ridge,2020,10,2020-10-01,26,1509
Arbutus Ridge,2020,11,2020-11-01,19,964
Arbutus Ridge,2020,12,2020-12-01,23,2181
Arbutus Ridge,2021,1,2021-01-01,34,1669
Arbutus Ridge,2021,2,2021-02-01,21,1257
Arbutus Ridge,2021,3,2021-03-01,19,798
Arbutus Ridge,2021,4,2021-04-01,22,957
Arbutus Ridge,2021,5,2021-05-01,27,1549
Arbutus Ridge,2021,6,2021-06-01,19,1049
Arbutus Ridge,2021,7,2021-07-01,18,1154
Arbutus Ridge,2021,8,2021-08-01,19,762
Arbutus Ridge,2021,9,2021-09-01,25,1244
Arbutus Ridge,2021,10,2021-10-01,21,925
Arbutus Ridge,2021,11,2021-11-01,16,931
Arbutus Ridge,2021,12,2021-12-01,26,1551
Arbutus Ridge,2023,1,2023-01-01,22,1148
Arbutus Ridge,2023,2,2023-02-01,23,1356
Arbutus Ridge,2023,3,2023-03-01,42,2241
Arbutus Ridge,2023,4,2023-04-01,14,792
Arbutus Ridge,2023,5,2023-05-01,24,1779
Arbutus Ridge,2023,6,2023-06-01,17,700
Arbutus Ridge,2023,7,2023-07-01,15,723
Arbutus Ridge,2023,8,2023-08-01,27,1403
Arbutus Ridge,2023,9,2023-09-01,18,733
Arbutus Ridge,2023,10,2023-10-01,25,849
Arbutus Ridge,2023,11,2023-11-01,21,1119
Arbutus Ridge,2023,12,2023-12-01,17,837
Arbutus Ridge,2024,1,2024-01-01,28,1164
Arbutus Ridge,2024,2,2024-02-01,21,1176
Arbutus Ridge,2024,3,2024-03-01,19,690
Arbutus Ridge,2024,4,2024-04-01,31,1223
Arbutus Ridge,2024,5,2024-05-01,27,1012
Arbutus Ridge,2024,6,2024-06-01,18,697
Arbutus Ridge,2024,7,2024-07-01,19,767
Arbutus Ridge,2024,8,2024-08-01,20,914
Arbutus Ridge,2024,9,2024-09-01,16,661
Arbutus Ridge,2024,10,2024-10-01,24,738
Arbutus Ridge,2024,11,2024-11-01,18,529
Arbutus Ridge,2024,12,2024-12-01,18,699
Arbutus Ridge,2025,1,2025-01-01,19,912
Arbutus Ridge,2025,2,2025-02-01,17,709
Arbutus Ridge,2025,3,2025-03-01,21,744
Arbutus Ridge,2025,4,2025-04-01,13,634
Arbutus Ridge,2025,5,2025-05-01,17,819
Arbutus Ridge,2025,6,2025-06-01,14,776
Arbutus Ridge,2025,7,2025-07-01,16,876
Arbutus Ridge,2025,8,2025-08-01,18,492
Arbutus Ridge,2025,9,2025-09-01,14,432
Arbutus Ridge,2025,10,2025-10-01,21,1022
Arbutus Ridge,2025,11,2025-11-01,25,1429
Arbutus Ridge,2025,12,2025-12-01,18,888
Arbutus Ridge,2026,1,2026-01-01,9,261
Arbutus Ridge,2026,2,2026-02-01,17,863
Arbutus Ridge,2026,3,2026-03-01,11,432
Arbutus Ridge,2026,4,2026-04-01,12,436
Arbutus Ridge,2026,5,2026-05-01,24,1534
Arbutus Ridge,2026,6,2026-06-01,24,661
Arbutus Ridge,2026,7,2026-07-01,18,497
Arbutus Ridge,2026,8,2026-08-01,17,1258
Arbutus Ridge,2026,9,2026-09-01,17,674
Central Business District,2003,1,2003-01-01,1163,52562
Central Business District,2003,2,2003-02-01,861,40260
Central Business District,2003,3,2003-03-01,959,41972
Central Business District,2003,4,2003-04-01,1047,45642
Central Business District,2003,5,2003-05-01,1236,49351
Central Business District,2003,6,2003-06-01,1118,46513
Central Business District,2003,7,2003-07-01,1135,48470
Central Business District,2003,8,2003-08-01,1208,49169
Central Business District,2003,9,2003-09-01,931,40985
Central Business District,2003,10,2003-10-01,1132,49825
Central Business District,2003,11,2003-11-01,986,43101
Central Business District,2003,12,2003-12-01,1034,45830
Central Business District,2004,1,2004-01-01,917,40743
Central Business District,2004,2,2004-02-01,951,43960
Central Business District,2004,3,2004-03-01,1017,41950
Central Business District,2004,4,2004-04-01,1130,48667
Central Business District,2004,5,2004-05-01,939,41231
Central Business District,2004,6,2004-06-01,887,43275
Central Business District,2004,7,2004-07-01,1093,48980
Central Business District,2004,8,2004-08-01,1121,46509
Central Business District,2004,9,2004-09-01,1071,45904
Central Business District,2004,10,2004-10-01,1011,46623
Central Business District,2004,11,2004-11-01,860,38328
Central Business District,2004,12,2004-12-01,909,40534
Central Business District,2005,1,2005-01-01,812,34346
Central Business District,2005,2,2005-02-01,921,41694
Central Business District,2005,3,2005-03-01,974,40808
Central Business District,2005,4,2005-04-01,828,34368
Central Business District,2005,5,2005-05-01,982,40037
Central Business District,2005,6,2005-06-01,962,40822
Central Business District,2005,7,2005-07-01,991,41432
Central Business District,2005,8,2005-08-01,899,36374
Central Business District,2005,9,2005-09-01,970,39631
Central Business District,2005,10,2005-10-01,905,36999
Central Business District,2005,11,2005-11-01,862,39805
Central Business District,2005,12,2005-12-01,896,38672
Central Business District,2006,1,2006-01-01,885,38639
Central Business District,2006,2,2006-02-01,870,35699
Central Business District,2006,3,2006-03-01,1037,44554
Central Business District,2006,4,2006-04-01,803,36730
Central Business District,2006,5,2006-05-01,959,43896
Central Business District,2006,6,2006-06-01,998,41976
Central Business District,2006,7,2006-07-01,1118,46896
Central Business District,2006,8,2006-08-01,1071,43459
Central Business District,2006,9,2006-09-01,976,46459
Central Business District,2006,10,2006-10-01,897,48299
Central Business District,2006,11,2006-11-01,906,39625
Central Business District,2006,12,2006-12-01,1026,44495
Central Business District,2007,1,2007-01-01,989,45328
Central Business District,2007,2,2007-02-01,924,39357
Central Business District,2007,3,2007-03-01,949,44538
Central Business District,2007,4,2007-04-01,916,40683
Central Business District,2007,5,2007-05-01,975,42822
Central Business District,2007,6,2007-06-01,963,44947
Central Business District,2007,7,2007-07-01,876,41149
Central Business District,2007,8,2007-08-01,1031,46343
Central Business District,2007,9,2007-09-01,972,43954
Central Business District,2007,10,2007-10-01,956,40860
Central Business District,2007,11,2007-11-01,905,39644
Central Business District,2007,12,2007-12-01,817,34345
Central Business District,2008,1,2008-01-01,872,41314
Central Business District,2008,2,2008-02-01,897,38051
Central Business District,2008,3,2008-03-01,1026,46075
Central Business District,2008,4,2008-04-01,858,38243
Central Business District,2008,5,2008-05-01,984,40336
Central Business District,2008,6,2008-06-01,978,41388
Central Business District,2008,7,2008-07-01,962,42142
Central Business District,2008,8,2008-08-01,1016,43525
Central Business District,2008,9,2008-09-01,1001,45002
Central Business District,2008,10,2008-10-01,970,41416
Central Business District,2008,11,2008-11-01,825,37630
Central Business District,2008,12,2008-12-01,842,38023
Central Business District,2009,1,2009-01-01,798,36565
Central Business District,2009,2,2009-02-01,833,34972
Central Business District,2009,3,2009-03-01,875,37183
Central Business District,2009,4,2009-04-01,765,32907
Central Business District,2009,5,2009-05-01,855,34631
Central Business District,2009,6,2009-06-01,749,32563
Central Business District,2009,7,2009-07-01,820,34786
Central Business District,2009,8,2009-08-01,934,38810
Central Business District,2009,9,2009-09-01,950,37157
Central Business District,2009,10,2009-10-01,830,34332
Central Business District,2009,11,2009-11-01,721,28865
Central Business District,2009,12,2009-12-01,671,26864
Central Business District,2010,1,2010-01-01,643,25636
Central Business District,2010,2,2010-02-01,779,29854
Central Business District,2010,3,2010-03-01,814,33849
Central Business District,2010,4,2010-04-01,699,30540
Central Business District,2010,5,2010-05-01,761,32488
Central Business District,2010,6,2010-06-01,732,30410
Central Business District,2010,7,2010-07-01,831,34846
Central Business District,2010,8,2010-08-01,892,36332
Central Business District,2010,9,2010-09-01,743,29238
Central Business District,2010,10,2010-10-01,752,30569
Central Business District,2010,11,2010-11-01,582,23712
Central Business District,2010,12,2010-12-01,687,28748
Central Business District,2011,1,2011-01-01,720,31435
Central Business District,2011,2,2011-02-01,609,25443
Central Business District,2011,3,2011-03-01,670,28383
Central Business District,2011,4,2011-04-01,636,26307
Central Business District,2011,5,2011-05-01,721,29399
Central Business District,2011,6,2011-06-01,1334,65704
Central Business District,2011,7,2011-07-01,746,30520
Central Business District,2011,8,2011-08-01,738,28588
Central Business District,2011,9,2011-09-01,628,25789
Central Business District,2011,10,2011-10-01,661,28292
Central Business District,2011,11,2011-11-01,703,27626
Central Business District,2011,12,2011-12-01,678,28274
Central Business District,2012,1,2012-01-01,755,32272
Central Business District,2012,2,2012-02-01,712,28529
Central Business District,2012,3,2012-03-01,738,30067
Central Business District,2012,4,2012-04-01,678,27964
Central Business District,2012,5,2012-05-01,699,27317
Central Business District,2012,6,2012-06-01,742,30960
Central Business District,2012,7,2012-07-01,637,24478
Central Business District,2012,8,2012-08-01,791,30996
Central Business District,2012,9,2012-09-01,729,28533
Central Business District,2012,10,2012-10-01,720,30292
Central Business District,2012,11,2012-11-01,740,30312
Central Business District,2012,12,2012-12-01,659,29091
Central Business District,2013,1,2013-01-01,613,26666
Central Business District,2013,2,2013-02-01,605,26268
Central Business District,2013,3,2013-03-01,841,35202
Central Business District,2013,4,2013-04-01,740,30275
Central Business District,2013,5,2013-05-01,778,29888
Central Business District,2013,6,2013-06-01,849,34181
Central Business District,2013,7,2013-07-01,897,35937
Central Business District,2013,8,2013-08-01,969,39064
Central Business District,2013,9,2013-09-01,778,30927
Central Business District,2013,10,2013-10-01,769,30014
Central Business District,2013,11,2013-11-01,839,32214
Central Business District,2013,12,2013-12-01,709,29775
Central Business District,2014,1,2014-01-01,700,27745
Central Business District,2014,2,2014-02-01,798,33314
Central Business District,2014,3,2014-03-01,845,36548
Central Business District,2014,4,2014-04-01,755,31537
Central Business District,2014,5,2014-05-01,864,34994
Central Business District,2014,6,2014-06-01,836,32997
Central Business District,2014,7,2014-07-01,942,36470
Central Business District,2014,8,2014-08-01,1121,41694
Central Business District,2014,9,2014-09-01,891,35083
Central Business District,2014,10,2014-10-01,857,33580
Central Business District,2014,11,2014-11-01,910,37413
Central Business District,2014,12,2014-12-01,786,32994
Central Business District,2015,1,2015-01-01,818,33660
Central Business District,2015,2,2015-02-01,759,32618
Central Business District,2015,3,2015-03-01,772,33278
Central Business District,2015,4,2015-04-01,758,32020
Central Business District,2015,5,2015-05-01,915,39705
Central Business District,2015,6,2015-06-01,926,39757
Central Business District,2015,7,2015-07-01,1052,42538
Central Business District,2015,8,2015-08-01,957,40073
Central Business District,2015,9,2015-09-01,987,41068
Central Business District,2015,10,2015-10-01,1047,43651
Central Business District,2015,11,2015-11-01,1079,43550
Central Business District,2015,12,2015-12-01,957,37685
Central Business District,2016,1,2016-01-01,1141,46275
Central Business District,2016,2,2016-02-01,993,38368
Central Business District,2016,3,2016-03-01,1125,44038
Central Business District,2016,4,2016-04-01,1118,45087
Central Business District,2016,5,2016-05-01,1213,47192
Central Business District,2016,6,2016-06-01,1170,47508
Central Business District,2016,7,2016-07-01,1180,48726
Central Business District,2016,8,2016-08-01,1080,42131
Central Business District,2016,9,2016-09-01,1026,41919
Central Business District,2016,10,2016-10-01,1133,45337
Central Business District,2016,11,2016-11-01,1008,40265
Central Business District,2016,12,2016-12-01,909,36482
Central Business District,2017,1,2017-01-01,944,37219
Central Business District,2017,2,2017-02-01,903,33683
Central Business District,2017,3,2017-03-01,1071,40664
Central Business District,2017,4,2017-04-01,1074,41233
Central Business District,2017,5,2017-05-01,1082,40453
Central Business District,2017,6,2017-06-01,1083,39710
Central Business District,2017,7,2017-07-01,1155,42630
Central Business District,2017,8,2017-08-01,1258,48342
Central Business District,2017,9,2017-09-01,1214,45707
Central Business District,2017,10,2017-10-01,1104,42054
Central Business District,2017,11,2017-11-01,1153,43033
Central Business District,2017,12,2017-12-01,1130,43233
Central Business District,2018,1,2018-01-01,1213,45015
Central Business District,2018,2,2018-02-01,1040,39949
Central Business District,2018,3,2018-03-01,1085,39015
Central Business District,2018,4,2018-04-01,1179,43090
Central Business District,2018,5,2018-05-01,1091,38739
Central Business District,2018,6,2018-06-01,1188,42633
Central Business District,2018,7,2018-07-01,1146,41041
Central Business District,2018,8,2018-08-01,1262,44655
Central Business District,2018,9,2018-09-01,1264,48039
Central Business District,2018,10,2018-10-01,1162,41492
Central Business District,2018,11,2018-11-01,1227,46890
Central Business District,2018,12,2018-12-01,1230,45928
Central Business District,2019,1,2019-01-01,1268,45778
Central Business District,2019,2,2019-02-01,1052,37063
Central Business District,2019,3,2019-03-01,1230,45315
Central Business District,2019,4,2019-04-01,1189,43278
Central Business District,2019,5,2019-05-01,1333,49828
Central Business District,2019,6,2019-06-01,1206,45061
Central Business District,2019,7,2019-07-01,1445,56875
Central Business District,2019,8,2019-08-01,1494,57922
Central Business District,2019,9,2019-09-01,1386,52241
Central Business District,2019,10,2019-10-01,1424,54367
Central Business District,2019,11,2019-11-01,1395,52393
Central Business District,2019,12,2019-12-01,1338,50056
Central Business District,2020,1,2020-01-01,1368,52771
Central Business District,2020,2,2020-02-01,1316,50254
Central Business District,2020,3,2020-03-01,1080,47551
Central Business District,2020,4,2020-04-01,765,40054
Central Business District,2020,5,2020-05-01,520,26882
Central Business District,2020,6,2020-06-01,586,27218
Central Business District,2020,7,2020-07-01,704,30447
Central Business District,2020,8,2020-08-01,826,34624
Central Business District,2020,9,2020-09-01,783,34077
Central Business District,2020,10,2020-10-01,902,40279
Central Business District,2020,11,2020-11-01,694,30483
Central Business District,2020,12,2020-12-01,688,31126
Central Business District,2021,1,2021-01-01,805,35927
Central Business District,2021,2,2021-02-01,647,27213
Central Business District,2021,3,2021-03-01,619,29022
Central Business District,2021,4,2021-04-01,639,29547
Central Business District,2021,5,2021-05-01,629,27624
Central Business District,2021,6,2021-06-01,647,28532
Central Business District,2021,7,2021-07-01,794,34467
Central Business District,2021,8,2021-08-01,892,35843
Central Business District,2021,9,2021-09-01,819,33223
Central Business District,2021,10,2021-10-01,825,36329
Central Business District,2021,11,2021-11-01,885,34859
Central Business District,2021,12,2021-12-01,792,33597
Central Business District,2023,1,2023-01-01,853,33159
Central Business District,2023,2,2023-02-01,896,33672
Central Business District,2023,3,2023-03-01,1075,42295
Central Business District,2023,4,2023-04-01,895,35617
Central Business District,2023,5,2023-05-01,1006,38274
Central Business District,2023,6,2023-06-01,1092,43832
Central Business District,2023,7,2023-07-01,1127,43090
Central Business District,2023,8,2023-08-01,1197,44620
Central Business District,2023,9,2023-09-01,1049,39279
Central Business District,2023,10,2023-10-01,1006,38958
Central Business District,2023,11,2023-11-01,831,31387
Central Business District,2023,12,2023-12-01,1040,37958
Central Business District,2024,1,2024-01-01,771,29517
Central Business District,2024,2,2024-02-01,906,34939
Central Business District,2024,3,2024-03-01,937,35930
Central Business District,2024,4,2024-04-01,874,32802
Central Business District,2024,5,2024-05-01,1000,35969
Central Business District,2024,6,2024-06-01,937,34438
Central Business District,2024,7,2024-07-01,1102,41518
Central Business District,2024,8,2024-08-01,1138,41396
Central Business District,2024,9,2024-09-01,991,34900
Central Business District,2024,10,2024-10-01,1111,40349
Central Business District,2024,11,2024-11-01,935,35277
Central Business District,2024,12,2024-12-01,1022,36739
Central Business District,2025,1,2025-01-01,836,29191
Central Business District,2025,2,2025-02-01,852,31728
Central Business District,2025,3,2025-03-01,845,30968
Central Business District,2025,4,2025-04-01,866,31683
Central Business District,2025,5,2025-05-01,888,31613
Central Business District,2025,6,2025-06-01,849,29827
Central Business District,2025,7,2025-07-01,856,31221
Central Business District,2025,8,2025-08-01,972,36375
Central Business District,2025,9,2025-09-01,880,33493
Central Business District,2025,10,2025-10-01,876,31589
Central Business District,2025,11,2025-11-01,817,29486
Central Business District,2025,12,2025-12-01,822,29956
Central Business District,2026,1,2026-01-01,905,31996
Central Business District,2026,2,2026-02-01,919,32451
Central Business District,2026,3,2026-03-01,819,29593
Central Business District,2026,4,2026-04-01,860,30650
Central Business District,2026,5,2026-05-01,888,30783
Central Business District,2026,6,2026-06-01,725,26902
Central Business District,2026,7,2026-07-01,812,29186
Central Business District,2026,8,2026-08-01,874,31497
Central Business District,2026,9,2026-09-01,577,21054
Dunbar-Southlands,2003,1,2003-01-01,73,5000
Dunbar-Southlands,2003,2,2003-02-01,76,5001
Dunbar-Southlands,2003,3,2003-03-01,69,5169
Dunbar-Southlands,2003,4,2003-04-01,104,6268
Dunbar-Southlands,2003,5,2003-05-01,60,3662
Dunbar-Southlands,2003,6,2003-06-01,76,4611
Dunbar-Southlands,2003,7,2003-07-01,61,3827
Dunbar-Southlands,2003,8,2003-08-01,55,3759
Dunbar-Southlands,2003,9,2003-09-01,81,5221
Dunbar-Southlands,2003,10,2003-10-01,74,4216
Dunbar-Southlands,2003,11,2003-11-01,57,4376
Dunbar-Southlands,2003,12,2003-12-01,45,3132
Dunbar-Southlands,2004,1,2004-01-01,56,3751
Dunbar-Southlands,2004,2,2004-02-01,68,3950
Dunbar-Southlands,2004,3,2004-03-01,81,5595
Dunbar-Southlands,2004,4,2004-04-01,83,6737
Dunbar-Southlands,2004,5,2004-05-01,100,4689
Dunbar-Southlands,2004,6,2004-06-01,75,3970
Dunbar-Southlands,2004,7,2004-07-01,58,3187
Dunbar-Southlands,2004,8,2004-08-01,78,5191
Dunbar-Southlands,2004,9,2004-09-01,128,6364
Dunbar-Southlands,2004,10,2004-10-01,103,4809
Dunbar-Southlands,2004,11,2004-11-01,148,7390
Dunbar-Southlands,2004,12,2004-12-01,55,3458
Dunbar-Southlands,2005,1,2005-01-01,59,3420
Dunbar-Southlands,2005,2,2005-02-01,69,3650
Dunbar-Southlands,2005,3,2005-03-01,79,4819
Dunbar-Southlands,2005,4,2005-04-01,98,4714
Dunbar-Southlands,2005,5,2005-05-01,66,3886
Dunbar-Southlands,2005,6,2005-06-01,78,5273
Dunbar-Southlands,2005,7,2005-07-01,59,3680
Dunbar-Southlands,2005,8,2005-08-01,56,3416
Dunbar-Southlands,2005,9,2005-09-01,64,4820
Dunbar-Southlands,2005,10,2005-10-01,66,4281
Dunbar-Southlands,2005,11,2005-11-01,54,2460
Dunbar-Southlands,2005,12,2005-12-01,24,1369
Dunbar-Southlands,2006,1,2006-01-01,68,4483
Dunbar-Southlands,2006,2,2006-02-01,60,3758
Dunbar-Southlands,2006,3,2006-03-01,74,4708
Dunbar-Southlands,2006,4,2006-04-01,41,3228
Dunbar-Southlands,2006,5,2006-05-01,47,3098
Dunbar-Southlands,2006,6,2006-06-01,55,3929
Dunbar-Southlands,2006,7,2006-07-01,38,2179
Dunbar-Southlands,2006,8,2006-08-01,45,2724
Dunbar-Southlands,2006,9,2006-09-01,58,3750
Dunbar-Southlands,2006,10,2006-10-01,42,3838
Dunbar-Southlands,2006,11,2006-11-01,34,2789
Dunbar-Southlands,2006,12,2006-12-01,38,3414
Dunbar-Southlands,2007,1,2007-01-01,59,5168
Dunbar-Southlands,2007,2,2007-02-01,43,3470
Dunbar-Southlands,2007,3,2007-03-01,39,3693
Dunbar-Southlands,2007,4,2007-04-01,48,3329
Dunbar-Southlands,2007,5,2007-05-01,38,2039
Dunbar-Southlands,2007,6,2007-06-01,29,2016
Dunbar-Southlands,2007,7,2007-07-01,30,1545
Dunbar-Southlands,2007,8,2007-08-01,43,2769
Dunbar-Southlands,2007,9,2007-09-01,58,4061
Dunbar-Southlands,2007,10,2007-10-01,51,2524
Dunbar-Southlands,2007,11,2007-11-01,38,2210
Dunbar-Southlands,2007,12,2007-12-01,21,1366
Dunbar-Southlands,2008,1,2008-01-01,31,2679
Dunbar-Southlands,2008,2,2008-02-01,29,1804
Dunbar-Southlands,2008,3,2008-03-01,42,2286
Dunbar-Southlands,2008,4,2008-04-01,46,2984
Dunbar-Southlands,2008,5,2008-05-01,31,2245
Dunbar-Southlands,2008,6,2008-06-01,51,3667
Dunbar-Southlands,2008,7,2008-07-01,44,2992
Dunbar-Southlands,2008,8,2008-08-01,26,1561
Dunbar-Southlands,2008,9,2008-09-01,20,1845
Dunbar-Southlands,2008,10,2008-10-01,49,2440
Dunbar-Southlands,2008,11,2008-11-01,30,1626
Dunbar-Southlands,2008,12,2008-12-01,16,1403
Dunbar-Southlands,2009,1,2009-01-01,26,1243
Dunbar-Southlands,2009,2,2009-02-01,43,2322
Dunbar-Southlands,2009,3,2009-03-01,17,885
Dunbar-Southlands,2009,4,2009-04-01,36,1655
Dunbar-Southlands,2009,5,2009-05-01,42,2739
Dunbar-Southlands,2009,6,2009-06-01,46,2380
Dunbar-Southlands,2009,7,2009-07-01,36,2014
Dunbar-Southlands,2009,8,2009-08-01,55,4315
Dunbar-Southlands,2009,9,2009-09-01,46,3168
Dunbar-Southlands,2009,10,2009-10-01,30,2037
Dunbar-Southlands,2009,11,2009-11-01,38,3564
Dunbar-Southlands,2009,12,2009-12-01,28,1992
Dunbar-Southlands,2010,1,2010-01-01,39,2608
Dunbar-Southlands,2010,2,2010-02-01,23,2016
Dunbar-Southlands,2010,3,2010-03-01,28,1799
Dunbar-Southlands,2010,4,2010-04-01,45,2145
Dunbar-Southlands,2010,5,2010-05-01,48,2272
Dunbar-Southlands,2010,6,2010-06-01,61,3206
Dunbar-Southlands,2010,7,2010-07-01,39,1992
Dunbar-Southlands,2010,8,2010-08-01,17,982
Dunbar-Southlands,2010,9,2010-09-01,32,1501
Dunbar-Southlands,2010,10,2010-10-01,41,3104
Dunbar-Southlands,2010,11,2010-11-01,43,1937
Dunbar-Southlands,2010,12,2010-12-01,40,2228
Dunbar-Southlands,2011,1,2011-01-01,46,2409
Dunbar-Southlands,2011,2,2011-02-01,19,1163
Dunbar-Southlands,2011,3,2011-03-01,37,2651
Dunbar-Southlands,2011,4,2011-04-01,46,2371
Dunbar-Southlands,2011,5,2011-05-01,40,2462
Dunbar-Southlands,2011,6,2011-06-01,39,2382
Dunbar-Southlands,2011,7,2011-07-01,45,2261
Dunbar-Southlands,2011,8,2011-08-01,57,2825
Dunbar-Southlands,2011,9,2011-09-01,54,2728
Dunbar-Southlands,2011,10,2011-10-01,48,2615
Dunbar-Southlands,2011,11,2011-11-01,61,3327
Dunbar-Southlands,2011,12,2011-12-01,49,2158
Dunbar-Southlands,2012,1,2012-01-01,32,1860
Dunbar-Southlands,2012,2,2012-02-01,50,3118
Dunbar-Southlands,2012,3,2012-03-01,70,4057
Dunbar-Southlands,2012,4,2012-04-01,60,2786
Dunbar-Southlands,2012,5,2012-05-01,46,2005
Dunbar-Southlands,2012,6,2012-06-01,59,3393
Dunbar-Southlands,2012,7,2012-07-01,34,1799
Dunbar-Southlands,2012,8,2012-08-01,60,3830
Dunbar-Southlands,2012,9,2012-09-01,46,2937
Dunbar-Southlands,2012,10,2012-10-01,54,3586
Dunbar-Southlands,2012,11,2012-11-01,39,2222
Dunbar-Southlands,2012,12,2012-12-01,49,3859
Dunbar-Southlands,2013,1,2013-01-01,50,2688
Dunbar-Southlands,2013,2,2013-02-01,28,1608
Dunbar-Southlands,2013,3,2013-03-01,28,1759
Dunbar-Southlands,2013,4,2013-04-01,39,2221
Dunbar-Southlands,2013,5,2013-05-01,34,2306
Dunbar-Southlands,2013,6,2013-06-01,31,1431
Dunbar-Southlands,2013,7,2013-07-01,44,2349
Dunbar-Southlands,2013,8,2013-08-01,28,2091
Dunbar-Southlands,2013,9,2013-09-01,38,1617
Dunbar-Southlands,2013,10,2013-10-01,41,2575
Dunbar-Southlands,2013,11,2013-11-01,46,3308
Dunbar-Southlands,2013,12,2013-12-01,31,1864
Dunbar-Southlands,2014,1,2014-01-01,25,1931
Dunbar-Southlands,2014,2,2014-02-01,36,2488
Dunbar-Southlands,2014,3,2014-03-01,35,2425
Dunbar-Southlands,2014,4,2014-04-01,49,2979
Dunbar-Southlands,2014,5,2014-05-01,40,2218
Dunbar-Southlands,2014,6,2014-06-01,50,3692
Dunbar-Southlands,2014,7,2014-07-01,67,4066
Dunbar-Southlands,2014,8,2014-08-01,50,2637
Dunbar-Southlands,2014,9,2014-09-01,36,2752
Dunbar-Southlands,2014,10,2014-10-01,48,3578
Dunbar-Southlands,2014,11,2014-11-01,37,2677
Dunbar-Southlands,2014,12,2014-12-01,43,2610
Dunbar-Southlands,2015,1,2015-01-01,48,2793
Dunbar-Southlands,2015,2,2015-02-01,34,2208
Dunbar-Southlands,2015,3,2015-03-01,33,3050
Dunbar-Southlands,2015,4,2015-04-01,50,2813
Dunbar-Southlands,2015,5,2015-05-01,45,2419
Dunbar-Southlands,2015,6,2015-06-01,42,2154
Dunbar-Southlands,2015,7,2015-07-01,63,4036
Dunbar-Southlands,2015,8,2015-08-01,51,3348
Dunbar-Southlands,2015,9,2015-09-01,39,2927
Dunbar-Southlands,2015,10,2015-10-01,53,3444
Dunbar-Southlands,2015,11,2015-11-01,75,6052
Dunbar-Southlands,2015,12,2015-12-01,64,4414
Dunbar-Southlands,2016,1,2016-01-01,40,2869
Dunbar-Southlands,2016,2,2016-02-01,45,2969
Dunbar-Southlands,2016,3,2016-03-01,33,2051
Dunbar-Southlands,2016,4,2016-04-01,37,1840
Dunbar-Southlands,2016,5,2016-05-01,46,2392
Dunbar-Southlands,2016,6,2016-06-01,38,2244
Dunbar-Southlands,2016,7,2016-07-01,42,2565
Dunbar-Southlands,2016,8,2016-08-01,28,1392
Dunbar-Southlands,2016,9,2016-09-01,37,1449
Dunbar-Southlands,2016,10,2016-10-01,29,1714
Dunbar-Southlands,2016,11,2016-11-01,37,2629
Dunbar-Southlands,2016,12,2016-12-01,27,1894
Dunbar-Southlands,2017,1,2017-01-01,41,2464
Dunbar-Southlands,2017,2,2017-02-01,27,1837
Dunbar-Southlands,2017,3,2017-03-01,37,2896
Dunbar-Southlands,2017,4,2017-04-01,46,3084
Dunbar-Southlands,2017,5,2017-05-01,35,1930
Dunbar-Southlands,2017,6,2017-06-01,41,1678
Dunbar-Southlands,2017,7,2017-07-01,44,2429
Dunbar-Southlands,2017,8,2017-08-01,45,2672
Dunbar-Southlands,2017,9,2017-09-01,32,2329
Dunbar-Southlands,2017,10,2017-10-01,56,2982
Dunbar-Southlands,2017,11,2017-11-01,51,2430
Dunbar-Southlands,2017,12,2017-12-01,40,2143
Dunbar-Southlands,2018,1,2018-01-01,43,2834
Dunbar-Southlands,2018,2,2018-02-01,40,1993
Dunbar-Southlands,2018,3,2018-03-01,39,1857
Dunbar-Southlands,2018,4,2018-04-01,43,2546
Dunbar-Southlands,2018,5,2018-05-01,31,1953
Dunbar-Southlands,2018,6,2018-06-01,52,3217
Dunbar-Southlands,2018,7,2018-07-01,45,2715
Dunbar-Southlands,2018,8,2018-08-01,49,2284
Dunbar-Southlands,2018,9,2018-09-01,35,2093
Dunbar-Southlands,2018,10,2018-10-01,33,1533
Dunbar-Southlands,2018,11,2018-11-01,43,2838
Dunbar-Southlands,2018,12,2018-12-01,42,2399
Dunbar-Southlands,2019,1,2019-01-01,27,1179
Dunbar-Southlands,2019,2,2019-02-01,28,1367
Dunbar-Southlands,2019,3,2019-03-01,36,1164
Dunbar-Southlands,2019,4,2019-04-01,28,1270
Dunbar-Southlands,2019,5,2019-05-01,27,1919
Dunbar-Southlands,2019,6,2019-06-01,29,1516
Dunbar-Southlands,2019,7,2019-07-01,45,2319
Dunbar-Southlands,2019,8,2019-08-01,59,3117
Dunbar-Southlands,2019,9,2019-09-01,45,2291
Dunbar-Southlands,2019,10,2019-10-01,44,2047
Dunbar-Southlands,2019,11,2019-11-01,43,2613
Dunbar-Southlands,2019,12,2019-12-01,51,3445
Dunbar-Southlands,2020,1,2020-01-01,51,3653
Dunbar-Southlands,2020,2,2020-02-01,34,1501
Dunbar-Southlands,2020,3,2020-03-01,37,1798
Dunbar-Southlands,2020,4,2020-04-01,55,2460
Dunbar-Southlands,2020,5,2020-05-01,34,2106
Dunbar-Southlands,2020,6,2020-06-01,48,2351
Dunbar-Southlands,2020,7,2020-07-01,55,2232
Dunbar-Southlands,2020,8,2020-08-01,50,2577
Dunbar-Southlands,2020,9,2020-09-01,40,2456
Dunbar-Southlands,2020,10,2020-10-01,41,2236
Dunbar-Southlands,2020,11,2020-11-01,28,1680
Dunbar-Southlands,2020,12,2020-12-01,28,1916
Dunbar-Southlands,2021,1,2021-01-01,48,1805
Dunbar-Southlands,2021,2,2021-02-01,28,1604
Dunbar-Southlands,2021,3,2021-03-01,21,1109
Dunbar-Southlands,2021,4,2021-04-01,14,1017
Dunbar-Southlands,2021,5,2021-05-01,25,1085
Dunbar-Southlands,2021,6,2021-06-01,24,1338
Dunbar-Southlands,2021,7,2021-07-01,32,1776
Dunbar-Southlands,2021,8,2021-08-01,29,1807
Dunbar-Southlands,2021,9,2021-09-01,25,1559
Dunbar-Southlands,2021,10,2021-10-01,35,1508
Dunbar-Southlands,2021,11,2021-11-01,20,966
Dunbar-Southlands,2021,12,2021-12-01,11,367
Dunbar-Southlands,2023,1,2023-01-01,28,1563
Dunbar-Southlands,2023,2,2023-02-01,28,1415
Dunbar-Southlands,2023,3,2023-03-01,30,1842
Dunbar-Southlands,2023,4,2023-04-01,29,1353
Dunbar-Southlands,2023,5,2023-05-01,27,1512
Dunbar-Southlands,2023,6,2023-06-01,43,2777
Dunbar-Southlands,2023,7,2023-07-01,30,1728
Dunbar-Southlands,2023,8,2023-08-01,45,2482
Dunbar-Southlands,2023,9,2023-09-01,22,1045
Dunbar-Southlands,2023,10,2023-10-01,35,1713
Dunbar-Southlands,2023,11,2023-11-01,31,1534
Dunbar-Southlands,2023,12,2023-12-01,12,579
Dunbar-Southlands,2024,1,2024-01-01,18,846
Dunbar-Southlands,2024,2,2024-02-01,23,1032
Dunbar-Southlands,2024,3,2024-03-01,31,1173
Dunbar-Southlands,2024,4,2024-04-01,27,1041
Dunbar-Southlands,2024,5,2024-05-01,20,704
Dunbar-Southlands,2024,6,2024-06-01,21,774
Dunbar-Southlands,2024,7,2024-07-01,15,462
Dunbar-Southlands,2024,8,2024-08-01,21,1473
Dunbar-Southlands,2024,9,2024-09-01,30,1225
Dunbar-Southlands,2024,10,2024-10-01,20,693
Dunbar-Southlands,2024,11,2024-11-01,22,788
Dunbar-Southlands,2024,12,2024-12-01,13,686
Dunbar-Southlands,2025,1,2025-01-01,14,422
Dunbar-Southlands,2025,2,2025-02-01,9,523
Dunbar-Southlands,2025,3,2025-03-01,29,1355
Dunbar-Southlands,2025,4,2025-04-01,17,812
Dunbar-Southlands,2025,5,2025-05-01,17,658
Dunbar-Southlands,2025,6,2025-06-01,31,1383
Dunbar-Southlands,2025,7,2025-07-01,17,781
Dunbar-Southlands,2025,8,2025-08-01,24,1042
Dunbar-Southlands,2025,9,2025-09-01,33,1693
Dunbar-Southlands,2025,10,2025-10-01,19,866
Dunbar-Southlands,2025,11,2025-11-01,25,1169
Dunbar-Southlands,2025,12,2025-12-01,15,461
Dunbar-Southlands,2026,1,2026-01-01,16,1076
Dunbar-Southlands,2026,2,2026-02-01,19,813
Dunbar-Southlands,2026,3,2026-03-01,21,939
Dunbar-Southlands,2026,4,2026-04-01,17,991
Dunbar-Southlands,2026,5,2026-05-01,35,1376
Dunbar-Southlands,2026,6,2026-06-01,21,774
Dunbar-Southlands,2026,7,2026-07-01,22,962
Dunbar-Southlands,2026,8,2026-08-01,28,1368
Dunbar-Southlands,2026,9,2026-09-01,12,333
Fairview,2003,1,2003-01-01,313,19448
Fairview,2003,2,2003-02-01,333,21434
Fairview,2003,3,2003-03-01,343,18940
Fairview,2003,4,2003-04-01,364,19515
Fairview,2003,5,2003-05-01,394,21385
Fairview,2003,6,2003-06-01,417,23613
Fairview,2003,7,2003-07-01,363,19263
Fairview,2003,8,2003-08-01,354,18087
Fairview,2003,9,2003-09-01,352,20829
Fairview,2003,10,2003-10-01,406,23350
Fairview,2003,11,2003-11-01,358,23401
Fairview,2003,12,2003-12-01,288,18828
Fairview,2004,1,2004-01-01,284,17951
Fairview,2004,2,2004-02-01,249,16100
Fairview,2004,3,2004-03-01,302,17417
Fairview,2004,4,2004-04-01,274,14732
Fairview,2004,5,2004-05-01,245,12788
Fairview,2004,6,2004-06-01,303,16530
Fairview,2004,7,2004-07-01,352,16964
Fairview,2004,8,2004-08-01,297,15208
Fairview,2004,9,2004-09-01,403,22590
Fairview,2004,10,2004-10-01,400,21600
Fairview,2004,11,2004-11-01,330,18579
Fairview,2004,12,2004-12-01,335,21239
Fairview,2005,1,2005-01-01,335,18900
Fairview,2005,2,2005-02-01,298,15641
Fairview,2005,3,2005-03-01,314,17345
Fairview,2005,4,2005-04-01,416,22128
Fairview,2005,5,2005-05-01,369,20933
Fairview,2005,6,2005-06-01,344,18013
Fairview,2005,7,2005-07-01,273,13649
Fairview,2005,8,2005-08-01,335,20050
Fairview,2005,9,2005-09-01,309,18028
Fairview,2005,10,2005-10-01,309,18708
Fairview,2005,11,2005-11-01,252,13807
Fairview,2005,12,2005-12-01,263,12978
Fairview,2006,1,2006-01-01,314,15441
Fairview,2006,2,2006-02-01,294,14454
Fairview,2006,3,2006-03-01,329,14222
Fairview,2006,4,2006-04-01,227,12558
Fairview,2006,5,2006-05-01,237,14535
Fairview,2006,6,2006-06-01,271,16085
Fairview,2006,7,2006-07-01,268,14399
Fairview,2006,8,2006-08-01,229,12022
Fairview,2006,9,2006-09-01,238,11476
Fairview,2006,10,2006-10-01,269,15903
Fairview,2006,11,2006-11-01,258,14289
Fairview,2006,12,2006-12-01,288,15756
Fairview,2007,1,2007-01-01,334,17993
Fairview,2007,2,2007-02-01,234,12802
Fairview,2007,3,2007-03-01,190,10048
Fairview,2007,4,2007-04-01,214,11066
Fairview,2007,5,2007-05-01,213,10429
Fairview,2007,6,2007-06-01,240,14891
Fairview,2007,7,2007-07-01,256,14003
Fairview,2007,8,2007-08-01,278,15453
Fairview,2007,9,2007-09-01,293,16649
Fairview,2007,10,2007-10-01,276,17667
Fairview,2007,11,2007-11-01,206,14523
Fairview,2007,12,2007-12-01,231,13816
Fairview,2008,1,2008-01-01,223,14145
Fairview,2008,2,2008-02-01,247,16386
Fairview,2008,3,2008-03-01,269,14193
Fairview,2008,4,2008-04-01,207,11814
Fairview,2008,5,2008-05-01,191,11239
Fairview,2008,6,2008-06-01,200,10571
Fairview,2008,7,2008-07-01,195,11281
Fairview,2008,8,2008-08-01,198,9904
Fairview,2008,9,2008-09-01,211,10860
Fairview,2008,10,2008-10-01,214,12633
Fairview,2008,11,2008-11-01,196,9193
Fairview,2008,12,2008-12-01,208,12122
Fairview,2009,1,2009-01-01,214,14177
Fairview,2009,2,2009-02-01,254,17023
Fairview,2009,3,2009-03-01,210,11538
Fairview,2009,4,2009-04-01,195,9787
Fairview,2009,5,2009-05-01,199,10354
Fairview,2009,6,2009-06-01,209,8720
Fairview,2009,7,2009-07-01,193,7756
Fairview,2009,8,2009-08-01,259,11927
Fairview,2009,9,2009-09-01,218,9706
Fairview,2009,10,2009-10-01,205,10249
Fairview,2009,11,2009-11-01,224,10402
Fairview,2009,12,2009-12-01,154,8390
Fairview,2010,1,2010-01-01,133,5417
Fairview,2010,2,2010-02-01,194,8743
Fairview,2010,3,2010-03-01,172,8828
Fairview,2010,4,2010-04-01,200,9484
Fairview,2010,5,2010-05-01,222,11015
Fairview,2010,6,2010-06-01,164,8006
Fairview,2010,7,2010-07-01,199,9091
Fairview,2010,8,2010-08-01,210,10473
Fairview,2010,9,2010-09-01,159,7890
Fairview,2010,10,2010-10-01,175,8761
Fairview,2010,11,2010-11-01,169,5827
Fairview,2010,12,2010-12-01,155,8839
Fairview,2011,1,2011-01-01,163,7983
Fairview,2011,2,2011-02-01,170,7808
Fairview,2011,3,2011-03-01,169,8662
Fairview,2011,4,2011-04-01,141,7478
Fairview,2011,5,2011-05-01,174,7420
Fairview,2011,6,2011-06-01,163,6921
Fairview,2011,7,2011-07-01,205,9392
Fairview,2011,8,2011-08-01,182,8623
Fairview,2011,9,2011-09-01,155,8649
Fairview,2011,10,2011-10-01,148,7033
Fairview,2011,11,2011-11-01,105,4498
Fairview,2011,12,2011-12-01,135,6647
Fairview,2012,1,2012-01-01,190,8933
Fairview,2012,2,2012-02-01,140,6104
Fairview,2012,3,2012-03-01,182,8570
Fairview,2012,4,2012-04-01,184,9141
Fairview,2012,5,2012-05-01,168,8180
Fairview,2012,6,2012-06-01,167,9051
Fairview,2012,7,2012-07-01,181,10927
Fairview,2012,8,2012-08-01,204,11440
Fairview,2012,9,2012-09-01,193,10523
Fairview,2012,10,2012-10-01,175,9927
Fairview,2012,11,2012-11-01,251,13237
Fairview,2012,12,2012-12-01,182,10696
Fairview,2013,1,2013-01-01,167,10916
Fairview,2013,2,2013-02-01,124,6798
Fairview,2013,3,2013-03-01,139,7271
Fairview,2013,4,2013-04-01,151,8704
Fairview,2013,5,2013-05-01,168,7175
Fairview,2013,6,2013-06-01,184,7388
Fairview,2013,7,2013-07-01,180,8355
Fairview,2013,8,2013-08-01,199,9163
Fairview,2013,9,2013-09-01,162,6814
Fairview,2013,10,2013-10-01,179,8472
Fairview,2013,11,2013-11-01,168,9940
Fairview,2013,12,2013-12-01,200,10035
Fairview,2014,1,2014-01-01,176,9317
Fairview,2014,2,2014-02-01,165,9363
Fairview,2014,3,2014-03-01,163,8696
Fairview,2014,4,2014-04-01,199,9877
Fairview,2014,5,2014-05-01,265,13418
Fairview,2014,6,2014-06-01,218,9725
Fairview,2014,7,2014-07-01,247,10338
Fairview,2014,8,2014-08-01,259,11287
Fairview,2014,9,2014-09-01,265,10958
Fairview,2014,10,2014-10-01,204,10189
Fairview,2014,11,2014-11-01,183,8057
Fairview,2014,12,2014-12-01,160,7511
Fairview,2015,1,2015-01-01,186,8701
Fairview,2015,2,2015-02-01,175,9299
Fairview,2015,3,2015-03-01,185,9765
Fairview,2015,4,2015-04-01,176,9425
Fairview,2015,5,2015-05-01,217,9279
Fairview,2015,6,2015-06-01,219,12882
Fairview,2015,7,2015-07-01,221,9947
Fairview,2015,8,2015-08-01,228,9595
Fairview,2015,9,2015-09-01,199,9342
Fairview,2015,10,2015-10-01,189,11042
Fairview,2015,11,2015-11-01,169,8625
Fairview,2015,12,2015-12-01,204,11318
Fairview,2016,1,2016-01-01,210,10231
Fairview,2016,2,2016-02-01,206,11353
Fairview,2016,3,2016-03-01,205,10157
Fairview,2016,4,2016-04-01,199,7680
Fairview,2016,5,2016-05-01,251,11004
Fairview,2016,6,2016-06-01,183,8485
Fairview,2016,7,2016-07-01,206,9425
Fairview,2016,8,2016-08-01,174,7466
Fairview,2016,9,2016-09-01,190,9385
Fairview,2016,10,2016-10-01,146,7467
Fairview,2016,11,2016-11-01,169,8859
Fairview,2016,12,2016-12-01,179,9315
Fairview,2017,1,2017-01-01,130,6077
Fairview,2017,2,2017-02-01,156,8443
Fairview,2017,3,2017-03-01,159,8803
Fairview,2017,4,2017-04-01,176,8373
Fairview,2017,5,2017-05-01,159,7949
Fairview,2017,6,2017-06-01,188,8544
Fairview,2017,7,2017-07-01,174,6927
Fairview,2017,8,2017-08-01,209,8900
Fairview,2017,9,2017-09-01,195,8602
Fairview,2017,10,2017-10-01,192,8897
Fairview,2017,11,2017-11-01,184,8593
Fairview,2017,12,2017-12-01,175,9161
Fairview,2018,1,2018-01-01,197,8320
Fairview,2018,2,2018-02-01,178,7099
Fairview,2018,3,2018-03-01,197,8191
Fairview,2018,4,2018-04-01,172,7701
Fairview,2018,5,2018-05-01,178,7383
Fairview,2018,6,2018-06-01,197,9386
Fairview,2018,7,2018-07-01,201,7477
Fairview,2018,8,2018-08-01,192,7805
Fairview,2018,9,2018-09-01,167,6776
Fairview,2018,10,2018-10-01,179,7364
Fairview,2018,11,2018-11-01,163,6808
Fairview,2018,12,2018-12-01,136,6110
Fairview,2019,1,2019-01-01,199,7872
Fairview,2019,2,2019-02-01,145,6426
Fairview,2019,3,2019-03-01,231,10566
Fairview,2019,4,2019-04-01,231,9736
Fairview,2019,5,2019-05-01,215,8565
Fairview,2019,6,2019-06-01,205,9114
Fairview,2019,7,2019-07-01,202,8680
Fairview,2019,8,2019-08-01,260,9833
Fairview,2019,9,2019-09-01,239,11747
Fairview,2019,10,2019-10-01,254,12276
Fairview,2019,11,2019-11-01,224,11107
Fairview,2019,12,2019-12-01,215,10194
Fairview,2020,1,2020-01-01,187,8861
Fairview,2020,2,2020-02-01,190,7921
Fairview,2020,3,2020-03-01,231,12044
Fairview,2020,4,2020-04-01,192,11453
Fairview,2020,5,2020-05-01,130,7201
Fairview,2020,6,2020-06-01,133,6376
Fairview,2020,7,2020-07-01,174,10014
Fairview,2020,8,2020-08-01,180,9079
Fairview,2020,9,2020-09-01,163,7561
Fairview,2020,10,2020-10-01,188,8590
Fairview,2020,11,2020-11-01,182,9296
Fairview,2020,12,2020-12-01,142,6977
Fairview,2021,1,2021-01-01,149,9054
Fairview,2021,2,2021-02-01,117,6243
Fairview,2021,3,2021-03-01,130,6275
Fairview,2021,4,2021-04-01,114,5104
Fairview,2021,5,2021-05-01,152,7365
Fairview,2021,6,2021-06-01,141,7058
Fairview,2021,7,2021-07-01,153,6600
Fairview,2021,8,2021-08-01,143,6281
Fairview,2021,9,2021-09-01,114,4926
Fairview,2021,10,2021-10-01,99,4020
Fairview,2021,11,2021-11-01,104,4098
Fairview,2021,12,2021-12-01,125,6107
Fairview,2023,1,2023-01-01,119,5020
Fairview,2023,2,2023-02-01,127,5921
Fairview,2023,3,2023-03-01,178,9152
Fairview,2023,4,2023-04-01,153,6658
Fairview,2023,5,2023-05-01,171,7444
Fairview,2023,6,2023-06-01,169,6899
Fairview,2023,7,2023-07-01,180,8123
Fairview,2023,8,2023-08-01,164,6629
Fairview,2023,9,2023-09-01,135,6857
Fairview,2023,10,2023-10-01,134,6149
Fairview,2023,11,2023-11-01,119,4767
Fairview,2023,12,2023-12-01,120,4944
Fairview,2024,1,2024-01-01,104,4177
Fairview,2024,2,2024-02-01,129,5881
Fairview,2024,3,2024-03-01,135,6205
Fairview,2024,4,2024-04-01,117,4782
Fairview,2024,5,2024-05-01,148,5701
Fairview,2024,6,2024-06-01,114,4266
Fairview,2024,7,2024-07-01,143,5355
Fairview,2024,8,2024-08-01,141,5715
Fairview,2024,9,2024-09-01,125,4414
Fairview,2024,10,2024-10-01,119,4862
Fairview,2024,11,2024-11-01,93,4316
Fairview,2024,12,2024-12-01,136,6029
Fairview,2025,1,2025-01-01,127,5190
Fairview,2025,2,2025-02-01,100,4196
Fairview,2025,3,2025-03-01,131,5990
Fairview,2025,4,2025-04-01,110,4440
Fairview,2025,5,2025-05-01,120,4895
Fairview,2025,6,2025-06-01,130,5384
Fairview,2025,7,2025-07-01,148,5668
Fairview,2025,8,2025-08-01,142,6387
Fairview,2025,9,2025-09-01,145,6371
Fairview,2025,10,2025-10-01,118,5407
Fairview,2025,11,2025-11-01,110,4123
Fairview,2025,12,2025-12-01,117,4121
Fairview,2026,1,2026-01-01,99,4242
Fairview,2026,2,2026-02-01,102,4153
Fairview,2026,3,2026-03-01,112,4489
Fairview,2026,4,2026-04-01,129,5285
Fairview,2026,5,2026-05-01,154,6889
Fairview,2026,6,2026-06-01,117,3922
Fairview,2026,7,2026-07-01,128,5265
Fairview,2026,8,2026-08-01,145,5485
Fairview,2026,9,2026-09-01,74,2591
Grandview-Woodland,2003,1,2003-01-01,334,19686
Grandview-Woodland,2003,2,2003-02-01,324,19415
Grandview-Woodland,2003,3,2003-03-01,345,24450
Grandview-Woodland,2003,4,2003-04-01,333,23398
Grandview-Woodland,2003,5,2003-05-01,368,23152
Grandview-Woodland,2003,6,2003-06-01,319,18697
Grandview-Woodland,2003,7,2003-07-01,293,17430
Grandview-Woodland,2003,8,2003-08-01,282,15638
Grandview-Woodland,2003,9,2003-09-01,346,20954
Grandview-Woodland,2003,10,2003-10-01,390,27680
Grandview-Woodland,2003,11,2003-11-01,321,22628
Grandview-Woodland,2003,12,2003-12-01,299,21038
Grandview-Woodland,2004,1,2004-01-01,290,16765
Grandview-Woodland,2004,2,2004-02-01,301,17575
Grandview-Woodland,2004,3,2004-03-01,307,17998
Grandview-Woodland,2004,4,2004-04-01,282,17334
Grandview-Woodland,2004,5,2004-05-01,286,18522
Grandview-Woodland,2004,6,2004-06-01,251,13461
Grandview-Woodland,2004,7,2004-07-01,242,14050
Grandview-Woodland,2004,8,2004-08-01,332,20744
Grandview-Woodland,2004,9,2004-09-01,320,20334
Grandview-Woodland,2004,10,2004-10-01,283,18008
Grandview-Woodland,2004,11,2004-11-01,303,20953
Grandview-Woodland,2004,12,2004-12-01,277,15779
Grandview-Woodland,2005,1,2005-01-01,257,14872
Grandview-Woodland,2005,2,2005-02-01,256,14986
Grandview-Woodland,2005,3,2005-03-01,229,12527
Grandview-Woodland,2005,4,2005-04-01,237,13791
Grandview-Woodland,2005,5,2005-05-01,233,11608
Grandview-Woodland,2005,6,2005-06-01,237,14356
Grandview-Woodland,2005,7,2005-07-01,289,17349
Grandview-Woodland,2005,8,2005-08-01,270,15696
Grandview-Woodland,2005,9,2005-09-01,269,16105
Grandview-Woodland,2005,10,2005-10-01,280,16377
Grandview-Woodland,2005,11,2005-11-01,246,15082
Grandview-Woodland,2005,12,2005-12-01,288,16731
Grandview-Woodland,2006,1,2006-01-01,207,13256
Grandview-Woodland,2006,2,2006-02-01,200,11853
Grandview-Woodland,2006,3,2006-03-01,248,14970
Grandview-Woodland,2006,4,2006-04-01,239,14101
Grandview-Woodland,2006,5,2006-05-01,197,10959
Grandview-Woodland,2006,6,2006-06-01,209,12344
Grandview-Woodland,2006,7,2006-07-01,225,13232
Grandview-Woodland,2006,8,2006-08-01,260,15146
Grandview-Woodland,2006,9,2006-09-01,262,17054
Grandview-Woodland,2006,10,2006-10-01,240,14398
Grandview-Woodland,2006,11,2006-11-01,243,17282
Grandview-Woodland,2006,12,2006-12-01,240,17888
Grandview-Woodland,2007,1,2007-01-01,284,19144
Grandview-Woodland,2007,2,2007-02-01,175,10282
Grandview-Woodland,2007,3,2007-03-01,229,13519
Grandview-Woodland,2007,4,2007-04-01,264,16476
Grandview-Woodland,2007,5,2007-05-01,199,12098
Grandview-Woodland,2007,6,2007-06-01,213,12628
Grandview-Woodland,2007,7,2007-07-01,231,13866
Grandview-Woodland,2007,8,2007-08-01,302,18803
Grandview-Woodland,2007,9,2007-09-01,227,13314
Grandview-Woodland,2007,10,2007-10-01,211,13632
Grandview-Woodland,2007,11,2007-11-01,241,15043
Grandview-Woodland,2007,12,2007-12-01,213,12094
Grandview-Woodland,2008,1,2008-01-01,172,9939
Grandview-Woodland,2008,2,2008-02-01,195,13667
Grandview-Woodland,2008,3,2008-03-01,200,10214
Grandview-Woodland,2008,4,2008-04-01,171,8952
Grandview-Woodland,2008,5,2008-05-01,189,11226
Grandview-Woodland,2008,6,2008-06-01,195,11945
Grandview-Woodland,2008,7,2008-07-01,182,10029
Grandview-Woodland,2008,8,2008-08-01,249,16512
Grandview-Woodland,2008,9,2008-09-01,238,13712
Grandview-Woodland,2008,10,2008-10-01,228,13411
Grandview-Woodland,2008,11,2008-11-01,182,10915
Grandview-Woodland,2008,12,2008-12-01,145,9135
Grandview-Woodland,2009,1,2009-01-01,150,8610
Grandview-Woodland,2009,2,2009-02-01,126,5486
Grandview-Woodland,2009,3,2009-03-01,181,9953
Grandview-Woodland,2009,4,2009-04-01,177,11038
Grandview-Woodland,2009,5,2009-05-01,175,9053
Grandview-Woodland,2009,6,2009-06-01,129,6979
Grandview-Woodland,2009,7,2009-07-01,178,8986
Grandview-Woodland,2009,8,2009-08-01,140,8824
Grandview-Woodland,2009,9,2009-09-01,187,14450
Grandview-Woodland,2009,10,2009-10-01,257,16379
Grandview-Woodland,2009,11,2009-11-01,165,7999
Grandview-Woodland,2009,12,2009-12-01,150,8169
Grandview-Woodland,2010,1,2010-01-01,136,7787
Grandview-Woodland,2010,2,2010-02-01,141,8406
Grandview-Woodland,2010,3,2010-03-01,139,9056
Grandview-Woodland,2010,4,2010-04-01,146,8815
Grandview-Woodland,2010,5,2010-05-01,156,8700
Grandview-Woodland,2010,6,2010-06-01,149,9221
Grandview-Woodland,2010,7,2010-07-01,149,8904
Grandview-Woodland,2010,8,2010-08-01,190,11195
Grandview-Woodland,2010,9,2010-09-01,171,8610
Grandview-Woodland,2010,10,2010-10-01,188,9879
Grandview-Woodland,2010,11,2010-11-01,161,9374
Grandview-Woodland,2010,12,2010-12-01,186,10695
Grandview-Woodland,2011,1,2011-01-01,190,11209
Grandview-Woodland,2011,2,2011-02-01,145,7563
Grandview-Woodland,2011,3,2011-03-01,161,8823
Grandview-Woodland,2011,4,2011-04-01,149,8645
Grandview-Woodland,2011,5,2011-05-01,151,8095
Grandview-Woodland,2011,6,2011-06-01,148,8105
Grandview-Woodland,2011,7,2011-07-01,163,9311
Grandview-Woodland,2011,8,2011-08-01,146,8584
Grandview-Woodland,2011,9,2011-09-01,141,7962
Grandview-Woodland,2011,10,2011-10-01,183,9485
Grandview-Woodland,2011,11,2011-11-01,138,7658
Grandview-Woodland,2011,12,2011-12-01,140,8175
Grandview-Woodland,2012,1,2012-01-01,146,7586
Grandview-Woodland,2012,2,2012-02-01,132,6680
Grandview-Woodland,2012,3,2012-03-01,149,7952
Grandview-Woodland,2012,4,2012-04-01,180,10146
Grandview-Woodland,2012,5,2012-05-01,147,7766
Grandview-Woodland,2012,6,2012-06-01,175,8643
Grandview-Woodland,2012,7,2012-07-01,160,7340
Grandview-Woodland,2012,8,2012-08-01,180,11265
Grandview-Woodland,2012,9,2012-09-01,145,7475
Grandview-Woodland,2012,10,2012-10-01,168,8667
Grandview-Woodland,2012,11,2012-11-01,178,9248
Grandview-Woodland,2012,12,2012-12-01,120,7432
Grandview-Woodland,2013,1,2013-01-01,156,7532
Grandview-Woodland,2013,2,2013-02-01,148,8928
Grandview-Woodland,2013,3,2013-03-01,178,8996
Grandview-Woodland,2013,4,2013-04-01,189,11157
Grandview-Woodland,2013,5,2013-05-01,189,8958
Grandview-Woodland,2013,6,2013-06-01,192,10707
Grandview-Woodland,2013,7,2013-07-01,203,13272
Grandview-Woodland,2013,8,2013-08-01,193,11818
Grandview-Woodland,2013,9,2013-09-01,164,8783
Grandview-Woodland,2013,10,2013-10-01,190,10289
Grandview-Woodland,2013,11,2013-11-01,152,8219
Grandview-Woodland,2013,12,2013-12-01,159,8357
Grandview-Woodland,2014,1,2014-01-01,127,6764
Grandview-Woodland,2014,2,2014-02-01,140,7355
Grandview-Woodland,2014,3,2014-03-01,166,8488
Grandview-Woodland,2014,4,2014-04-01,167,8738
Grandview-Woodland,2014,5,2014-05-01,186,8933
Grandview-Woodland,2014,6,2014-06-01,176,8518
Grandview-Woodland,2014,7,2014-07-01,173,7241
Grandview-Woodland,2014,8,2014-08-01,191,8288
Grandview-Woodland,2014,9,2014-09-01,147,7747
Grandview-Woodland,2014,10,2014-10-01,208,10000
Grandview-Woodland,2014,11,2014-11-01,164,8470
Grandview-Woodland,2014,12,2014-12-01,183,9520
Grandview-Woodland,2015,1,2015-01-01,183,11099
Grandview-Woodland,2015,2,2015-02-01,152,7240
Grandview-Woodland,2015,3,2015-03-01,166,9301
Grandview-Woodland,2015,4,2015-04-01,160,7115
Grandview-Woodland,2015,5,2015-05-01,171,8963
Grandview-Woodland,2015,6,2015-06-01,169,8419
Grandview-Woodland,2015,7,2015-07-01,175,10034
Grandview-Woodland,2015,8,2015-08-01,144,7014
Grandview-Woodland,2015,9,2015-09-01,165,8612
Grandview-Woodland,2015,10,2015-10-01,200,11235
Grandview-Woodland,2015,11,2015-11-01,198,9360
Grandview-Woodland,2015,12,2015-12-01,197,12392
Grandview-Woodland,2016,1,2016-01-01,166,8814
Grandview-Woodland,2016,2,2016-02-01,172,9911
Grandview-Woodland,2016,3,2016-03-01,208,10951
Grandview-Woodland,2016,4,2016-04-01,177,8833
Grandview-Woodland,2016,5,2016-05-01,215,10341
Grandview-Woodland,2016,6,2016-06-01,232,10701
Grandview-Woodland,2016,7,2016-07-01,217,10330
Grandview-Woodland,2016,8,2016-08-01,219,10731
Grandview-Woodland,2016,9,2016-09-01,215,9560
Grandview-Woodland,2016,10,2016-10-01,200,8684
Grandview-Woodland,2016,11,2016-11-01,166,8434
Grandview-Woodland,2016,12,2016-12-01,145,7608
Grandview-Woodland,2017,1,2017-01-01,144,7287
Grandview-Woodland,2017,2,2017-02-01,143,7704
Grandview-Woodland,2017,3,2017-03-01,193,9600
Grandview-Woodland,2017,4,2017-04-01,185,8186
Grandview-Woodland,2017,5,2017-05-01,179,8345
Grandview-Woodland,2017,6,2017-06-01,172,8986
Grandview-Woodland,2017,7,2017-07-01,180,8245
Grandview-Woodland,2017,8,2017-08-01,182,8313
Grandview-Woodland,2017,9,2017-09-01,227,11427
Grandview-Woodland,2017,10,2017-10-01,241,12024
Grandview-Woodland,2017,11,2017-11-01,248,12784
Grandview-Woodland,2017,12,2017-12-01,226,11488
Grandview-Woodland,2018,1,2018-01-01,213,11064
Grandview-Woodland,2018,2,2018-02-01,145,8256
Grandview-Woodland,2018,3,2018-03-01,248,13184
Grandview-Woodland,2018,4,2018-04-01,182,10495
Grandview-Woodland,2018,5,2018-05-01,188,8718
Grandview-Woodland,2018,6,2018-06-01,164,8036
Grandview-Woodland,2018,7,2018-07-01,172,7920
Grandview-Woodland,2018,8,2018-08-01,148,6897
Grandview-Woodland,2018,9,2018-09-01,202,10401
Grandview-Woodland,2018,10,2018-10-01,170,8026
Grandview-Woodland,2018,11,2018-11-01,173,7849
Grandview-Woodland,2018,12,2018-12-01,149,7761
Grandview-Woodland,2019,1,2019-01-01,210,10203
Grandview-Woodland,2019,2,2019-02-01,134,6639
Grandview-Woodland,2019,3,2019-03-01,168,8156
Grandview-Woodland,2019,4,2019-04-01,170,6815
Grandview-Woodland,2019,5,2019-05-01,178,7964
Grandview-Woodland,2019,6,2019-06-01,206,9764
Grandview-Woodland,2019,7,2019-07-01,190,8781
Grandview-Woodland,2019,8,2019-08-01,226,10551
Grandview-Woodland,2019,9,2019-09-01,210,10140
Grandview-Woodland,2019,10,2019-10-01,222,11895
Grandview-Woodland,2019,11,2019-11-01,175,9209
Grandview-Woodland,2019,12,2019-12-01,184,9217
Grandview-Woodland,2020,1,2020-01-01,168,8652
Grandview-Woodland,2020,2,2020-02-01,191,8947
Grandview-Woodland,2020,3,2020-03-01,176,9524
Grandview-Woodland,2020,4,2020-04-01,186,9558
Grandview-Woodland,2020,5,2020-05-01,134,7346
Grandview-Woodland,2020,6,2020-06-01,118,6786
Grandview-Woodland,2020,7,2020-07-01,153,7860
Grandview-Woodland,2020,8,2020-08-01,151,6713
Grandview-Woodland,2020,9,2020-09-01,157,7631
Grandview-Woodland,2020,10,2020-10-01,157,7434
Grandview-Woodland,2020,11,2020-11-01,160,6563
Grandview-Woodland,2020,12,2020-12-01,141,7150
Grandview-Woodland,2021,1,2021-01-01,143,7555
Grandview-Woodland,2021,2,2021-02-01,110,5376
Grandview-Woodland,2021,3,2021-03-01,115,5987
Grandview-Woodland,2021,4,2021-04-01,138,7767
Grandview-Woodland,2021,5,2021-05-01,111,5586
Grandview-Woodland,2021,6,2021-06-01,113,5692
Grandview-Woodland,2021,7,2021-07-01,140,7285
Grandview-Woodland,2021,8,2021-08-01,129,5785
Grandview-Woodland,2021,9,2021-09-01,160,7564
Grandview-Woodland,2021,10,2021-10-01,132,6612
Grandview-Woodland,2021,11,2021-11-01,134,6871
Grandview-Woodland,2021,12,2021-12-01,111,4854
Grandview-Woodland,2023,1,2023-01-01,146,7543
Grandview-Woodland,2023,2,2023-02-01,127,7177
Grandview-Woodland,2023,3,2023-03-01,149,7487
Grandview-Woodland,2023,4,2023-04-01,151,7469
Grandview-Woodland,2023,5,2023-05-01,111,5015
Grandview-Woodland,2023,6,2023-06-01,147,6299
Grandview-Woodland,2023,7,2023-07-01,151,6770
Grandview-Woodland,2023,8,2023-08-01,153,7256
Grandview-Woodland,2023,9,2023-09-01,136,6787
Grandview-Woodland,2023,10,2023-10-01,128,5721
Grandview-Woodland,2023,11,2023-11-01,102,4638
Grandview-Woodland,2023,12,2023-12-01,140,6850
Grandview-Woodland,2024,1,2024-01-01,133,6300
Grandview-Woodland,2024,2,2024-02-01,110,4832
Grandview-Woodland,2024,3,2024-03-01,116,5626
Grandview-Woodland,2024,4,2024-04-01,120,5539
Grandview-Woodland,2024,5,2024-05-01,111,5366
Grandview-Woodland,2024,6,2024-06-01,116,4952
Grandview-Woodland,2024,7,2024-07-01,124,5362
Grandview-Woodland,2024,8,2024-08-01,138,6105
Grandview-Woodland,2024,9,2024-09-01,126,6185
Grandview-Woodland,2024,10,2024-10-01,115,5033
Grandview-Woodland,2024,11,2024-11-01,89,3643
Grandview-Woodland,2024,12,2024-12-01,98,4977
Grandview-Woodland,2025,1,2025-01-01,137,6430
Grandview-Woodland,2025,2,2025-02-01,81,3737
Grandview-Woodland,2025,3,2025-03-01,103,4362
Grandview-Woodland,2025,4,2025-04-01,129,6149
Grandview-Woodland,2025,5,2025-05-01,140,6217
Grandview-Woodland,2025,6,2025-06-01,135,6173
Grandview-Woodland,2025,7,2025-07-01,125,5469
Grandview-Woodland,2025,8,2025-08-01,156,6498
Grandview-Woodland,2025,9,2025-09-01,131,5493
Grandview-Woodland,2025,10,2025-10-01,116,5081
Grandview-Woodland,2025,11,2025-11-01,113,4311
Grandview-Woodland,2025,12,2025-12-01,107,4947
Grandview-Woodland,2026,1,2026-01-01,124,4853
Grandview-Woodland,2026,2,2026-02-01,152,5347
Grandview-Woodland,2026,3,2026-03-01,91,3903
Grandview-Woodland,2026,4,2026-04-01,92,4511
Grandview-Woodland,2026,5,2026-05-01,99,3735
Grandview-Woodland,2026,6,2026-06-01,122,5510
Grandview-Woodland,2026,7,2026-07-01,140,5368
Grandview-Woodland,2026,8,2026-08-01,114,5032
Grandview-Woodland,2026,9,2026-09-01,76,3304
Hastings-Sunrise,2003,1,2003-01-01,171,11785
Hastings-Sunrise,2003,2,2003-02-01,161,11125
Hastings-Sunrise,2003,3,2003-03-01,184,12580
Hastings-Sunrise,2003,4,2003-04-01,196,13851
Hastings-Sunrise,2003,5,2003-05-01,175,12755
Hastings-Sunrise,2003,6,2003-06-01,190,11071
Hastings-Sunrise,2003,7,2003-07-01,147,8993
Hastings-Sunrise,2003,8,2003-08-01,180,11229
Hastings-Sunrise,2003,9,2003-09-01,177,10802
Hastings-Sunrise,2003,10,2003-10-01,173,12093
Hastings-Sunrise,2003,11,2003-11-01,215,14149
Hastings-Sunrise,2003,12,2003-12-01,165,10090
Hastings-Sunrise,2004,1,2004-01-01,182,11137
Hastings-Sunrise,2004,2,2004-02-01,132,8809
Hastings-Sunrise,2004,3,2004-03-01,178,10614
Hastings-Sunrise,2004,4,2004-04-01,147,9986
Hastings-Sunrise,2004,5,2004-05-01,167,12030
Hastings-Sunrise,2004,6,2004-06-01,197,11116
Hastings-Sunrise,2004,7,2004-07-01,198,12497
Hastings-Sunrise,2004,8,2004-08-01,230,13603
Hastings-Sunrise,2004,9,2004-09-01,189,11253
Hastings-Sunrise,2004,10,2004-10-01,192,10521
Hastings-Sunrise,2004,11,2004-11-01,183,11205
Hastings-Sunrise,2004,12,2004-12-01,177,10604
Hastings-Sunrise,2005,1,2005-01-01,143,7971
Hastings-Sunrise,2005,2,2005-02-01,135,8534
Hastings-Sunrise,2005,3,2005-03-01,150,7664
Hastings-Sunrise,2005,4,2005-04-01,135,7087
Hastings-Sunrise,2005,5,2005-05-01,158,9103
Hastings-Sunrise,2005,6,2005-06-01,142,8822
Hastings-Sunrise,2005,7,2005-07-01,154,9516
Hastings-Sunrise,2005,8,2005-08-01,184,9206
Hastings-Sunrise,2005,9,2005-09-01,120,6514
Hastings-Sunrise,2005,10,2005-10-01,131,8213
Hastings-Sunrise,2005,11,2005-11-01,162,9249
Hastings-Sunrise,2005,12,2005-12-01,152,8449
Hastings-Sunrise,2006,1,2006-01-01,145,8408
Hastings-Sunrise,2006,2,2006-02-01,150,9610
Hastings-Sunrise,2006,3,2006-03-01,104,6468
Hastings-Sunrise,2006,4,2006-04-01,148,9550
Hastings-Sunrise,2006,5,2006-05-01,140,10626
Hastings-Sunrise,2006,6,2006-06-01,166,10404
Hastings-Sunrise,2006,7,2006-07-01,125,7091
Hastings-Sunrise,2006,8,2006-08-01,192,10141
Hastings-Sunrise,2006,9,2006-09-01,168,8798
Hastings-Sunrise,2006,10,2006-10-01,163,10996
Hastings-Sunrise,2006,11,2006-11-01,132,8675
Hastings-Sunrise,2006,12,2006-12-01,147,11246
Hastings-Sunrise,2007,1,2007-01-01,129,9701
Hastings-Sunrise,2007,2,2007-02-01,117,8415
Hastings-Sunrise,2007,3,2007-03-01,123,7231
Hastings-Sunrise,2007,4,2007-04-01,115,6743
Hastings-Sunrise,2007,5,2007-05-01,116,6797
Hastings-Sunrise,2007,6,2007-06-01,108,6585
Hastings-Sunrise,2007,7,2007-07-01,131,7633
Hastings-Sunrise,2007,8,2007-08-01,154,8892
Hastings-Sunrise,2007,9,2007-09-01,123,7209
Hastings-Sunrise,2007,10,2007-10-01,151,8715
Hastings-Sunrise,2007,11,2007-11-01,128,7607
Hastings-Sunrise,2007,12,2007-12-01,97,6075
Hastings-Sunrise,2008,1,2008-01-01,83,5225
Hastings-Sunrise,2008,2,2008-02-01,88,5865
Hastings-Sunrise,2008,3,2008-03-01,82,4105
Hastings-Sunrise,2008,4,2008-04-01,131,6349
Hastings-Sunrise,2008,5,2008-05-01,146,8528
Hastings-Sunrise,2008,6,2008-06-01,105,6604
Hastings-Sunrise,2008,7,2008-07-01,128,6024
Hastings-Sunrise,2008,8,2008-08-01,148,8515
Hastings-Sunrise,2008,9,2008-09-01,153,9754
Hastings-Sunrise,2008,10,2008-10-01,104,5201
Hastings-Sunrise,2008,11,2008-11-01,112,6429
Hastings-Sunrise,2008,12,2008-12-01,99,6278
Hastings-Sunrise,2009,1,2009-01-01,111,6726
Hastings-Sunrise,2009,2,2009-02-01,77,5090
Hastings-Sunrise,2009,3,2009-03-01,101,5618
Hastings-Sunrise,2009,4,2009-04-01,79,4266
Hastings-Sunrise,2009,5,2009-05-01,129,8343
Hastings-Sunrise,2009,6,2009-06-01,104,5991
Hastings-Sunrise,2009,7,2009-07-01,103,6171
Hastings-Sunrise,2009,8,2009-08-01,125,7369
Hastings-Sunrise,2009,9,2009-09-01,129,6554
Hastings-Sunrise,2009,10,2009-10-01,110,7729
Hastings-Sunrise,2009,11,2009-11-01,119,7589
Hastings-Sunrise,2009,12,2009-12-01,98,6271
Hastings-Sunrise,2010,1,2010-01-01,103,6709
Hastings-Sunrise,2010,2,2010-02-01,61,3530
Hastings-Sunrise,2010,3,2010-03-01,77,5285
Hastings-Sunrise,2010,4,2010-04-01,77,4061
Hastings-Sunrise,2010,5,2010-05-01,101,7025
Hastings-Sunrise,2010,6,2010-06-01,103,6026
Hastings-Sunrise,2010,7,2010-07-01,126,7115
Hastings-Sunrise,2010,8,2010-08-01,115,6501
Hastings-Sunrise,2010,9,2010-09-01,105,4961
Hastings-Sunrise,2010,10,2010-10-01,135,6745
Hastings-Sunrise,2010,11,2010-11-01,81,4676
Hastings-Sunrise,2010,12,2010-12-01,79,4884
Hastings-Sunrise,2011,1,2011-01-01,85,5745
Hastings-Sunrise,2011,2,2011-02-01,89,5692
Hastings-Sunrise,2011,3,2011-03-01,78,4770
Hastings-Sunrise,2011,4,2011-04-01,122,7717
Hastings-Sunrise,2011,5,2011-05-01,87,4767
Hastings-Sunrise,2011,6,2011-06-01,98,6487
Hastings-Sunrise,2011,7,2011-07-01,107,5552
Hastings-Sunrise,2011,8,2011-08-01,130,7983
Hastings-Sunrise,2011,9,2011-09-01,115,5773
Hastings-Sunrise,2011,10,2011-10-01,103,5704
Hastings-Sunrise,2011,11,2011-11-01,112,5755
Hastings-Sunrise,2011,12,2011-12-01,100,6303
Hastings-Sunrise,2012,1,2012-01-01,79,5336
Hastings-Sunrise,2012,2,2012-02-01,95,4616
Hastings-Sunrise,2012,3,2012-03-01,108,7192
Hastings-Sunrise,2012,4,2012-04-01,110,5691
Hastings-Sunrise,2012,5,2012-05-01,121,5971
Hastings-Sunrise,2012,6,2012-06-01,132,7218
Hastings-Sunrise,2012,7,2012-07-01,104,5794
Hastings-Sunrise,2012,8,2012-08-01,120,6467
Hastings-Sunrise,2012,9,2012-09-01,110,6329
Hastings-Sunrise,2012,10,2012-10-01,111,7010
Hastings-Sunrise,2012,11,2012-11-01,82,4401
Hastings-Sunrise,2012,12,2012-12-01,75,4658
Hastings-Sunrise,2013,1,2013-01-01,70,4451
Hastings-Sunrise,2013,2,2013-02-01,66,3272
Hastings-Sunrise,2013,3,2013-03-01,84,4351
Hastings-Sunrise,2013,4,2013-04-01,83,4984
Hastings-Sunrise,2013,5,2013-05-01,93,5172
Hastings-Sunrise,2013,6,2013-06-01,90,4928
Hastings-Sunrise,2013,7,2013-07-01,76,4896
Hastings-Sunrise,2013,8,2013-08-01,112,4833
Hastings-Sunrise,2013,9,2013-09-01,89,4656
Hastings-Sunrise,2013,10,2013-10-01,93,4295
Hastings-Sunrise,2013,11,2013-11-01,68,3353
Hastings-Sunrise,2013,12,2013-12-01,100,4850
Hastings-Sunrise,2014,1,2014-01-01,101,6104
Hastings-Sunrise,2014,2,2014-02-01,63,3665
Hastings-Sunrise,2014,3,2014-03-01,99,4748
Hastings-Sunrise,2014,4,2014-04-01,60,3596
Hastings-Sunrise,2014,5,2014-05-01,115,5969
Hastings-Sunrise,2014,6,2014-06-01,108,5316
Hastings-Sunrise,2014,7,2014-07-01,89,3827
Hastings-Sunrise,2014,8,2014-08-01,101,3807
Hastings-Sunrise,2014,9,2014-09-01,96,3658
Hastings-Sunrise,2014,10,2014-10-01,81,2963
Hastings-Sunrise,2014,11,2014-11-01,82,3869
Hastings-Sunrise,2014,12,2014-12-01,96,6279
Hastings-Sunrise,2015,1,2015-01-01,93,5660
Hastings-Sunrise,2015,2,2015-02-01,81,4584
Hastings-Sunrise,2015,3,2015-03-01,109,5427
Hastings-Sunrise,2015,4,2015-04-01,89,4926
Hastings-Sunrise,2015,5,2015-05-01,100,5623
Hastings-Sunrise,2015,6,2015-06-01,83,3786
Hastings-Sunrise,2015,7,2015-07-01,94,4302
Hastings-Sunrise,2015,8,2015-08-01,108,6019
Hastings-Sunrise,2015,9,2015-09-01,99,4914
Hastings-Sunrise,2015,10,2015-10-01,122,6017
Hastings-Sunrise,2015,11,2015-11-01,91,4413
Hastings-Sunrise,2015,12,2015-12-01,133,8475
Hastings-Sunrise,2016,1,2016-01-01,108,7720
Hastings-Sunrise,2016,2,2016-02-01,114,6356
Hastings-Sunrise,2016,3,2016-03-01,121,6796
Hastings-Sunrise,2016,4,2016-04-01,107,5192
Hastings-Sunrise,2016,5,2016-05-01,122,6092
Hastings-Sunrise,2016,6,2016-06-01,102,5874
Hastings-Sunrise,2016,7,2016-07-01,88,5135
Hastings-Sunrise,2016,8,2016-08-01,114,4973
Hastings-Sunrise,2016,9,2016-09-01,106,5072
Hastings-Sunrise,2016,10,2016-10-01,127,6229
Hastings-Sunrise,2016,11,2016-11-01,103,6032
Hastings-Sunrise,2016,12,2016-12-01,79,4567
Hastings-Sunrise,2017,1,2017-01-01,93,4769
Hastings-Sunrise,2017,2,2017-02-01,79,4216
Hastings-Sunrise,2017,3,2017-03-01,140,7317
Hastings-Sunrise,2017,4,2017-04-01,95,5895
Hastings-Sunrise,2017,5,2017-05-01,102,4956
Hastings-Sunrise,2017,6,2017-06-01,102,5168
Hastings-Sunrise,2017,7,2017-07-01,139,7283
Hastings-Sunrise,2017,8,2017-08-01,148,5848
Hastings-Sunrise,2017,9,2017-09-01,92,4419
Hastings-Sunrise,2017,10,2017-10-01,135,6332
Hastings-Sunrise,2017,11,2017-11-01,121,5899
Hastings-Sunrise,2017,12,2017-12-01,112,6215
Hastings-Sunrise,2018,1,2018-01-01,98,4815
Hastings-Sunrise,2018,2,2018-02-01,91,4859
Hastings-Sunrise,2018,3,2018-03-01,120,5915
Hastings-Sunrise,2018,4,2018-04-01,122,5752
Hastings-Sunrise,2018,5,2018-05-01,143,6863
Hastings-Sunrise,2018,6,2018-06-01,142,6570
Hastings-Sunrise,2018,7,2018-07-01,127,5987
Hastings-Sunrise,2018,8,2018-08-01,136,5504
Hastings-Sunrise,2018,9,2018-09-01,125,4938
Hastings-Sunrise,2018,10,2018-10-01,105,4216
Hastings-Sunrise,2018,11,2018-11-01,112,5150
Hastings-Sunrise,2018,12,2018-12-01,116,4984
Hastings-Sunrise,2019,1,2019-01-01,156,6694
Hastings-Sunrise,2019,2,2019-02-01,99,4207
Hastings-Sunrise,2019,3,2019-03-01,104,4234
Hastings-Sunrise,2019,4,2019-04-01,113,4504
Hastings-Sunrise,2019,5,2019-05-01,133,6158
Hastings-Sunrise,2019,6,2019-06-01,137,6792
Hastings-Sunrise,2019,7,2019-07-01,159,7338
Hastings-Sunrise,2019,8,2019-08-01,144,6483
Hastings-Sunrise,2019,9,2019-09-01,150,6688
Hastings-Sunrise,2019,10,2019-10-01,137,6873
Hastings-Sunrise,2019,11,2019-11-01,125,8074
Hastings-Sunrise,2019,12,2019-12-01,98,5185
Hastings-Sunrise,2020,1,2020-01-01,125,6564
Hastings-Sunrise,2020,2,2020-02-01,124,5986
Hastings-Sunrise,2020,3,2020-03-01,121,5935
Hastings-Sunrise,2020,4,2020-04-01,109,6194
Hastings-Sunrise,2020,5,2020-05-01,92,3718
Hastings-Sunrise,2020,6,2020-06-01,105,5117
Hastings-Sunrise,2020,7,2020-07-01,73,3172
Hastings-Sunrise,2020,8,2020-08-01,122,5739
Hastings-Sunrise,2020,9,2020-09-01,105,4304
Hastings-Sunrise,2020,10,2020-10-01,100,4906
Hastings-Sunrise,2020,11,2020-11-01,79,3803
Hastings-Sunrise,2020,12,2020-12-01,89,4565
Hastings-Sunrise,2021,1,2021-01-01,99,4636
Hastings-Sunrise,2021,2,2021-02-01,108,4855
Hastings-Sunrise,2021,3,2021-03-01,94,4302
Hastings-Sunrise,2021,4,2021-04-01,106,4987
Hastings-Sunrise,2021,5,2021-05-01,105,5597
Hastings-Sunrise,2021,6,2021-06-01,112,5784
Hastings-Sunrise,2021,7,2021-07-01,99,4990
Hastings-Sunrise,2021,8,2021-08-01,78,3342
Hastings-Sunrise,2021,9,2021-09-01,92,3419
Hastings-Sunrise,2021,10,2021-10-01,82,3381
Hastings-Sunrise,2021,11,2021-11-01,82,4162
Hastings-Sunrise,2021,12,2021-12-01,61,2748
Hastings-Sunrise,2023,1,2023-01-01,65,3056
Hastings-Sunrise,2023,2,2023-02-01,61,3185
Hastings-Sunrise,2023,3,2023-03-01,94,5310
Hastings-Sunrise,2023,4,2023-04-01,66,4369
Hastings-Sunrise,2023,5,2023-05-01,64,3032
Hastings-Sunrise,2023,6,2023-06-01,77,3783
Hastings-Sunrise,2023,7,2023-07-01,87,3798
Hastings-Sunrise,2023,8,2023-08-01,76,3592
Hastings-Sunrise,2023,9,2023-09-01,77,4177
Hastings-Sunrise,2023,10,2023-10-01,83,2865
Hastings-Sunrise,2023,11,2023-11-01,63,2697
Hastings-Sunrise,2023,12,2023-12-01,79,3688
Hastings-Sunrise,2024,1,2024-01-01,61,3231
Hastings-Sunrise,2024,2,2024-02-01,74,3789
Hastings-Sunrise,2024,3,2024-03-01,79,3807
Hastings-Sunrise,2024,4,2024-04-01,69,3563
Hastings-Sunrise,2024,5,2024-05-01,61,2716
Hastings-Sunrise,2024,6,2024-06-01,67,3092
Hastings-Sunrise,2024,7,2024-07-01,60,3092
Hastings-Sunrise,2024,8,2024-08-01,84,4189
Hastings-Sunrise,2024,9,2024-09-01,63,2488
Hastings-Sunrise,2024,10,2024-10-01,67,2741
Hastings-Sunrise,2024,11,2024-11-01,60,2482
Hastings-Sunrise,2024,12,2024-12-01,57,2605
Hastings-Sunrise,2025,1,2025-01-01,70,3822
Hastings-Sunrise,2025,2,2025-02-01,59,3072
Hastings-Sunrise,2025,3,2025-03-01,66,2637
Hastings-Sunrise,2025,4,2025-04-01,87,3529
Hastings-Sunrise,2025,5,2025-05-01,100,4866
Hastings-Sunrise,2025,6,2025-06-01,68,2995
Hastings-Sunrise,2025,7,2025-07-01,60,2317
Hastings-Sunrise,2025,8,2025-08-01,84,3401
Hastings-Sunrise,2025,9,2025-09-01,98,3820
Hastings-Sunrise,2025,10,2025-10-01,94,4113
Hastings-Sunrise,2025,11,2025-11-01,70,2860
Hastings-Sunrise,2025,12,2025-12-01,52,1942
Hastings-Sunrise,2026,1,2026-01-01,132,4844
Hastings-Sunrise,2026,2,2026-02-01,90,3737
Hastings-Sunrise,2026,3,2026-03-01,52,2330
Hastings-Sunrise,2026,4,2026-04-01,64,2605
Hastings-Sunrise,2026,5,2026-05-01,56,2102
Hastings-Sunrise,2026,6,2026-06-01,87,3061
Hastings-Sunrise,2026,7,2026-07-01,104,3755
Hastings-Sunrise,2026,8,2026-08-01,74,3679
Hastings-Sunrise,2026,9,2026-09-01,49,2414
Kensington-Cedar Cottage,2003,1,2003-01-01,235,15492
Kensington-Cedar Cottage,2003,2,2003-02-01,179,11614
Kensington-Cedar Cottage,2003,3,2003-03-01,216,12872
Kensington-Cedar Cottage,2003,4,2003-04-01,194,10013
Kensington-Cedar Cottage,2003,5,2003-05-01,228,14133
Kensington-Cedar Cottage,2003,6,2003-06-01,257,17017
Kensington-Cedar Cottage,2003,7,2003-07-01,232,15339
Kensington-Cedar Cottage,2003,8,2003-08-01,225,12757
Kensington-Cedar Cottage,2003,9,2003-09-01,213,13376
Kensington-Cedar Cottage,2003,10,2003-10-01,230,14016
Kensington-Cedar Cottage,2003,11,2003-11-01,165,11058
Kensington-Cedar Cottage,2003,12,2003-12-01,233,13281
Kensington-Cedar Cottage,2004,1,2004-01-01,226,13102
Kensington-Cedar Cottage,2004,2,2004-02-01,231,14899
Kensington-Cedar Cottage,2004,3,2004-03-01,215,12398
Kensington-Cedar Cottage,2004,4,2004-04-01,226,14180
Kensington-Cedar Cottage,2004,5,2004-05-01,247,15611
Kensington-Cedar Cottage,2004,6,2004-06-01,223,13900
Kensington-Cedar Cottage,2004,7,2004-07-01,211,11802
Kensington-Cedar Cottage,2004,8,2004-08-01,294,17983
Kensington-Cedar Cottage,2004,9,2004-09-01,260,15991
Kensington-Cedar Cottage,2004,10,2004-10-01,299,17283
Kensington-Cedar Cottage,2004,11,2004-11-01,328,18543
Kensington-Cedar Cottage,2004,12,2004-12-01,256,14658
Kensington-Cedar Cottage,2005,1,2005-01-01,234,14424
Kensington-Cedar Cottage,2005,2,2005-02-01,160,10061
Kensington-Cedar Cottage,2005,3,2005-03-01,201,11205
Kensington-Cedar Cottage,2005,4,2005-04-01,196,11163
Kensington-Cedar Cottage,2005,5,2005-05-01,207,11994
Kensington-Cedar Cottage,2005,6,2005-06-01,216,13318
Kensington-Cedar Cottage,2005,7,2005-07-01,242,15450
Kensington-Cedar Cottage,2005,8,2005-08-01,244,15089
Kensington-Cedar Cottage,2005,9,2005-09-01,181,10230
Kensington-Cedar Cottage,2005,10,2005-10-01,234,16015
Kensington-Cedar Cottage,2005,11,2005-11-01,246,13865
Kensington-Cedar Cottage,2005,12,2005-12-01,199,11493
Kensington-Cedar Cottage,2006,1,2006-01-01,241,14608
Kensington-Cedar Cottage,2006,2,2006-02-01,193,12747
Kensington-Cedar Cottage,2006,3,2006-03-01,223,14772
Kensington-Cedar Cottage,2006,4,2006-04-01,218,13430
Kensington-Cedar Cottage,2006,5,2006-05-01,195,11432
Kensington-Cedar Cottage,2006,6,2006-06-01,198,11686
Kensington-Cedar Cottage,2006,7,2006-07-01,213,14198
Kensington-Cedar Cottage,2006,8,2006-08-01,222,11726
Kensington-Cedar Cottage,2006,9,2006-09-01,178,9450
Kensington-Cedar Cottage,2006,10,2006-10-01,251,14293
Kensington-Cedar Cottage,2006,11,2006-11-01,204,11813
Kensington-Cedar Cottage,2006,12,2006-12-01,176,10972
Kensington-Cedar Cottage,2007,1,2007-01-01,172,10622
Kensington-Cedar Cottage,2007,2,2007-02-01,153,8384
Kensington-Cedar Cottage,2007,3,2007-03-01,175,9389
Kensington-Cedar Cottage,2007,4,2007-04-01,179,10394
Kensington-Cedar Cottage,2007,5,2007-05-01,177,10348
Kensington-Cedar Cottage,2007,6,2007-06-01,183,10534
Kensington-Cedar Cottage,2007,7,2007-07-01,200,12524
Kensington-Cedar Cottage,2007,8,2007-08-01,197,11060
Kensington-Cedar Cottage,2007,9,2007-09-01,183,11210
Kensington-Cedar Cottage,2007,10,2007-10-01,179,9850
Kensington-Cedar Cottage,2007,11,2007-11-01,160,10133
Kensington-Cedar Cottage,2007,12,2007-12-01,158,9671
Kensington-Cedar Cottage,2008,1,2008-01-01,162,10392
Kensington-Cedar Cottage,2008,2,2008-02-01,142,7123
Kensington-Cedar Cottage,2008,3,2008-03-01,163,9451
Kensington-Cedar Cottage,2008,4,2008-04-01,163,9017
Kensington-Cedar Cottage,2008,5,2008-05-01,192,11676
Kensington-Cedar Cottage,2008,6,2008-06-01,155,9195
Kensington-Cedar Cottage,2008,7,2008-07-01,161,10273
Kensington-Cedar Cottage,2008,8,2008-08-01,214,12876
Kensington-Cedar Cottage,2008,9,2008-09-01,156,7934
Kensington-Cedar Cottage,2008,10,2008-10-01,170,9674
Kensington-Cedar Cottage,2008,11,2008-11-01,155,8240
Kensington-Cedar Cottage,2008,12,2008-12-01,148,9237
Kensington-Cedar Cottage,2009,1,2009-01-01,163,10294
Kensington-Cedar Cottage,2009,2,2009-02-01,183,9271
Kensington-Cedar Cottage,2009,3,2009-03-01,125,5283
Kensington-Cedar Cottage,2009,4,2009-04-01,144,7003
Kensington-Cedar Cottage,2009,5,2009-05-01,153,8593
Kensington-Cedar Cottage,2009,6,2009-06-01,150,7276
Kensington-Cedar Cottage,2009,7,2009-07-01,163,7632
Kensington-Cedar Cottage,2009,8,2009-08-01,143,7845
Kensington-Cedar Cottage,2009,9,2009-09-01,157,8214
Kensington-Cedar Cottage,2009,10,2009-10-01,144,8451
Kensington-Cedar Cottage,2009,11,2009-11-01,132,7993
Kensington-Cedar Cottage,2009,12,2009-12-01,136,7838
Kensington-Cedar Cottage,2010,1,2010-01-01,190,9543
Kensington-Cedar Cottage,2010,2,2010-02-01,144,6870
Kensington-Cedar Cottage,2010,3,2010-03-01,165,9018
Kensington-Cedar Cottage,2010,4,2010-04-01,130,7662
Kensington-Cedar Cottage,2010,5,2010-05-01,145,7113
Kensington-Cedar Cottage,2010,6,2010-06-01,122,6298
Kensington-Cedar Cottage,2010,7,2010-07-01,129,6755
Kensington-Cedar Cottage,2010,8,2010-08-01,173,10555
Kensington-Cedar Cottage,2010,9,2010-09-01,143,7516
Kensington-Cedar Cottage,2010,10,2010-10-01,150,7540
Kensington-Cedar Cottage,2010,11,2010-11-01,145,6965
Kensington-Cedar Cottage,2010,12,2010-12-01,138,6869
Kensington-Cedar Cottage,2011,1,2011-01-01,139,7772
Kensington-Cedar Cottage,2011,2,2011-02-01,128,6736
Kensington-Cedar Cottage,2011,3,2011-03-01,154,8525
Kensington-Cedar Cottage,2011,4,2011-04-01,142,8412
Kensington-Cedar Cottage,2011,5,2011-05-01,110,5465
Kensington-Cedar Cottage,2011,6,2011-06-01,107,6741
Kensington-Cedar Cottage,2011,7,2011-07-01,153,8213
Kensington-Cedar Cottage,2011,8,2011-08-01,157,7884
Kensington-Cedar Cottage,2011,9,2011-09-01,136,7172
Kensington-Cedar Cottage,2011,10,2011-10-01,138,7200
Kensington-Cedar Cottage,2011,11,2011-11-01,97,5298
Kensington-Cedar Cottage,2011,12,2011-12-01,121,7562
Kensington-Cedar Cottage,2012,1,2012-01-01,112,6067
Kensington-Cedar Cottage,2012,2,2012-02-01,127,7140
Kensington-Cedar Cottage,2012,3,2012-03-01,129,7199
Kensington-Cedar Cottage,2012,4,2012-04-01,123,6530
Kensington-Cedar Cottage,2012,5,2012-05-01,145,8255
Kensington-Cedar Cottage,2012,6,2012-06-01,127,6573
Kensington-Cedar Cottage,2012,7,2012-07-01,135,7222
Kensington-Cedar Cottage,2012,8,2012-08-01,109,5942
Kensington-Cedar Cottage,2012,9,2012-09-01,152,8861
Kensington-Cedar Cottage,2012,10,2012-10-01,127,7277
Kensington-Cedar Cottage,2012,11,2012-11-01,126,6217
Kensington-Cedar Cottage,2012,12,2012-12-01,141,7619
Kensington-Cedar Cottage,2013,1,2013-01-01,137,7056
Kensington-Cedar Cottage,2013,2,2013-02-01,119,5662
Kensington-Cedar Cottage,2013,3,2013-03-01,152,6978
Kensington-Cedar Cottage,2013,4,2013-04-01,169,9843
Kensington-Cedar Cottage,2013,5,2013-05-01,175,8550
Kensington-Cedar Cottage,2013,6,2013-06-01,169,8924
Kensington-Cedar Cottage,2013,7,2013-07-01,157,8869
Kensington-Cedar Cottage,2013,8,2013-08-01,147,9337
Kensington-Cedar Cottage,2013,9,2013-09-01,148,7116
Kensington-Cedar Cottage,2013,10,2013-10-01,176,8710
Kensington-Cedar Cottage,2013,11,2013-11-01,187,10568
Kensington-Cedar Cottage,2013,12,2013-12-01,175,9925
Kensington-Cedar Cottage,2014,1,2014-01-01,188,9849
Kensington-Cedar Cottage,2014,2,2014-02-01,121,6878
Kensington-Cedar Cottage,2014,3,2014-03-01,139,7024
Kensington-Cedar Cottage,2014,4,2014-04-01,162,7718
Kensington-Cedar Cottage,2014,5,2014-05-01,164,8779
Kensington-Cedar Cottage,2014,6,2014-06-01,181,9642
Kensington-Cedar Cottage,2014,7,2014-07-01,186,10282
Kensington-Cedar Cottage,2014,8,2014-08-01,171,9341
Kensington-Cedar Cottage,2014,9,2014-09-01,156,7406
Kensington-Cedar Cottage,2014,10,2014-10-01,182,9888
Kensington-Cedar Cottage,2014,11,2014-11-01,168,9320
Kensington-Cedar Cottage,2014,12,2014-12-01,120,6611
Kensington-Cedar Cottage,2015,1,2015-01-01,128,7262
Kensington-Cedar Cottage,2015,2,2015-02-01,112,6089
Kensington-Cedar Cottage,2015,3,2015-03-01,146,7541
Kensington-Cedar Cottage,2015,4,2015-04-01,127,6430
Kensington-Cedar Cottage,2015,5,2015-05-01,142,7370
Kensington-Cedar Cottage,2015,6,2015-06-01,168,9488
Kensington-Cedar Cottage,2015,7,2015-07-01,193,9148
Kensington-Cedar Cottage,2015,8,2015-08-01,142,6736
Kensington-Cedar Cottage,2015,9,2015-09-01,119,6605
Kensington-Cedar Cottage,2015,10,2015-10-01,159,8068
Kensington-Cedar Cottage,2015,11,2015-11-01,157,8409
Kensington-Cedar Cottage,2015,12,2015-12-01,126,7747
Kensington-Cedar Cottage,2016,1,2016-01-01,172,8544
Kensington-Cedar Cottage,2016,2,2016-02-01,113,5414
Kensington-Cedar Cottage,2016,3,2016-03-01,179,10513
Kensington-Cedar Cottage,2016,4,2016-04-01,138,6532
Kensington-Cedar Cottage,2016,5,2016-05-01,160,7223
Kensington-Cedar Cottage,2016,6,2016-06-01,147,7907
Kensington-Cedar Cottage,2016,7,2016-07-01,146,7867
Kensington-Cedar Cottage,2016,8,2016-08-01,160,8021
Kensington-Cedar Cottage,2016,9,2016-09-01,143,7134
Kensington-Cedar Cottage,2016,10,2016-10-01,163,7961
Kensington-Cedar Cottage,2016,11,2016-11-01,150,9447
Kensington-Cedar Cottage,2016,12,2016-12-01,119,7652
Kensington-Cedar Cottage,2017,1,2017-01-01,95,4568
Kensington-Cedar Cottage,2017,2,2017-02-01,116,4884
Kensington-Cedar Cottage,2017,3,2017-03-01,118,6380
Kensington-Cedar Cottage,2017,4,2017-04-01,117,5834
Kensington-Cedar Cottage,2017,5,2017-05-01,141,7244
Kensington-Cedar Cottage,2017,6,2017-06-01,151,7138
Kensington-Cedar Cottage,2017,7,2017-07-01,149,6702
Kensington-Cedar Cottage,2017,8,2017-08-01,131,6788
Kensington-Cedar Cottage,2017,9,2017-09-01,141,5806
Kensington-Cedar Cottage,2017,10,2017-10-01,145,7382
Kensington-Cedar Cottage,2017,11,2017-11-01,154,8098
Kensington-Cedar Cottage,2017,12,2017-12-01,135,6461
Kensington-Cedar Cottage,2018,1,2018-01-01,165,7698
Kensington-Cedar Cottage,2018,2,2018-02-01,132,6235
Kensington-Cedar Cottage,2018,3,2018-03-01,124,5765
Kensington-Cedar Cottage,2018,4,2018-04-01,124,6119
Kensington-Cedar Cottage,2018,5,2018-05-01,144,6590
Kensington-Cedar Cottage,2018,6,2018-06-01,134,6401
Kensington-Cedar Cottage,2018,7,2018-07-01,128,6338
Kensington-Cedar Cottage,2018,8,2018-08-01,153,6928
Kensington-Cedar Cottage,2018,9,2018-09-01,138,6355
Kensington-Cedar Cottage,2018,10,2018-10-01,114,5512
Kensington-Cedar Cottage,2018,11,2018-11-01,112,5288
Kensington-Cedar Cottage,2018,12,2018-12-01,130,6333
Kensington-Cedar Cottage,2019,1,2019-01-01,137,5189
Kensington-Cedar Cottage,2019,2,2019-02-01,136,5964
Kensington-Cedar Cottage,2019,3,2019-03-01,124,5719
Kensington-Cedar Cottage,2019,4,2019-04-01,136,6235
Kensington-Cedar Cottage,2019,5,2019-05-01,187,8957
Kensington-Cedar Cottage,2019,6,2019-06-01,157,6602
Kensington-Cedar Cottage,2019,7,2019-07-01,156,6939
Kensington-Cedar Cottage,2019,8,2019-08-01,140,6446
Kensington-Cedar Cottage,2019,9,2019-09-01,184,8128
Kensington-Cedar Cottage,2019,10,2019-10-01,188,8551
Kensington-Cedar Cottage,2019,11,2019-11-01,171,8757
Kensington-Cedar Cottage,2019,12,2019-12-01,140,6630
Kensington-Cedar Cottage,2020,1,2020-01-01,139,6514
Kensington-Cedar Cottage,2020,2,2020-02-01,169,7291
Kensington-Cedar Cottage,2020,3,2020-03-01,138,6670
Kensington-Cedar Cottage,2020,4,2020-04-01,156,7900
Kensington-Cedar Cottage,2020,5,2020-05-01,125,5947
Kensington-Cedar Cottage,2020,6,2020-06-01,100,4614
Kensington-Cedar Cottage,2020,7,2020-07-01,141,7036
Kensington-Cedar Cottage,2020,8,2020-08-01,124,5160
Kensington-Cedar Cottage,2020,9,2020-09-01,122,5681
Kensington-Cedar Cottage,2020,10,2020-10-01,146,6186
Kensington-Cedar Cottage,2020,11,2020-11-01,118,5995
Kensington-Cedar Cottage,2020,12,2020-12-01,130,5841
Kensington-Cedar Cottage,2021,1,2021-01-01,125,5356
Kensington-Cedar Cottage,2021,2,2021-02-01,103,6254
Kensington-Cedar Cottage,2021,3,2021-03-01,115,5072
Kensington-Cedar Cottage,2021,4,2021-04-01,107,4907
Kensington-Cedar Cottage,2021,5,2021-05-01,129,5734
Kensington-Cedar Cottage,2021,6,2021-06-01,132,6327
Kensington-Cedar Cottage,2021,7,2021-07-01,154,5505
Kensington-Cedar Cottage,2021,8,2021-08-01,123,5110
Kensington-Cedar Cottage,2021,9,2021-09-01,103,4860
Kensington-Cedar Cottage,2021,10,2021-10-01,109,5226
Kensington-Cedar Cottage,2021,11,2021-11-01,85,4110
Kensington-Cedar Cottage,2021,12,2021-12-01,108,5449
Kensington-Cedar Cottage,2023,1,2023-01-01,124,5392
Kensington-Cedar Cottage,2023,2,2023-02-01,91,4110
Kensington-Cedar Cottage,2023,3,2023-03-01,125,5452
Kensington-Cedar Cottage,2023,4,2023-04-01,104,4881
Kensington-Cedar Cottage,2023,5,2023-05-01,125,5943
Kensington-Cedar Cottage,2023,6,2023-06-01,128,5801
Kensington-Cedar Cottage,2023,7,2023-07-01,125,5555
Kensington-Cedar Cottage,2023,8,2023-08-01,149,6714
Kensington-Cedar Cottage,2023,9,2023-09-01,196,9011
Kensington-Cedar Cottage,2023,10,2023-10-01,130,6639
Kensington-Cedar Cottage,2023,11,2023-11-01,104,5085
Kensington-Cedar Cottage,2023,12,2023-12-01,174,7351
Kensington-Cedar Cottage,2024,1,2024-01-01,129,5300
Kensington-Cedar Cottage,2024,2,2024-02-01,102,4376
Kensington-Cedar Cottage,2024,3,2024-03-01,111,4762
Kensington-Cedar Cottage,2024,4,2024-04-01,101,4166
Kensington-Cedar Cottage,2024,5,2024-05-01,147,6088
Kensington-Cedar Cottage,2024,6,2024-06-01,118,5026
Kensington-Cedar Cottage,2024,7,2024-07-01,86,3672
Kensington-Cedar Cottage,2024,8,2024-08-01,99,4630
Kensington-Cedar Cottage,2024,9,2024-09-01,119,4877
Kensington-Cedar Cottage,2024,10,2024-10-01,97,4316
Kensington-Cedar Cottage,2024,11,2024-11-01,96,5129
Kensington-Cedar Cottage,2024,12,2024-12-01,104,4458
Kensington-Cedar Cottage,2025,1,2025-01-01,94,3776
Kensington-Cedar Cottage,2025,2,2025-02-01,100,4961
Kensington-Cedar Cottage,2025,3,2025-03-01,129,4713
Kensington-Cedar Cottage,2025,4,2025-04-01,137,5009
Kensington-Cedar Cottage,2025,5,2025-05-01,126,4566
Kensington-Cedar Cottage,2025,6,2025-06-01,150,5966
Kensington-Cedar Cottage,2025,7,2025-07-01,138,5784
Kensington-Cedar Cottage,2025,8,2025-08-01,117,5075
Kensington-Cedar Cottage,2025,9,2025-09-01,114,5139
Kensington-Cedar Cottage,2025,10,2025-10-01,160,8740
Kensington-Cedar Cottage,2025,11,2025-11-01,154,6239
Kensington-Cedar Cottage,2025,12,2025-12-01,131,5503
Kensington-Cedar Cottage,2026,1,2026-01-01,136,5348
Kensington-Cedar Cottage,2026,2,2026-02-01,147,5603
Kensington-Cedar Cottage,2026,3,2026-03-01,150,5633
Kensington-Cedar Cottage,2026,4,2026-04-01,145,5304
Kensington-Cedar Cottage,2026,5,2026-05-01,150,5819
Kensington-Cedar Cottage,2026,6,2026-06-01,157,6039
Kensington-Cedar Cottage,2026,7,2026-07-01,141,4744
Kensington-Cedar Cottage,2026,8,2026-08-01,135,5753
Kensington-Cedar Cottage,2026,9,2026-09-01,129,5577
Kerrisdale,2003,1,2003-01-01,58,5274
Kerrisdale,2003,2,2003-02-01,56,3509
Kerrisdale,2003,3,2003-03-01,57,4321
Kerrisdale,2003,4,2003-04-01,77,5285
Kerrisdale,2003,5,2003-05-01,64,4570
Kerrisdale,2003,6,2003-06-01,55,3769
Kerrisdale,2003,7,2003-07-01,60,3381
Kerrisdale,2003,8,2003-08-01,50,3175
Kerrisdale,2003,9,2003-09-01,68,4217
Kerrisdale,2003,10,2003-10-01,66,4044
Kerrisdale,2003,11,2003-11-01,52,3337
Kerrisdale,2003,12,2003-12-01,48,3536
Kerrisdale,2004,1,2004-01-01,58,4140
Kerrisdale,2004,2,2004-02-01,68,4522
Kerrisdale,2004,3,2004-03-01,57,3738
Kerrisdale,2004,4,2004-04-01,77,5892
Kerrisdale,2004,5,2004-05-01,83,5093
Kerrisdale,2004,6,2004-06-01,56,2759
Kerrisdale,2004,7,2004-07-01,54,3130
Kerrisdale,2004,8,2004-08-01,54,2779
Kerrisdale,2004,9,2004-09-01,90,4988
Kerrisdale,2004,10,2004-10-01,119,6039
Kerrisdale,2004,11,2004-11-01,126,5410
Kerrisdale,2004,12,2004-12-01,73,4340
Kerrisdale,2005,1,2005-01-01,106,5792
Kerrisdale,2005,2,2005-02-01,72,4803
Kerrisdale,2005,3,2005-03-01,99,5257
Kerrisdale,2005,4,2005-04-01,129,4978
Kerrisdale,2005,5,2005-05-01,79,3792
Kerrisdale,2005,6,2005-06-01,68,3027
Kerrisdale,2005,7,2005-07-01,40,2679
Kerrisdale,2005,8,2005-08-01,66,4224
Kerrisdale,2005,9,2005-09-01,55,3106
Kerrisdale,2005,10,2005-10-01,57,2954
Kerrisdale,2005,11,2005-11-01,58,3630
Kerrisdale,2005,12,2005-12-01,64,4988
Kerrisdale,2006,1,2006-01-01,101,6462
Kerrisdale,2006,2,2006-02-01,69,3785
Kerrisdale,2006,3,2006-03-01,62,4278
Kerrisdale,2006,4,2006-04-01,50,3361
Kerrisdale,2006,5,2006-05-01,44,2496
Kerrisdale,2006,6,2006-06-01,57,3349
Kerrisdale,2006,7,2006-07-01,46,3062
Kerrisdale,2006,8,2006-08-01,67,5825
Kerrisdale,2006,9,2006-09-01,53,3791
Kerrisdale,2006,10,2006-10-01,43,2936
Kerrisdale,2006,11,2006-11-01,76,5416
Kerrisdale,2006,12,2006-12-01,49,3478
Kerrisdale,2007,1,2007-01-01,46,3278
Kerrisdale,2007,2,2007-02-01,46,3216
Kerrisdale,2007,3,2007-03-01,29,1950
Kerrisdale,2007,4,2007-04-01,58,3705
Kerrisdale,2007,5,2007-05-01,40,2074
Kerrisdale,2007,6,2007-06-01,48,2417
Kerrisdale,2007,7,2007-07-01,45,2707
Kerrisdale,2007,8,2007-08-01,48,3029
Kerrisdale,2007,9,2007-09-01,49,2933
Kerrisdale,2007,10,2007-10-01,42,3214
Kerrisdale,2007,11,2007-11-01,47,2630
Kerrisdale,2007,12,2007-12-01,32,2088
Kerrisdale,2008,1,2008-01-01,35,2793
Kerrisdale,2008,2,2008-02-01,27,1662
Kerrisdale,2008,3,2008-03-01,44,3344
Kerrisdale,2008,4,2008-04-01,25,1363
Kerrisdale,2008,5,2008-05-01,33,2388
Kerrisdale,2008,6,2008-06-01,58,2796
Kerrisdale,2008,7,2008-07-01,31,2261
Kerrisdale,2008,8,2008-08-01,34,2271
Kerrisdale,2008,9,2008-09-01,19,1511
Kerrisdale,2008,10,2008-10-01,36,2079
Kerrisdale,2008,11,2008-11-01,21,1570
Kerrisdale,2008,12,2008-12-01,41,2302
Kerrisdale,2009,1,2009-01-01,58,3619
Kerrisdale,2009,2,2009-02-01,44,3141
Kerrisdale,2009,3,2009-03-01,33,2047
Kerrisdale,2009,4,2009-04-01,24,990
Kerrisdale,2009,5,2009-05-01,45,2536
Kerrisdale,2009,6,2009-06-01,50,2829
Kerrisdale,2009,7,2009-07-01,44,2464
Kerrisdale,2009,8,2009-08-01,33,2459
Kerrisdale,2009,9,2009-09-01,36,2479
Kerrisdale,2009,10,2009-10-01,46,2976
Kerrisdale,2009,11,2009-11-01,46,3626
Kerrisdale,2009,12,2009-12-01,30,1755
Kerrisdale,2010,1,2010-01-01,38,2895
Kerrisdale,2010,2,2010-02-01,29,2332
Kerrisdale,2010,3,2010-03-01,31,2649
Kerrisdale,2010,4,2010-04-01,46,3068
Kerrisdale,2010,5,2010-05-01,44,2387
Kerrisdale,2010,6,2010-06-01,47,2552
Kerrisdale,2010,7,2010-07-01,28,1472
Kerrisdale,2010,8,2010-08-01,33,2293
Kerrisdale,2010,9,2010-09-01,21,1066
Kerrisdale,2010,10,2010-10-01,30,2048
Kerrisdale,2010,11,2010-11-01,41,2963
Kerrisdale,2010,12,2010-12-01,34,2058
Kerrisdale,2011,1,2011-01-01,40,2502
Kerrisdale,2011,2,2011-02-01,33,1842
Kerrisdale,2011,3,2011-03-01,45,2722
Kerrisdale,2011,4,2011-04-01,28,1485
Kerrisdale,2011,5,2011-05-01,34,2059
Kerrisdale,2011,6,2011-06-01,44,2449
Kerrisdale,2011,7,2011-07-01,38,1536
Kerrisdale,2011,8,2011-08-01,23,1188
Kerrisdale,2011,9,2011-09-01,37,2251
Kerrisdale,2011,10,2011-10-01,36,2107
Kerrisdale,2011,11,2011-11-01,45,3473
Kerrisdale,2011,12,2011-12-01,46,2952
Kerrisdale,2012,1,2012-01-01,44,2468
Kerrisdale,2012,2,2012-02-01,34,2572
Kerrisdale,2012,3,2012-03-01,44,2547
Kerrisdale,2012,4,2012-04-01,40,2445
Kerrisdale,2012,5,2012-05-01,35,1970
Kerrisdale,2012,6,2012-06-01,51,2359
Kerrisdale,2012,7,2012-07-01,45,2040
Kerrisdale,2012,8,2012-08-01,63,3517
Kerrisdale,2012,9,2012-09-01,69,4866
Kerrisdale,2012,10,2012-10-01,44,3150
Kerrisdale,2012,11,2012-11-01,63,4175
Kerrisdale,2012,12,2012-12-01,45,3011
Kerrisdale,2013,1,2013-01-01,33,2384
Kerrisdale,2013,2,2013-02-01,33,1936
Kerrisdale,2013,3,2013-03-01,37,3230
Kerrisdale,2013,4,2013-04-01,44,3052
Kerrisdale,2013,5,2013-05-01,19,1147
Kerrisdale,2013,6,2013-06-01,45,2770
Kerrisdale,2013,7,2013-07-01,26,1464
Kerrisdale,2013,8,2013-08-01,24,1093
Kerrisdale,2013,9,2013-09-01,25,1368
Kerrisdale,2013,10,2013-10-01,32,1993
Kerrisdale,2013,11,2013-11-01,29,1608
Kerrisdale,2013,12,2013-12-01,45,3105
Kerrisdale,2014,1,2014-01-01,47,3610
Kerrisdale,2014,2,2014-02-01,26,1634
Kerrisdale,2014,3,2014-03-01,28,1874
Kerrisdale,2014,4,2014-04-01,52,4039
Kerrisdale,2014,5,2014-05-01,33,1710
Kerrisdale,2014,6,2014-06-01,32,1727
Kerrisdale,2014,7,2014-07-01,42,2783
Kerrisdale,2014,8,2014-08-01,30,2473
Kerrisdale,2014,9,2014-09-01,44,3115
Kerrisdale,2014,10,2014-10-01,55,3518
Kerrisdale,2014,11,2014-11-01,39,2605
Kerrisdale,2014,12,2014-12-01,36,2804
Kerrisdale,2015,1,2015-01-01,54,4274
Kerrisdale,2015,2,2015-02-01,40,3264
Kerrisdale,2015,3,2015-03-01,27,1405
Kerrisdale,2015,4,2015-04-01,47,3037
Kerrisdale,2015,5,2015-05-01,27,1363
Kerrisdale,2015,6,2015-06-01,38,2294
Kerrisdale,2015,7,2015-07-01,42,2451
Kerrisdale,2015,8,2015-08-01,44,2273
Kerrisdale,2015,9,2015-09-01,48,3477
Kerrisdale,2015,10,2015-10-01,46,2817
Kerrisdale,2015,11,2015-11-01,62,3924
Kerrisdale,2015,12,2015-12-01,49,3633
Kerrisdale,2016,1,2016-01-01,45,2856
Kerrisdale,2016,2,2016-02-01,50,2818
Kerrisdale,2016,3,2016-03-01,43,2331
Kerrisdale,2016,4,2016-04-01,44,2177
Kerrisdale,2016,5,2016-05-01,34,1608
Kerrisdale,2016,6,2016-06-01,39,2325
Kerrisdale,2016,7,2016-07-01,34,1970
Kerrisdale,2016,8,2016-08-01,53,4246
Kerrisdale,2016,9,2016-09-01,28,1459
Kerrisdale,2016,10,2016-10-01,37,2228
Kerrisdale,2016,11,2016-11-01,45,3005
Kerrisdale,2016,12,2016-12-01,56,3679
Kerrisdale,2017,1,2017-01-01,31,2563
Kerrisdale,2017,2,2017-02-01,25,1953
Kerrisdale,2017,3,2017-03-01,36,2950
Kerrisdale,2017,4,2017-04-01,38,2335
Kerrisdale,2017,5,2017-05-01,33,2013
Kerrisdale,2017,6,2017-06-01,50,3183
Kerrisdale,2017,7,2017-07-01,42,3078
Kerrisdale,2017,8,2017-08-01,49,3000
Kerrisdale,2017,9,2017-09-01,31,2557
Kerrisdale,2017,10,2017-10-01,24,1264
Kerrisdale,2017,11,2017-11-01,47,3803
Kerrisdale,2017,12,2017-12-01,41,1936
Kerrisdale,2018,1,2018-01-01,41,2962
Kerrisdale,2018,2,2018-02-01,32,2402
Kerrisdale,2018,3,2018-03-01,47,2330
Kerrisdale,2018,4,2018-04-01,30,1759
Kerrisdale,2018,5,2018-05-01,42,2431
Kerrisdale,2018,6,2018-06-01,40,2367
Kerrisdale,2018,7,2018-07-01,33,2036
Kerrisdale,2018,8,2018-08-01,32,1442
Kerrisdale,2018,9,2018-09-01,42,2334
Kerrisdale,2018,10,2018-10-01,45,3427
Kerrisdale,2018,11,2018-11-01,37,2120
Kerrisdale,2018,12,2018-12-01,40,2732
Kerrisdale,2019,1,2019-01-01,46,2829
Kerrisdale,2019,2,2019-02-01,29,2242
Kerrisdale,2019,3,2019-03-01,40,2384
Kerrisdale,2019,4,2019-04-01,32,1921
Kerrisdale,2019,5,2019-05-01,35,1381
Kerrisdale,2019,6,2019-06-01,27,1338
Kerrisdale,2019,7,2019-07-01,62,4013
Kerrisdale,2019,8,2019-08-01,42,2870
Kerrisdale,2019,9,2019-09-01,59,4229
Kerrisdale,2019,10,2019-10-01,49,3486
Kerrisdale,2019,11,2019-11-01,44,2875
Kerrisdale,2019,12,2019-12-01,32,2160
Kerrisdale,2020,1,2020-01-01,40,1998
Kerrisdale,2020,2,2020-02-01,41,2971
Kerrisdale,2020,3,2020-03-01,42,2346
Kerrisdale,2020,4,2020-04-01,34,1942
Kerrisdale,2020,5,2020-05-01,33,1887
Kerrisdale,2020,6,2020-06-01,29,1904
Kerrisdale,2020,7,2020-07-01,23,1335
Kerrisdale,2020,8,2020-08-01,44,2166
Kerrisdale,2020,9,2020-09-01,59,3919
Kerrisdale,2020,10,2020-10-01,38,2119
Kerrisdale,2020,11,2020-11-01,30,1728
Kerrisdale,2020,12,2020-12-01,31,2113
Kerrisdale,2021,1,2021-01-01,34,2396
Kerrisdale,2021,2,2021-02-01,32,1986
Kerrisdale,2021,3,2021-03-01,38,2714
Kerrisdale,2021,4,2021-04-01,43,2682
Kerrisdale,2021,5,2021-05-01,37,2659
Kerrisdale,2021,6,2021-06-01,39,2395
Kerrisdale,2021,7,2021-07-01,42,2370
Kerrisdale,2021,8,2021-08-01,37,1964
Kerrisdale,2021,9,2021-09-01,32,1587
Kerrisdale,2021,10,2021-10-01,25,1069
Kerrisdale,2021,11,2021-11-01,18,1015
Kerrisdale,2021,12,2021-12-01,36,2441
Kerrisdale,2023,1,2023-01-01,19,1373
Kerrisdale,2023,2,2023-02-01,26,1483
Kerrisdale,2023,3,2023-03-01,31,1579
Kerrisdale,2023,4,2023-04-01,25,1565
Kerrisdale,2023,5,2023-05-01,26,1242
Kerrisdale,2023,6,2023-06-01,35,2032
Kerrisdale,2023,7,2023-07-01,25,767
Kerrisdale,2023,8,2023-08-01,49,1951
Kerrisdale,2023,9,2023-09-01,35,1419
Kerrisdale,2023,10,2023-10-01,48,2621
Kerrisdale,2023,11,2023-11-01,25,1480
Kerrisdale,2023,12,2023-12-01,23,1033
Kerrisdale,2024,1,2024-01-01,14,812
Kerrisdale,2024,2,2024-02-01,22,1001
Kerrisdale,2024,3,2024-03-01,34,1469
Kerrisdale,2024,4,2024-04-01,29,1747
Kerrisdale,2024,5,2024-05-01,25,1240
Kerrisdale,2024,6,2024-06-01,34,1978
Kerrisdale,2024,7,2024-07-01,33,1508
Kerrisdale,2024,8,2024-08-01,23,1099
Kerrisdale,2024,9,2024-09-01,20,992
Kerrisdale,2024,10,2024-10-01,35,2228
Kerrisdale,2024,11,2024-11-01,39,1913
Kerrisdale,2024,12,2024-12-01,32,2375
Kerrisdale,2025,1,2025-01-01,36,1523
Kerrisdale,2025,2,2025-02-01,15,498
Kerrisdale,2025,3,2025-03-01,32,1126
Kerrisdale,2025,4,2025-04-01,16,685
Kerrisdale,2025,5,2025-05-01,29,1114
Kerrisdale,2025,6,2025-06-01,25,1110
Kerrisdale,2025,7,2025-07-01,28,1159
Kerrisdale,2025,8,2025-08-01,35,1615
Kerrisdale,2025,9,2025-09-01,36,1117
Kerrisdale,2025,10,2025-10-01,30,1399
Kerrisdale,2025,11,2025-11-01,23,781
Kerrisdale,2025,12,2025-12-01,19,1071
Kerrisdale,2026,1,2026-01-01,37,1535
Kerrisdale,2026,2,2026-02-01,27,1236
Kerrisdale,2026,3,2026-03-01,22,1035
Kerrisdale,2026,4,2026-04-01,17,611
Kerrisdale,2026,5,2026-05-01,15,661
Kerrisdale,2026,6,2026-06-01,21,861
Kerrisdale,2026,7,2026-07-01,26,1040
Kerrisdale,2026,8,2026-08-01,27,1148
Kerrisdale,2026,9,2026-09-01,16,716
Killarney,2003,1,2003-01-01,114,8077
Killarney,2003,2,2003-02-01,70,4870
Killarney,2003,3,2003-03-01,72,4944
Killarney,2003,4,2003-04-01,63,3467
Killarney,2003,5,2003-05-01,111,6054
Killarney,2003,6,2003-06-01,102,6122
Killarney,2003,7,2003-07-01,95,5926
Killarney,2003,8,2003-08-01,65,3831
Killarney,2003,9,2003-09-01,53,3644
Killarney,2003,10,2003-10-01,102,5195
Killarney,2003,11,2003-11-01,96,6164
Killarney,2003,12,2003-12-01,100,6604
Killarney,2004,1,2004-01-01,74,3573
Killarney,2004,2,2004-02-01,77,4781
Killarney,2004,3,2004-03-01,129,9790
Killarney,2004,4,2004-04-01,92,6831
Killarney,2004,5,2004-05-01,92,5312
Killarney,2004,6,2004-06-01,121,6607
Killarney,2004,7,2004-07-01,80,4321
Killarney,2004,8,2004-08-01,118,5801
Killarney,2004,9,2004-09-01,130,7359
Killarney,2004,10,2004-10-01,146,8801
Killarney,2004,11,2004-11-01,118,6613
Killarney,2004,12,2004-12-01,119,6535
Killarney,2005,1,2005-01-01,105,7077
Killarney,2005,2,2005-02-01,87,6427
Killarney,2005,3,2005-03-01,108,7311
Killarney,2005,4,2005-04-01,83,6362
Killarney,2005,5,2005-05-01,108,6520
Killarney,2005,6,2005-06-01,77,4482
Killarney,2005,7,2005-07-01,75,4202
Killarney,2005,8,2005-08-01,112,6584
Killarney,2005,9,2005-09-01,109,7126
Killarney,2005,10,2005-10-01,117,5603
Killarney,2005,11,2005-11-01,139,8031
Killarney,2005,12,2005-12-01,89,5204
Killarney,2006,1,2006-01-01,115,6420
Killarney,2006,2,2006-02-01,62,3800
Killarney,2006,3,2006-03-01,82,6506
Killarney,2006,4,2006-04-01,73,4153
Killarney,2006,5,2006-05-01,103,5577
Killarney,2006,6,2006-06-01,94,5049
Killarney,2006,7,2006-07-01,90,6512
Killarney,2006,8,2006-08-01,89,4950
Killarney,2006,9,2006-09-01,74,5436
Killarney,2006,10,2006-10-01,111,7475
Killarney,2006,11,2006-11-01,104,6912
Killarney,2006,12,2006-12-01,102,6644
Killarney,2007,1,2007-01-01,88,5450
Killarney,2007,2,2007-02-01,63,3267
Killarney,2007,3,2007-03-01,76,4830
Killarney,2007,4,2007-04-01,91,5699
Killarney,2007,5,2007-05-01,73,3078
Killarney,2007,6,2007-06-01,90,3976
Killarney,2007,7,2007-07-01,74,4299
Killarney,2007,8,2007-08-01,77,4754
Killarney,2007,9,2007-09-01,82,4603
Killarney,2007,10,2007-10-01,108,5408
Killarney,2007,11,2007-11-01,68,4495
Killarney,2007,12,2007-12-01,64,4916
Killarney,2008,1,2008-01-01,59,4155
Killarney,2008,2,2008-02-01,46,2912
Killarney,2008,3,2008-03-01,48,2792
Killarney,2008,4,2008-04-01,63,2814
Killarney,2008,5,2008-05-01,50,2384
Killarney,2008,6,2008-06-01,58,3137
Killarney,2008,7,2008-07-01,62,2809
Killarney,2008,8,2008-08-01,55,2499
Killarney,2008,9,2008-09-01,52,2787
Killarney,2008,10,2008-10-01,67,3754
Killarney,2008,11,2008-11-01,60,2478
Killarney,2008,12,2008-12-01,68,3865
Killarney,2009,1,2009-01-01,66,3388
Killarney,2009,2,2009-02-01,58,3752
Killarney,2009,3,2009-03-01,66,2966
Killarney,2009,4,2009-04-01,65,2274
Killarney,2009,5,2009-05-01,52,2612
Killarney,2009,6,2009-06-01,59,3490
Killarney,2009,7,2009-07-01,54,2713
Killarney,2009,8,2009-08-01,72,2594
Killarney,2009,9,2009-09-01,60,2871
Killarney,2009,10,2009-10-01,70,4054
Killarney,2009,11,2009-11-01,66,4086
Killarney,2009,12,2009-12-01,71,3453
Killarney,2010,1,2010-01-01,47,2685
Killarney,2010,2,2010-02-01,50,3029
Killarney,2010,3,2010-03-01,75,5672
Killarney,2010,4,2010-04-01,57,3566
Killarney,2010,5,2010-05-01,74,3179
Killarney,2010,6,2010-06-01,51,2717
Killarney,2010,7,2010-07-01,48,2401
Killarney,2010,8,2010-08-01,55,2218
Killarney,2010,9,2010-09-01,63,3303
Killarney,2010,10,2010-10-01,70,4106
Killarney,2010,11,2010-11-01,64,4035
Killarney,2010,12,2010-12-01,46,3789
Killarney,2011,1,2011-01-01,49,4026
Killarney,2011,2,2011-02-01,56,4044
Killarney,2011,3,2011-03-01,63,4821
Killarney,2011,4,2011-04-01,44,3145
Killarney,2011,5,2011-05-01,52,3361
Killarney,2011,6,2011-06-01,52,3063
Killarney,2011,7,2011-07-01,42,2799
Killarney,2011,8,2011-08-01,48,3018
Killarney,2011,9,2011-09-01,75,5683
Killarney,2011,10,2011-10-01,52,3224
Killarney,2011,11,2011-11-01,50,4102
Killarney,2011,12,2011-12-01,46,2949
Killarney,2012,1,2012-01-01,60,3680
Killarney,2012,2,2012-02-01,55,2799
Killarney,2012,3,2012-03-01,52,2948
Killarney,2012,4,2012-04-01,73,3809
Killarney,2012,5,2012-05-01,61,3226
Killarney,2012,6,2012-06-01,54,2046
Killarney,2012,7,2012-07-01,54,2292
Killarney,2012,8,2012-08-01,72,3887
Killarney,2012,9,2012-09-01,102,4945
Killarney,2012,10,2012-10-01,73,3665
Killarney,2012,11,2012-11-01,47,3338
Killarney,2012,12,2012-12-01,60,3868
Killarney,2013,1,2013-01-01,55,2888
Killarney,2013,2,2013-02-01,59,3237
Killarney,2013,3,2013-03-01,53,2734
Killarney,2013,4,2013-04-01,62,3324
Killarney,2013,5,2013-05-01,50,2323
Killarney,2013,6,2013-06-01,43,2538
Killarney,2013,7,2013-07-01,43,1958
Killarney,2013,8,2013-08-01,37,1782
Killarney,2013,9,2013-09-01,42,2862
Killarney,2013,10,2013-10-01,56,2887
Killarney,2013,11,2013-11-01,49,3202
Killarney,2013,12,2013-12-01,52,2424
Killarney,2014,1,2014-01-01,71,5053
Killarney,2014,2,2014-02-01,46,2910
Killarney,2014,3,2014-03-01,54,3553
Killarney,2014,4,2014-04-01,37,2057
Killarney,2014,5,2014-05-01,45,1921
Killarney,2014,6,2014-06-01,39,2148
Killarney,2014,7,2014-07-01,54,2947
Killarney,2014,8,2014-08-01,60,4038
Killarney,2014,9,2014-09-01,60,4165
Killarney,2014,10,2014-10-01,62,3649
Killarney,2014,11,2014-11-01,61,4235
Killarney,2014,12,2014-12-01,95,5362
Killarney,2015,1,2015-01-01,41,2112
Killarney,2015,2,2015-02-01,50,2824
Killarney,2015,3,2015-03-01,52,3715
Killarney,2015,4,2015-04-01,59,2813
Killarney,2015,5,2015-05-01,77,4781
Killarney,2015,6,2015-06-01,52,2521
Killarney,2015,7,2015-07-01,46,2163
Killarney,2015,8,2015-08-01,45,2550
Killarney,2015,9,2015-09-01,41,2575
Killarney,2015,10,2015-10-01,56,3515
Killarney,2015,11,2015-11-01,71,3245
Killarney,2015,12,2015-12-01,68,3654
Killarney,2016,1,2016-01-01,45,2435
Killarney,2016,2,2016-02-01,57,3361
Killarney,2016,3,2016-03-01,44,2512
Killarney,2016,4,2016-04-01,54,3155
Killarney,2016,5,2016-05-01,82,3829
Killarney,2016,6,2016-06-01,49,3125
Killarney,2016,7,2016-07-01,45,2711
Killarney,2016,8,2016-08-01,38,2118
Killarney,2016,9,2016-09-01,54,2864
Killarney,2016,10,2016-10-01,48,2926
Killarney,2016,11,2016-11-01,52,3971
Killarney,2016,12,2016-12-01,37,2235
Killarney,2017,1,2017-01-01,50,3412
Killarney,2017,2,2017-02-01,51,2399
Killarney,2017,3,2017-03-01,49,3110
Killarney,2017,4,2017-04-01,60,3200
Killarney,2017,5,2017-05-01,59,2857
Killarney,2017,6,2017-06-01,64,3430
Killarney,2017,7,2017-07-01,45,2199
Killarney,2017,8,2017-08-01,64,2904
Killarney,2017,9,2017-09-01,61,2473
Killarney,2017,10,2017-10-01,62,2947
Killarney,2017,11,2017-11-01,62,3074
Killarney,2017,12,2017-12-01,60,2998
Killarney,2018,1,2018-01-01,74,3558
Killarney,2018,2,2018-02-01,37,2137
Killarney,2018,3,2018-03-01,55,2126
Killarney,2018,4,2018-04-01,57,2928
Killarney,2018,5,2018-05-01,57,3257
Killarney,2018,6,2018-06-01,47,2322
Killarney,2018,7,2018-07-01,39,1421
Killarney,2018,8,2018-08-01,59,3111
Killarney,2018,9,2018-09-01,53,3010
Killarney,2018,10,2018-10-01,50,2915
Killarney,2018,11,2018-11-01,55,3128
Killarney,2018,12,2018-12-01,55,3046
Killarney,2019,1,2019-01-01,52,2616
Killarney,2019,2,2019-02-01,49,2408
Killarney,2019,3,2019-03-01,54,2574
Killarney,2019,4,2019-04-01,58,2390
Killarney,2019,5,2019-05-01,48,1754
Killarney,2019,6,2019-06-01,61,3018
Killarney,2019,7,2019-07-01,68,2398
Killarney,2019,8,2019-08-01,62,2885
Killarney,2019,9,2019-09-01,87,4255
Killarney,2019,10,2019-10-01,55,2666
Killarney,2019,11,2019-11-01,53,2491
Killarney,2019,12,2019-12-01,46,2481
Killarney,2020,1,2020-01-01,53,2913
Killarney,2020,2,2020-02-01,52,3203
Killarney,2020,3,2020-03-01,45,2076
Killarney,2020,4,2020-04-01,43,1679
Killarney,2020,5,2020-05-01,49,2642
Killarney,2020,6,2020-06-01,43,1752
Killarney,2020,7,2020-07-01,45,2237
Killarney,2020,8,2020-08-01,58,2731
Killarney,2020,9,2020-09-01,61,2897
Killarney,2020,10,2020-10-01,56,3032
Killarney,2020,11,2020-11-01,33,1487
Killarney,2020,12,2020-12-01,35,1750
Killarney,2021,1,2021-01-01,41,2111
Killarney,2021,2,2021-02-01,40,1919
Killarney,2021,3,2021-03-01,38,2227
Killarney,2021,4,2021-04-01,30,1850
Killarney,2021,5,2021-05-01,54,3386
Killarney,2021,6,2021-06-01,39,1690
Killarney,2021,7,2021-07-01,49,2281
Killarney,2021,8,2021-08-01,47,2434
Killarney,2021,9,2021-09-01,34,1676
Killarney,2021,10,2021-10-01,44,2137
Killarney,2021,11,2021-11-01,39,2116
Killarney,2021,12,2021-12-01,45,2213
Killarney,2023,1,2023-01-01,66,2537
Killarney,2023,2,2023-02-01,41,1714
Killarney,2023,3,2023-03-01,35,1803
Killarney,2023,4,2023-04-01,47,2468
Killarney,2023,5,2023-05-01,32,1486
Killarney,2023,6,2023-06-01,36,1936
Killarney,2023,7,2023-07-01,43,1947
Killarney,2023,8,2023-08-01,44,1886
Killarney,2023,9,2023-09-01,40,2078
Killarney,2023,10,2023-10-01,49,2022
Killarney,2023,11,2023-11-01,50,2905
Killarney,2023,12,2023-12-01,57,3251
Killarney,2024,1,2024-01-01,44,2315
Killarney,2024,2,2024-02-01,33,1684
Killarney,2024,3,2024-03-01,44,1832
Killarney,2024,4,2024-04-01,35,1603
Killarney,2024,5,2024-05-01,40,1621
Killarney,2024,6,2024-06-01,42,1962
Killarney,2024,7,2024-07-01,40,1785
Killarney,2024,8,2024-08-01,35,1646
Killarney,2024,9,2024-09-01,39,1900
Killarney,2024,10,2024-10-01,31,1195
Killarney,2024,11,2024-11-01,40,1651
Killarney,2024,12,2024-12-01,35,1607
Killarney,2025,1,2025-01-01,31,1393
Killarney,2025,2,2025-02-01,25,1393
Killarney,2025,3,2025-03-01,41,1715
Killarney,2025,4,2025-04-01,27,992
Killarney,2025,5,2025-05-01,36,1470
Killarney,2025,6,2025-06-01,30,1291
Killarney,2025,7,2025-07-01,44,1619
Killarney,2025,8,2025-08-01,45,2147
Killarney,2025,9,2025-09-01,54,2513
Killarney,2025,10,2025-10-01,48,2120
Killarney,2025,11,2025-11-01,43,1703
Killarney,2025,12,2025-12-01,27,1282
Killarney,2026,1,2026-01-01,36,1513
Killarney,2026,2,2026-02-01,24,1124
Killarney,2026,3,2026-03-01,22,706
Killarney,2026,4,2026-04-01,38,1741
Killarney,2026,5,2026-05-01,34,1230
Killarney,2026,6,2026-06-01,48,1915
Killarney,2026,7,2026-07-01,33,1262
Killarney,2026,8,2026-08-01,37,1609
Killarney,2026,9,2026-09-01,25,1199
Kitsilano,2003,1,2003-01-01,335,21018
Kitsilano,2003,2,2003-02-01,255,15848
Kitsilano,2003,3,2003-03-01,285,17085
Kitsilano,2003,4,2003-04-01,294,17413
Kitsilano,2003,5,2003-05-01,339,19989
Kitsilano,2003,6,2003-06-01,354,21035
Kitsilano,2003,7,2003-07-01,260,15992
Kitsilano,2003,8,2003-08-01,299,16862
Kitsilano,2003,9,2003-09-01,257,14667
Kitsilano,2003,10,2003-10-01,289,16110
Kitsilano,2003,11,2003-11-01,239,16447
Kitsilano,2003,12,2003-12-01,247,16595
Kitsilano,2004,1,2004-01-01,283,19797
Kitsilano,2004,2,2004-02-01,255,16752
Kitsilano,2004,3,2004-03-01,276,15943
Kitsilano,2004,4,2004-04-01,254,14536
Kitsilano,2004,5,2004-05-01,253,14449
Kitsilano,2004,6,2004-06-01,234,14320
Kitsilano,2004,7,2004-07-01,253,13107
Kitsilano,2004,8,2004-08-01,273,15550
Kitsilano,2004,9,2004-09-01,316,21708
Kitsilano,2004,10,2004-10-01,274,16226
Kitsilano,2004,11,2004-11-01,252,14667
Kitsilano,2004,12,2004-12-01,279,17218
Kitsilano,2005,1,2005-01-01,246,12569
Kitsilano,2005,2,2005-02-01,185,10279
Kitsilano,2005,3,2005-03-01,279,14323
Kitsilano,2005,4,2005-04-01,318,16863
Kitsilano,2005,5,2005-05-01,268,16118
Kitsilano,2005,6,2005-06-01,252,14823
Kitsilano,2005,7,2005-07-01,279,16189
Kitsilano,2005,8,2005-08-01,235,15267
Kitsilano,2005,9,2005-09-01,244,13241
Kitsilano,2005,10,2005-10-01,212,13552
Kitsilano,2005,11,2005-11-01,225,13299
Kitsilano,2005,12,2005-12-01,220,11869
Kitsilano,2006,1,2006-01-01,271,15005
Kitsilano,2006,2,2006-02-01,212,12505
Kitsilano,2006,3,2006-03-01,196,10585
Kitsilano,2006,4,2006-04-01,190,12231
Kitsilano,2006,5,2006-05-01,203,11890
Kitsilano,2006,6,2006-06-01,222,14298
Kitsilano,2006,7,2006-07-01,228,15015
Kitsilano,2006,8,2006-08-01,245,13547
Kitsilano,2006,9,2006-09-01,248,12867
Kitsilano,2006,10,2006-10-01,245,13768
Kitsilano,2006,11,2006-11-01,293,13701
Kitsilano,2006,12,2006-12-01,204,11622
Kitsilano,2007,1,2007-01-01,216,14572
Kitsilano,2007,2,2007-02-01,154,9528
Kitsilano,2007,3,2007-03-01,183,10794
Kitsilano,2007,4,2007-04-01,196,12621
Kitsilano,2007,5,2007-05-01,196,13542
Kitsilano,2007,6,2007-06-01,179,11173
Kitsilano,2007,7,2007-07-01,169,10535
Kitsilano,2007,8,2007-08-01,210,11578
Kitsilano,2007,9,2007-09-01,179,9116
Kitsilano,2007,10,2007-10-01,164,8968
Kitsilano,2007,11,2007-11-01,165,11924
Kitsilano,2007,12,2007-12-01,152,8777
Kitsilano,2008,1,2008-01-01,184,12498
Kitsilano,2008,2,2008-02-01,153,10167
Kitsilano,2008,3,2008-03-01,177,11848
Kitsilano,2008,4,2008-04-01,167,11353
Kitsilano,2008,5,2008-05-01,177,10453
Kitsilano,2008,6,2008-06-01,184,11928
Kitsilano,2008,7,2008-07-01,164,9942
Kitsilano,2008,8,2008-08-01,137,8048
Kitsilano,2008,9,2008-09-01,146,8316
Kitsilano,2008,10,2008-10-01,147,9594
Kitsilano,2008,11,2008-11-01,169,9731
Kitsilano,2008,12,2008-12-01,165,10295
Kitsilano,2009,1,2009-01-01,204,14214
Kitsilano,2009,2,2009-02-01,192,12118
Kitsilano,2009,3,2009-03-01,134,7483
Kitsilano,2009,4,2009-04-01,153,7515
Kitsilano,2009,5,2009-05-01,167,9303
Kitsilano,2009,6,2009-06-01,168,7684
Kitsilano,2009,7,2009-07-01,153,6575
Kitsilano,2009,8,2009-08-01,222,9777
Kitsilano,2009,9,2009-09-01,126,6622
Kitsilano,2009,10,2009-10-01,112,5904
Kitsilano,2009,11,2009-11-01,195,10785
Kitsilano,2009,12,2009-12-01,144,8728
Kitsilano,2010,1,2010-01-01,137,7736
Kitsilano,2010,2,2010-02-01,105,5623
Kitsilano,2010,3,2010-03-01,101,5475
Kitsilano,2010,4,2010-04-01,166,9726
Kitsilano,2010,5,2010-05-01,137,7209
Kitsilano,2010,6,2010-06-01,143,7070
Kitsilano,2010,7,2010-07-01,167,7421
Kitsilano,2010,8,2010-08-01,195,11558
Kitsilano,2010,9,2010-09-01,118,5359
Kitsilano,2010,10,2010-10-01,146,7106
Kitsilano,2010,11,2010-11-01,119,6054
Kitsilano,2010,12,2010-12-01,141,8345
Kitsilano,2011,1,2011-01-01,127,8063
Kitsilano,2011,2,2011-02-01,90,5189
Kitsilano,2011,3,2011-03-01,159,8800
Kitsilano,2011,4,2011-04-01,91,4561
Kitsilano,2011,5,2011-05-01,124,6610
Kitsilano,2011,6,2011-06-01,124,5538
Kitsilano,2011,7,2011-07-01,165,7361
Kitsilano,2011,8,2011-08-01,159,6351
Kitsilano,2011,9,2011-09-01,152,7793
Kitsilano,2011,10,2011-10-01,147,6689
Kitsilano,2011,11,2011-11-01,125,5985
Kitsilano,2011,12,2011-12-01,132,7070
Kitsilano,2012,1,2012-01-01,136,6360
Kitsilano,2012,2,2012-02-01,98,5869
Kitsilano,2012,3,2012-03-01,100,5155
Kitsilano,2012,4,2012-04-01,120,6605
Kitsilano,2012,5,2012-05-01,145,6978
Kitsilano,2012,6,2012-06-01,122,6147
Kitsilano,2012,7,2012-07-01,181,9225
Kitsilano,2012,8,2012-08-01,208,10571
Kitsilano,2012,9,2012-09-01,174,10470
Kitsilano,2012,10,2012-10-01,192,10191
Kitsilano,2012,11,2012-11-01,131,7486
Kitsilano,2012,12,2012-12-01,120,7140
Kitsilano,2013,1,2013-01-01,137,9745
Kitsilano,2013,2,2013-02-01,93,5552
Kitsilano,2013,3,2013-03-01,178,9617
Kitsilano,2013,4,2013-04-01,163,9622
Kitsilano,2013,5,2013-05-01,148,7708
Kitsilano,2013,6,2013-06-01,135,6727
Kitsilano,2013,7,2013-07-01,126,6753
Kitsilano,2013,8,2013-08-01,137,7020
Kitsilano,2013,9,2013-09-01,129,6412
Kitsilano,2013,10,2013-10-01,139,7194
Kitsilano,2013,11,2013-11-01,134,7903
Kitsilano,2013,12,2013-12-01,120,7426
Kitsilano,2014,1,2014-01-01,135,5807
Kitsilano,2014,2,2014-02-01,92,5671
Kitsilano,2014,3,2014-03-01,101,5084
Kitsilano,2014,4,2014-04-01,129,6898
Kitsilano,2014,5,2014-05-01,140,9235
Kitsilano,2014,6,2014-06-01,145,8363
Kitsilano,2014,7,2014-07-01,114,5194
Kitsilano,2014,8,2014-08-01,133,6363
Kitsilano,2014,9,2014-09-01,182,8324
Kitsilano,2014,10,2014-10-01,143,7306
Kitsilano,2014,11,2014-11-01,121,6302
Kitsilano,2014,12,2014-12-01,123,8144
Kitsilano,2015,1,2015-01-01,155,9345
Kitsilano,2015,2,2015-02-01,140,7761
Kitsilano,2015,3,2015-03-01,126,6341
Kitsilano,2015,4,2015-04-01,147,6338
Kitsilano,2015,5,2015-05-01,148,6772
Kitsilano,2015,6,2015-06-01,150,7757
Kitsilano,2015,7,2015-07-01,165,7952
Kitsilano,2015,8,2015-08-01,175,7906
Kitsilano,2015,9,2015-09-01,156,9276
Kitsilano,2015,10,2015-10-01,156,8780
Kitsilano,2015,11,2015-11-01,183,11043
Kitsilano,2015,12,2015-12-01,183,12163
Kitsilano,2016,1,2016-01-01,194,12073
Kitsilano,2016,2,2016-02-01,120,5805
Kitsilano,2016,3,2016-03-01,155,10623
Kitsilano,2016,4,2016-04-01,163,8992
Kitsilano,2016,5,2016-05-01,168,8679
Kitsilano,2016,6,2016-06-01,205,10484
Kitsilano,2016,7,2016-07-01,208,9541
Kitsilano,2016,8,2016-08-01,213,11848
Kitsilano,2016,9,2016-09-01,174,10083
Kitsilano,2016,10,2016-10-01,144,7073
Kitsilano,2016,11,2016-11-01,130,6363
Kitsilano,2016,12,2016-12-01,106,6418
Kitsilano,2017,1,2017-01-01,108,5730
Kitsilano,2017,2,2017-02-01,131,6504
Kitsilano,2017,3,2017-03-01,141,7629
Kitsilano,2017,4,2017-04-01,124,6699
Kitsilano,2017,5,2017-05-01,176,10634
Kitsilano,2017,6,2017-06-01,159,7085
Kitsilano,2017,7,2017-07-01,233,10889
Kitsilano,2017,8,2017-08-01,161,7461
Kitsilano,2017,9,2017-09-01,125,6045
Kitsilano,2017,10,2017-10-01,140,5776
Kitsilano,2017,11,2017-11-01,135,7148
Kitsilano,2017,12,2017-12-01,165,7618
Kitsilano,2018,1,2018-01-01,162,8461
Kitsilano,2018,2,2018-02-01,132,6287
Kitsilano,2018,3,2018-03-01,146,7687
Kitsilano,2018,4,2018-04-01,220,8909
Kitsilano,2018,5,2018-05-01,175,8319
Kitsilano,2018,6,2018-06-01,212,9620
Kitsilano,2018,7,2018-07-01,184,7500
Kitsilano,2018,8,2018-08-01,206,8789
Kitsilano,2018,9,2018-09-01,190,8341
Kitsilano,2018,10,2018-10-01,176,7985
Kitsilano,2018,11,2018-11-01,127,5350
Kitsilano,2018,12,2018-12-01,125,6690
Kitsilano,2019,1,2019-01-01,145,6915
Kitsilano,2019,2,2019-02-01,121,5234
Kitsilano,2019,3,2019-03-01,150,5919
Kitsilano,2019,4,2019-04-01,137,6263
Kitsilano,2019,5,2019-05-01,153,6275
Kitsilano,2019,6,2019-06-01,130,7021
Kitsilano,2019,7,2019-07-01,151,7056
Kitsilano,2019,8,2019-08-01,169,6970
Kitsilano,2019,9,2019-09-01,182,8206
Kitsilano,2019,10,2019-10-01,215,10702
Kitsilano,2019,11,2019-11-01,170,8423
Kitsilano,2019,12,2019-12-01,131,7226
Kitsilano,2020,1,2020-01-01,174,8872
Kitsilano,2020,2,2020-02-01,147,6533
Kitsilano,2020,3,2020-03-01,169,9307
Kitsilano,2020,4,2020-04-01,180,9301
Kitsilano,2020,5,2020-05-01,120,6514
Kitsilano,2020,6,2020-06-01,125,6179
Kitsilano,2020,7,2020-07-01,174,10198
Kitsilano,2020,8,2020-08-01,135,6403
Kitsilano,2020,9,2020-09-01,169,8404
Kitsilano,2020,10,2020-10-01,140,7861
Kitsilano,2020,11,2020-11-01,129,6362
Kitsilano,2020,12,2020-12-01,95,4840
Kitsilano,2021,1,2021-01-01,112,6184
Kitsilano,2021,2,2021-02-01,104,5331
Kitsilano,2021,3,2021-03-01,89,4217
Kitsilano,2021,4,2021-04-01,151,8524
Kitsilano,2021,5,2021-05-01,127,5786
Kitsilano,2021,6,2021-06-01,150,8105
Kitsilano,2021,7,2021-07-01,144,6071
Kitsilano,2021,8,2021-08-01,100,4392
Kitsilano,2021,9,2021-09-01,87,4024
Kitsilano,2021,10,2021-10-01,91,4112
Kitsilano,2021,11,2021-11-01,81,3400
Kitsilano,2021,12,2021-12-01,82,4101
Kitsilano,2023,1,2023-01-01,89,4955
Kitsilano,2023,2,2023-02-01,99,4964
Kitsilano,2023,3,2023-03-01,95,4023
Kitsilano,2023,4,2023-04-01,92,4806
Kitsilano,2023,5,2023-05-01,101,4520
Kitsilano,2023,6,2023-06-01,108,5330
Kitsilano,2023,7,2023-07-01,130,5309
Kitsilano,2023,8,2023-08-01,96,3641
Kitsilano,2023,9,2023-09-01,109,4521
Kitsilano,2023,10,2023-10-01,96,4093
Kitsilano,2023,11,2023-11-01,81,3301
Kitsilano,2023,12,2023-12-01,89,3806
Kitsilano,2024,1,2024-01-01,93,4128
Kitsilano,2024,2,2024-02-01,61,2179
Kitsilano,2024,3,2024-03-01,89,3572
Kitsilano,2024,4,2024-04-01,106,4080
Kitsilano,2024,5,2024-05-01,120,4591
Kitsilano,2024,6,2024-06-01,76,2601
Kitsilano,2024,7,2024-07-01,120,4237
Kitsilano,2024,8,2024-08-01,106,3909
Kitsilano,2024,9,2024-09-01,117,4003
Kitsilano,2024,10,2024-10-01,139,5318
Kitsilano,2024,11,2024-11-01,87,3259
Kitsilano,2024,12,2024-12-01,71,2971
Kitsilano,2025,1,2025-01-01,79,3452
Kitsilano,2025,2,2025-02-01,79,3292
Kitsilano,2025,3,2025-03-01,85,4061
Kitsilano,2025,4,2025-04-01,77,3009
Kitsilano,2025,5,2025-05-01,103,4948
Kitsilano,2025,6,2025-06-01,125,4960
Kitsilano,2025,7,2025-07-01,82,2746
Kitsilano,2025,8,2025-08-01,111,4388
Kitsilano,2025,9,2025-09-01,108,4192
Kitsilano,2025,10,2025-10-01,82,3207
Kitsilano,2025,11,2025-11-01,74,3261
Kitsilano,2025,12,2025-12-01,78,3378
Kitsilano,2026,1,2026-01-01,84,3260
Kitsilano,2026,2,2026-02-01,75,2920
Kitsilano,2026,3,2026-03-01,86,3191
Kitsilano,2026,4,2026-04-01,93,3739
Kitsilano,2026,5,2026-05-01,101,3845
Kitsilano,2026,6,2026-06-01,110,4272
Kitsilano,2026,7,2026-07-01,119,4195
Kitsilano,2026,8,2026-08-01,98,3523
Kitsilano,2026,9,2026-09-01,85,3190
Marpole,2003,1,2003-01-01,120,7579
Marpole,2003,2,2003-02-01,123,8082
Marpole,2003,3,2003-03-01,102,6202
Marpole,2003,4,2003-04-01,118,8132
Marpole,2003,5,2003-05-01,111,6453
Marpole,2003,6,2003-06-01,147,8942
Marpole,2003,7,2003-07-01,97,5497
Marpole,2003,8,2003-08-01,98,6042
Marpole,2003,9,2003-09-01,112,6878
Marpole,2003,10,2003-10-01,115,7733
Marpole,2003,11,2003-11-01,109,6649
Marpole,2003,12,2003-12-01,124,8256
Marpole,2004,1,2004-01-01,112,7137
Marpole,2004,2,2004-02-01,111,7178
Marpole,2004,3,2004-03-01,129,9060
Marpole,2004,4,2004-04-01,95,5835
Marpole,2004,5,2004-05-01,118,7408
Marpole,2004,6,2004-06-01,124,8158
Marpole,2004,7,2004-07-01,123,7387
Marpole,2004,8,2004-08-01,116,6530
Marpole,2004,9,2004-09-01,126,8370
Marpole,2004,10,2004-10-01,149,9561
Marpole,2004,11,2004-11-01,142,8624
Marpole,2004,12,2004-12-01,150,7456
Marpole,2005,1,2005-01-01,152,9425
Marpole,2005,2,2005-02-01,181,10927
Marpole,2005,3,2005-03-01,146,8453
Marpole,2005,4,2005-04-01,152,7936
Marpole,2005,5,2005-05-01,113,6372
Marpole,2005,6,2005-06-01,122,6236
Marpole,2005,7,2005-07-01,106,6670
Marpole,2005,8,2005-08-01,132,7264
Marpole,2005,9,2005-09-01,105,7572
Marpole,2005,10,2005-10-01,128,8080
Marpole,2005,11,2005-11-01,104,6044
Marpole,2005,12,2005-12-01,109,6352
Marpole,2006,1,2006-01-01,108,7625
Marpole,2006,2,2006-02-01,111,7441
Marpole,2006,3,2006-03-01,102,6034
Marpole,2006,4,2006-04-01,82,4406
Marpole,2006,5,2006-05-01,127,6412
Marpole,2006,6,2006-06-01,100,5892
Marpole,2006,7,2006-07-01,103,6319
Marpole,2006,8,2006-08-01,69,4952
Marpole,2006,9,2006-09-01,97,5685
Marpole,2006,10,2006-10-01,102,7846
Marpole,2006,11,2006-11-01,81,5802
Marpole,2006,12,2006-12-01,88,6713
Marpole,2007,1,2007-01-01,106,6978
Marpole,2007,2,2007-02-01,67,4526
Marpole,2007,3,2007-03-01,75,5195
Marpole,2007,4,2007-04-01,88,5765
Marpole,2007,5,2007-05-01,97,6045
Marpole,2007,6,2007-06-01,89,6255
Marpole,2007,7,2007-07-01,104,7107
Marpole,2007,8,2007-08-01,138,10401
Marpole,2007,9,2007-09-01,121,6988
Marpole,2007,10,2007-10-01,99,6252
Marpole,2007,11,2007-11-01,90,5979
Marpole,2007,12,2007-12-01,74,4663
Marpole,2008,1,2008-01-01,88,6190
Marpole,2008,2,2008-02-01,79,6151
Marpole,2008,3,2008-03-01,79,5715
Marpole,2008,4,2008-04-01,79,4026
Marpole,2008,5,2008-05-01,88,5836
Marpole,2008,6,2008-06-01,99,6337
Marpole,2008,7,2008-07-01,75,5510
Marpole,2008,8,2008-08-01,70,5171
Marpole,2008,9,2008-09-01,83,5084
Marpole,2008,10,2008-10-01,78,5418
Marpole,2008,11,2008-11-01,62,3577
Marpole,2008,12,2008-12-01,83,6199
Marpole,2009,1,2009-01-01,98,5810
Marpole,2009,2,2009-02-01,64,4480
Marpole,2009,3,2009-03-01,59,4036
Marpole,2009,4,2009-04-01,60,3756
Marpole,2009,5,2009-05-01,77,4525
Marpole,2009,6,2009-06-01,110,5941
Marpole,2009,7,2009-07-01,89,5516
Marpole,2009,8,2009-08-01,72,4164
Marpole,2009,9,2009-09-01,62,4647
Marpole,2009,10,2009-10-01,46,2776
Marpole,2009,11,2009-11-01,68,4807
Marpole,2009,12,2009-12-01,76,5661
Marpole,2010,1,2010-01-01,72,4249
Marpole,2010,2,2010-02-01,82,6231
Marpole,2010,3,2010-03-01,52,3471
Marpole,2010,4,2010-04-01,69,3412
Marpole,2010,5,2010-05-01,63,4309
Marpole,2010,6,2010-06-01,72,5372
Marpole,2010,7,2010-07-01,61,2701
Marpole,2010,8,2010-08-01,45,2298
Marpole,2010,9,2010-09-01,101,8041
Marpole,2010,10,2010-10-01,65,5188
Marpole,2010,11,2010-11-01,73,6213
Marpole,2010,12,2010-12-01,56,3865
Marpole,2011,1,2011-01-01,60,4686
Marpole,2011,2,2011-02-01,51,3373
Marpole,2011,3,2011-03-01,64,4654
Marpole,2011,4,2011-04-01,64,4646
Marpole,2011,5,2011-05-01,59,3363
Marpole,2011,6,2011-06-01,66,4224
Marpole,2011,7,2011-07-01,51,2718
Marpole,2011,8,2011-08-01,44,2390
Marpole,2011,9,2011-09-01,74,5926
Marpole,2011,10,2011-10-01,50,3215
Marpole,2011,11,2011-11-01,79,5592
Marpole,2011,12,2011-12-01,65,3775
Marpole,2012,1,2012-01-01,65,4321
Marpole,2012,2,2012-02-01,49,2475
Marpole,2012,3,2012-03-01,89,4270
Marpole,2012,4,2012-04-01,68,3136
Marpole,2012,5,2012-05-01,53,2982
Marpole,2012,6,2012-06-01,61,3231
Marpole,2012,7,2012-07-01,61,3473
Marpole,2012,8,2012-08-01,69,4060
Marpole,2012,9,2012-09-01,62,3994
Marpole,2012,10,2012-10-01,71,5164
Marpole,2012,11,2012-11-01,89,6612
Marpole,2012,12,2012-12-01,82,7105
Marpole,2013,1,2013-01-01,74,5618
Marpole,2013,2,2013-02-01,71,5481
Marpole,2013,3,2013-03-01,61,3440
Marpole,2013,4,2013-04-01,55,3887
Marpole,2013,5,2013-05-01,60,3410
Marpole,2013,6,2013-06-01,58,3353
Marpole,2013,7,2013-07-01,76,4698
Marpole,2013,8,2013-08-01,42,2529
Marpole,2013,9,2013-09-01,76,4820
Marpole,2013,10,2013-10-01,61,4434
Marpole,2013,11,2013-11-01,83,5457
Marpole,2013,12,2013-12-01,74,5084
Marpole,2014,1,2014-01-01,67,4754
Marpole,2014,2,2014-02-01,55,3948
Marpole,2014,3,2014-03-01,50,3322
Marpole,2014,4,2014-04-01,64,4282
Marpole,2014,5,2014-05-01,62,3983
Marpole,2014,6,2014-06-01,62,3700
Marpole,2014,7,2014-07-01,87,4981
Marpole,2014,8,2014-08-01,84,5337
Marpole,2014,9,2014-09-01,61,3666
Marpole,2014,10,2014-10-01,105,6499
Marpole,2014,11,2014-11-01,75,5333
Marpole,2014,12,2014-12-01,85,5975
Marpole,2015,1,2015-01-01,68,5285
Marpole,2015,2,2015-02-01,67,4125
Marpole,2015,3,2015-03-01,71,4660
Marpole,2015,4,2015-04-01,58,3501
Marpole,2015,5,2015-05-01,77,3852
Marpole,2015,6,2015-06-01,68,4208
Marpole,2015,7,2015-07-01,76,4605
Marpole,2015,8,2015-08-01,67,3381
Marpole,2015,9,2015-09-01,71,3940
Marpole,2015,10,2015-10-01,85,5369
Marpole,2015,11,2015-11-01,72,4204
Marpole,2015,12,2015-12-01,77,5260
Marpole,2016,1,2016-01-01,80,5079
Marpole,2016,2,2016-02-01,84,5846
Marpole,2016,3,2016-03-01,69,3986
Marpole,2016,4,2016-04-01,70,4625
Marpole,2016,5,2016-05-01,72,4380
Marpole,2016,6,2016-06-01,75,3593
Marpole,2016,7,2016-07-01,82,3987
Marpole,2016,8,2016-08-01,84,5121
Marpole,2016,9,2016-09-01,91,5569
Marpole,2016,10,2016-10-01,84,4631
Marpole,2016,11,2016-11-01,85,5325
Marpole,2016,12,2016-12-01,73,5101
Marpole,2017,1,2017-01-01,78,4422
Marpole,2017,2,2017-02-01,49,3226
Marpole,2017,3,2017-03-01,109,6883
Marpole,2017,4,2017-04-01,73,3792
Marpole,2017,5,2017-05-01,79,4284
Marpole,2017,6,2017-06-01,73,3427
Marpole,2017,7,2017-07-01,62,2926
Marpole,2017,8,2017-08-01,92,4668
Marpole,2017,9,2017-09-01,74,3205
Marpole,2017,10,2017-10-01,84,4124
Marpole,2017,11,2017-11-01,99,5683
Marpole,2017,12,2017-12-01,105,3979
Marpole,2018,1,2018-01-01,104,7220
Marpole,2018,2,2018-02-01,61,2799
Marpole,2018,3,2018-03-01,64,3140
Marpole,2018,4,2018-04-01,89,4448
Marpole,2018,5,2018-05-01,74,3526
Marpole,2018,6,2018-06-01,49,2798
Marpole,2018,7,2018-07-01,56,2545
Marpole,2018,8,2018-08-01,99,4742
Marpole,2018,9,2018-09-01,69,3746
Marpole,2018,10,2018-10-01,86,4514
Marpole,2018,11,2018-11-01,80,4045
Marpole,2018,12,2018-12-01,102,6022
Marpole,2019,1,2019-01-01,82,3867
Marpole,2019,2,2019-02-01,95,5650
Marpole,2019,3,2019-03-01,83,4293
Marpole,2019,4,2019-04-01,78,4153
Marpole,2019,5,2019-05-01,89,4257
Marpole,2019,6,2019-06-01,73,3654
Marpole,2019,7,2019-07-01,86,4685
Marpole,2019,8,2019-08-01,110,5973
Marpole,2019,9,2019-09-01,77,4523
Marpole,2019,10,2019-10-01,104,5262
Marpole,2019,11,2019-11-01,87,5005
Marpole,2019,12,2019-12-01,104,5962
Marpole,2020,1,2020-01-01,101,4738
Marpole,2020,2,2020-02-01,90,4399
Marpole,2020,3,2020-03-01,87,4980
Marpole,2020,4,2020-04-01,81,3846
Marpole,2020,5,2020-05-01,37,2343
Marpole,2020,6,2020-06-01,65,3680
Marpole,2020,7,2020-07-01,59,2623
Marpole,2020,8,2020-08-01,58,3096
Marpole,2020,9,2020-09-01,80,4709
Marpole,2020,10,2020-10-01,112,6502
Marpole,2020,11,2020-11-01,69,3453
Marpole,2020,12,2020-12-01,83,3851
Marpole,2021,1,2021-01-01,98,5768
Marpole,2021,2,2021-02-01,63,3161
Marpole,2021,3,2021-03-01,88,4552
Marpole,2021,4,2021-04-01,53,2367
Marpole,2021,5,2021-05-01,70,3784
Marpole,2021,6,2021-06-01,71,3739
Marpole,2021,7,2021-07-01,83,4493
Marpole,2021,8,2021-08-01,83,4890
Marpole,2021,9,2021-09-01,74,4002
Marpole,2021,10,2021-10-01,58,2816
Marpole,2021,11,2021-11-01,70,3535
Marpole,2021,12,2021-12-01,75,4295
Marpole,2023,1,2023-01-01,52,2710
Marpole,2023,2,2023-02-01,62,3341
Marpole,2023,3,2023-03-01,74,3285
Marpole,2023,4,2023-04-01,78,3481
Marpole,2023,5,2023-05-01,87,4617
Marpole,2023,6,2023-06-01,67,3630
Marpole,2023,7,2023-07-01,63,2798
Marpole,2023,8,2023-08-01,63,2183
Marpole,2023,9,2023-09-01,57,3239
Marpole,2023,10,2023-10-01,97,4628
Marpole,2023,11,2023-11-01,79,3666
Marpole,2023,12,2023-12-01,71,3358
Marpole,2024,1,2024-01-01,84,3982
Marpole,2024,2,2024-02-01,77,3974
Marpole,2024,3,2024-03-01,84,4164
Marpole,2024,4,2024-04-01,54,2492
Marpole,2024,5,2024-05-01,57,2588
Marpole,2024,6,2024-06-01,69,3241
Marpole,2024,7,2024-07-01,69,3538
Marpole,2024,8,2024-08-01,75,3452
Marpole,2024,9,2024-09-01,53,2851
Marpole,2024,10,2024-10-01,64,2579
Marpole,2024,11,2024-11-01,59,2883
Marpole,2024,12,2024-12-01,52,2255
Marpole,2025,1,2025-01-01,60,2698
Marpole,2025,2,2025-02-01,48,2274
Marpole,2025,3,2025-03-01,81,3550
Marpole,2025,4,2025-04-01,55,2639
Marpole,2025,5,2025-05-01,67,2712
Marpole,2025,6,2025-06-01,71,3103
Marpole,2025,7,2025-07-01,58,2480
Marpole,2025,8,2025-08-01,64,3324
Marpole,2025,9,2025-09-01,68,2719
Marpole,2025,10,2025-10-01,77,3513
Marpole,2025,11,2025-11-01,53,2885
Marpole,2025,12,2025-12-01,70,2999
Marpole,2026,1,2026-01-01,81,3576
Marpole,2026,2,2026-02-01,69,2799
Marpole,2026,3,2026-03-01,59,2647
Marpole,2026,4,2026-04-01,52,2220
Marpole,2026,5,2026-05-01,60,2277
Marpole,2026,6,2026-06-01,54,2410
Marpole,2026,7,2026-07-01,70,2808
Marpole,2026,8,2026-08-01,78,3070
Marpole,2026,9,2026-09-01,48,1983
Mount Pleasant,2003,1,2003-01-01,196,10308
Mount Pleasant,2003,2,2003-02-01,246,13661
Mount Pleasant,2003,3,2003-03-01,219,12132
Mount Pleasant,2003,4,2003-04-01,188,9752
Mount Pleasant,2003,5,2003-05-01,217,10920
Mount Pleasant,2003,6,2003-06-01,229,13049
Mount Pleasant,2003,7,2003-07-01,259,15132
Mount Pleasant,2003,8,2003-08-01,270,14343
Mount Pleasant,2003,9,2003-09-01,269,14686
Mount Pleasant,2003,10,2003-10-01,265,15519
Mount Pleasant,2003,11,2003-11-01,241,12080
Mount Pleasant,2003,12,2003-12-01,271,15570
Mount Pleasant,2004,1,2004-01-01,243,13547
Mount Pleasant,2004,2,2004-02-01,234,11996
Mount Pleasant,2004,3,2004-03-01,286,16381
Mount Pleasant,2004,4,2004-04-01,297,17228
Mount Pleasant,2004,5,2004-05-01,252,13407
Mount Pleasant,2004,6,2004-06-01,232,13688
Mount Pleasant,2004,7,2004-07-01,306,16775
Mount Pleasant,2004,8,2004-08-01,283,15898
Mount Pleasant,2004,9,2004-09-01,257,16527
Mount Pleasant,2004,10,2004-10-01,308,18279
Mount Pleasant,2004,11,2004-11-01,273,15194
Mount Pleasant,2004,12,2004-12-01,324,19423
Mount Pleasant,2005,1,2005-01-01,318,18166
Mount Pleasant,2005,2,2005-02-01,191,10098
Mount Pleasant,2005,3,2005-03-01,237,12883
Mount Pleasant,2005,4,2005-04-01,241,14634
Mount Pleasant,2005,5,2005-05-01,239,13901
Mount Pleasant,2005,6,2005-06-01,268,16720
Mount Pleasant,2005,7,2005-07-01,274,17467
Mount Pleasant,2005,8,2005-08-01,273,14546
Mount Pleasant,2005,9,2005-09-01,261,15905
Mount Pleasant,2005,10,2005-10-01,280,15097
Mount Pleasant,2005,11,2005-11-01,186,10429
Mount Pleasant,2005,12,2005-12-01,219,12007
Mount Pleasant,2006,1,2006-01-01,275,13916
Mount Pleasant,2006,2,2006-02-01,199,11053
Mount Pleasant,2006,3,2006-03-01,274,15439
Mount Pleasant,2006,4,2006-04-01,187,10091
Mount Pleasant,2006,5,2006-05-01,198,10718
Mount Pleasant,2006,6,2006-06-01,208,11778
Mount Pleasant,2006,7,2006-07-01,239,12530
Mount Pleasant,2006,8,2006-08-01,268,14856
Mount Pleasant,2006,9,2006-09-01,238,12422
Mount Pleasant,2006,10,2006-10-01,256,12973
Mount Pleasant,2006,11,2006-11-01,159,9006
Mount Pleasant,2006,12,2006-12-01,211,14223
Mount Pleasant,2007,1,2007-01-01,200,12229
Mount Pleasant,2007,2,2007-02-01,149,9797
Mount Pleasant,2007,3,2007-03-01,161,8424
Mount Pleasant,2007,4,2007-04-01,177,9641
Mount Pleasant,2007,5,2007-05-01,211,12577
Mount Pleasant,2007,6,2007-06-01,249,15808
Mount Pleasant,2007,7,2007-07-01,221,13972
Mount Pleasant,2007,8,2007-08-01,281,16435
Mount Pleasant,2007,9,2007-09-01,172,9452
Mount Pleasant,2007,10,2007-10-01,222,13122
Mount Pleasant,2007,11,2007-11-01,163,9651
Mount Pleasant,2007,12,2007-12-01,162,9255
Mount Pleasant,2008,1,2008-01-01,225,14689
Mount Pleasant,2008,2,2008-02-01,176,11747
Mount Pleasant,2008,3,2008-03-01,226,14823
Mount Pleasant,2008,4,2008-04-01,195,11092
Mount Pleasant,2008,5,2008-05-01,158,7953
Mount Pleasant,2008,6,2008-06-01,177,9364
Mount Pleasant,2008,7,2008-07-01,214,11012
Mount Pleasant,2008,8,2008-08-01,211,10807
Mount Pleasant,2008,9,2008-09-01,268,12004
Mount Pleasant,2008,10,2008-10-01,232,11692
Mount Pleasant,2008,11,2008-11-01,211,9487
Mount Pleasant,2008,12,2008-12-01,158,7317
Mount Pleasant,2009,1,2009-01-01,176,10059
Mount Pleasant,2009,2,2009-02-01,161,9630
Mount Pleasant,2009,3,2009-03-01,180,10402
Mount Pleasant,2009,4,2009-04-01,189,11520
Mount Pleasant,2009,5,2009-05-01,194,10026
Mount Pleasant,2009,6,2009-06-01,173,8106
Mount Pleasant,2009,7,2009-07-01,204,10226
Mount Pleasant,2009,8,2009-08-01,162,7215
Mount Pleasant,2009,9,2009-09-01,167,8589
Mount Pleasant,2009,10,2009-10-01,166,9349
Mount Pleasant,2009,11,2009-11-01,153,8342
Mount Pleasant,2009,12,2009-12-01,138,7015
Mount Pleasant,2010,1,2010-01-01,154,8093
Mount Pleasant,2010,2,2010-02-01,136,6464
Mount Pleasant,2010,3,2010-03-01,150,7292
Mount Pleasant,2010,4,2010-04-01,158,8126
Mount Pleasant,2010,5,2010-05-01,155,7138
Mount Pleasant,2010,6,2010-06-01,169,8945
Mount Pleasant,2010,7,2010-07-01,184,8710
Mount Pleasant,2010,8,2010-08-01,166,8646
Mount Pleasant,2010,9,2010-09-01,175,8047
Mount Pleasant,2010,10,2010-10-01,167,9002
Mount Pleasant,2010,11,2010-11-01,146,8626
Mount Pleasant,2010,12,2010-12-01,162,8565
Mount Pleasant,2011,1,2011-01-01,175,10673
Mount Pleasant,2011,2,2011-02-01,167,9884
Mount Pleasant,2011,3,2011-03-01,157,9255
Mount Pleasant,2011,4,2011-04-01,156,8324
Mount Pleasant,2011,5,2011-05-01,186,10357
Mount Pleasant,2011,6,2011-06-01,170,9200
Mount Pleasant,2011,7,2011-07-01,227,11130
Mount Pleasant,2011,8,2011-08-01,199,12129
Mount Pleasant,2011,9,2011-09-01,188,9804
Mount Pleasant,2011,10,2011-10-01,147,7840
Mount Pleasant,2011,11,2011-11-01,178,9573
Mount Pleasant,2011,12,2011-12-01,173,9821
Mount Pleasant,2012,1,2012-01-01,164,8259
Mount Pleasant,2012,2,2012-02-01,175,9631
Mount Pleasant,2012,3,2012-03-01,180,10685
Mount Pleasant,2012,4,2012-04-01,151,7369
Mount Pleasant,2012,5,2012-05-01,187,9466
Mount Pleasant,2012,6,2012-06-01,201,10062
Mount Pleasant,2012,7,2012-07-01,169,8151
Mount Pleasant,2012,8,2012-08-01,193,8739
Mount Pleasant,2012,9,2012-09-01,220,10363
Mount Pleasant,2012,10,2012-10-01,182,8682
Mount Pleasant,2012,11,2012-11-01,180,8942
Mount Pleasant,2012,12,2012-12-01,152,9127
Mount Pleasant,2013,1,2013-01-01,199,10886
Mount Pleasant,2013,2,2013-02-01,144,6708
Mount Pleasant,2013,3,2013-03-01,170,8038
Mount Pleasant,2013,4,2013-04-01,177,10019
Mount Pleasant,2013,5,2013-05-01,202,9084
Mount Pleasant,2013,6,2013-06-01,205,11112
Mount Pleasant,2013,7,2013-07-01,207,10794
Mount Pleasant,2013,8,2013-08-01,207,10905
Mount Pleasant,2013,9,2013-09-01,210,10207
Mount Pleasant,2013,10,2013-10-01,202,10324
Mount Pleasant,2013,11,2013-11-01,217,10608
Mount Pleasant,2013,12,2013-12-01,177,9263
Mount Pleasant,2014,1,2014-01-01,201,11248
Mount Pleasant,2014,2,2014-02-01,182,8946
Mount Pleasant,2014,3,2014-03-01,218,12183
Mount Pleasant,2014,4,2014-04-01,222,11189
Mount Pleasant,2014,5,2014-05-01,249,11554
Mount Pleasant,2014,6,2014-06-01,267,11647
Mount Pleasant,2014,7,2014-07-01,302,12947
Mount Pleasant,2014,8,2014-08-01,293,13599
Mount Pleasant,2014,9,2014-09-01,274,12350
Mount Pleasant,2014,10,2014-10-01,285,12283
Mount Pleasant,2014,11,2014-11-01,199,9244
Mount Pleasant,2014,12,2014-12-01,192,10433
Mount Pleasant,2015,1,2015-01-01,185,8578
Mount Pleasant,2015,2,2015-02-01,145,5867
Mount Pleasant,2015,3,2015-03-01,183,7965
Mount Pleasant,2015,4,2015-04-01,215,9425
Mount Pleasant,2015,5,2015-05-01,234,10085
Mount Pleasant,2015,6,2015-06-01,213,9590
Mount Pleasant,2015,7,2015-07-01,280,13422
Mount Pleasant,2015,8,2015-08-01,266,12882
Mount Pleasant,2015,9,2015-09-01,255,12997
Mount Pleasant,2015,10,2015-10-01,267,12920
Mount Pleasant,2015,11,2015-11-01,281,14218
Mount Pleasant,2015,12,2015-12-01,243,12898
Mount Pleasant,2016,1,2016-01-01,231,13188
Mount Pleasant,2016,2,2016-02-01,173,8780
Mount Pleasant,2016,3,2016-03-01,218,9300
Mount Pleasant,2016,4,2016-04-01,268,12356
Mount Pleasant,2016,5,2016-05-01,330,14828
Mount Pleasant,2016,6,2016-06-01,283,11419
Mount Pleasant,2016,7,2016-07-01,324,14128
Mount Pleasant,2016,8,2016-08-01,281,11355
Mount Pleasant,2016,9,2016-09-01,239,10614
Mount Pleasant,2016,10,2016-10-01,249,10373
Mount Pleasant,2016,11,2016-11-01,203,11769
Mount Pleasant,2016,12,2016-12-01,206,9464
Mount Pleasant,2017,1,2017-01-01,185,8674
Mount Pleasant,2017,2,2017-02-01,179,8989
Mount Pleasant,2017,3,2017-03-01,229,10770
Mount Pleasant,2017,4,2017-04-01,208,9949
Mount Pleasant,2017,5,2017-05-01,245,11901
Mount Pleasant,2017,6,2017-06-01,206,8795
Mount Pleasant,2017,7,2017-07-01,238,10711
Mount Pleasant,2017,8,2017-08-01,249,11735
Mount Pleasant,2017,9,2017-09-01,254,10374
Mount Pleasant,2017,10,2017-10-01,255,11288
Mount Pleasant,2017,11,2017-11-01,232,10906
Mount Pleasant,2017,12,2017-12-01,276,12044
Mount Pleasant,2018,1,2018-01-01,257,12725
Mount Pleasant,2018,2,2018-02-01,214,10259
Mount Pleasant,2018,3,2018-03-01,241,11344
Mount Pleasant,2018,4,2018-04-01,224,10001
Mount Pleasant,2018,5,2018-05-01,239,11099
Mount Pleasant,2018,6,2018-06-01,267,10886
Mount Pleasant,2018,7,2018-07-01,225,10562
Mount Pleasant,2018,8,2018-08-01,241,9816
Mount Pleasant,2018,9,2018-09-01,273,11518
Mount Pleasant,2018,10,2018-10-01,200,8841
Mount Pleasant,2018,11,2018-11-01,199,8384
Mount Pleasant,2018,12,2018-12-01,234,10249
Mount Pleasant,2019,1,2019-01-01,203,8638
Mount Pleasant,2019,2,2019-02-01,194,10529
Mount Pleasant,2019,3,2019-03-01,223,9376
Mount Pleasant,2019,4,2019-04-01,214,8026
Mount Pleasant,2019,5,2019-05-01,276,12837
Mount Pleasant,2019,6,2019-06-01,254,10885
Mount Pleasant,2019,7,2019-07-01,317,14267
Mount Pleasant,2019,8,2019-08-01,343,15833
Mount Pleasant,2019,9,2019-09-01,276,13200
Mount Pleasant,2019,10,2019-10-01,276,12993
Mount Pleasant,2019,11,2019-11-01,280,13623
Mount Pleasant,2019,12,2019-12-01,265,13231
Mount Pleasant,2020,1,2020-01-01,250,13813
Mount Pleasant,2020,2,2020-02-01,238,12267
Mount Pleasant,2020,3,2020-03-01,261,13163
Mount Pleasant,2020,4,2020-04-01,219,11967
Mount Pleasant,2020,5,2020-05-01,159,8687
Mount Pleasant,2020,6,2020-06-01,135,6144
Mount Pleasant,2020,7,2020-07-01,192,9004
Mount Pleasant,2020,8,2020-08-01,187,9493
Mount Pleasant,2020,9,2020-09-01,219,10603
Mount Pleasant,2020,10,2020-10-01,199,10660
Mount Pleasant,2020,11,2020-11-01,159,7457
Mount Pleasant,2020,12,2020-12-01,190,9688
Mount Pleasant,2021,1,2021-01-01,181,9573
Mount Pleasant,2021,2,2021-02-01,140,7530
Mount Pleasant,2021,3,2021-03-01,188,9046
Mount Pleasant,2021,4,2021-04-01,157,7605
Mount Pleasant,2021,5,2021-05-01,186,9520
Mount Pleasant,2021,6,2021-06-01,180,8272
Mount Pleasant,2021,7,2021-07-01,200,8811
Mount Pleasant,2021,8,2021-08-01,208,9045
Mount Pleasant,2021,9,2021-09-01,220,10683
Mount Pleasant,2021,10,2021-10-01,185,8755
Mount Pleasant,2021,11,2021-11-01,170,7234
Mount Pleasant,2021,12,2021-12-01,169,7760
Mount Pleasant,2023,1,2023-01-01,194,8751
Mount Pleasant,2023,2,2023-02-01,161,6526
Mount Pleasant,2023,3,2023-03-01,136,6867
Mount Pleasant,2023,4,2023-04-01,173,6980
Mount Pleasant,2023,5,2023-05-01,175,7634
Mount Pleasant,2023,6,2023-06-01,206,8281
Mount Pleasant,2023,7,2023-07-01,206,8078
Mount Pleasant,2023,8,2023-08-01,203,8241
Mount Pleasant,2023,9,2023-09-01,211,9253
Mount Pleasant,2023,10,2023-10-01,199,8741
Mount Pleasant,2023,11,2023-11-01,142,5662
Mount Pleasant,2023,12,2023-12-01,161,6809
Mount Pleasant,2024,1,2024-01-01,163,6988
Mount Pleasant,2024,2,2024-02-01,138,4804
Mount Pleasant,2024,3,2024-03-01,159,5938
Mount Pleasant,2024,4,2024-04-01,152,7067
Mount Pleasant,2024,5,2024-05-01,141,5658
Mount Pleasant,2024,6,2024-06-01,192,7098
Mount Pleasant,2024,7,2024-07-01,169,7208
Mount Pleasant,2024,8,2024-08-01,149,5882
Mount Pleasant,2024,9,2024-09-01,155,6671
Mount Pleasant,2024,10,2024-10-01,170,7170
Mount Pleasant,2024,11,2024-11-01,144,5619
Mount Pleasant,2024,12,2024-12-01,177,7430
Mount Pleasant,2025,1,2025-01-01,159,6676
Mount Pleasant,2025,2,2025-02-01,138,5421
Mount Pleasant,2025,3,2025-03-01,136,6401
Mount Pleasant,2025,4,2025-04-01,158,7293
Mount Pleasant,2025,5,2025-05-01,166,7186
Mount Pleasant,2025,6,2025-06-01,193,8312
Mount Pleasant,2025,7,2025-07-01,150,6318
Mount Pleasant,2025,8,2025-08-01,167,7123
Mount Pleasant,2025,9,2025-09-01,185,7043
Mount Pleasant,2025,10,2025-10-01,177,6367
Mount Pleasant,2025,11,2025-11-01,197,7282
Mount Pleasant,2025,12,2025-12-01,192,7759
Mount Pleasant,2026,1,2026-01-01,216,7673
Mount Pleasant,2026,2,2026-02-01,193,8152
Mount Pleasant,2026,3,2026-03-01,148,5726
Mount Pleasant,2026,4,2026-04-01,155,5648
Mount Pleasant,2026,5,2026-05-01,184,6160
Mount Pleasant,2026,6,2026-06-01,165,6385
Mount Pleasant,2026,7,2026-07-01,189,7285
Mount Pleasant,2026,8,2026-08-01,175,6096
Mount Pleasant,2026,9,2026-09-01,143,5406
Musqueam,2003,1,2003-01-01,14,1197
Musqueam,2003,2,2003-02-01,4,266
Musqueam,2003,3,2003-03-01,8,735
Musqueam,2003,4,2003-04-01,3,149
Musqueam,2003,5,2003-05-01,11,699
Musqueam,2003,6,2003-06-01,7,373
Musqueam,2003,7,2003-07-01,5,376
Musqueam,2003,8,2003-08-01,5,171
Musqueam,2003,9,2003-09-01,3,113
Musqueam,2003,10,2003-10-01,6,462
Musqueam,2003,11,2003-11-01,1,147
Musqueam,2003,12,2003-12-01,4,296
Musqueam,2004,1,2004-01-01,8,438
Musqueam,2004,2,2004-02-01,2,84
Musqueam,2004,3,2004-03-01,4,142
Musqueam,2004,4,2004-04-01,7,298
Musqueam,2004,5,2004-05-01,6,323
Musqueam,2004,6,2004-06-01,15,415
Musqueam,2004,7,2004-07-01,3,149
Musqueam,2004,8,2004-08-01,3,118
Musqueam,2004,9,2004-09-01,7,219
Musqueam,2004,10,2004-10-01,19,562
Musqueam,2004,11,2004-11-01,12,422
Musqueam,2004,12,2004-12-01,9,596
Musqueam,2005,1,2005-01-01,7,538
Musqueam,2005,2,2005-02-01,6,200
Musqueam,2005,3,2005-03-01,13,763
Musqueam,2005,4,2005-04-01,16,640
Musqueam,2005,5,2005-05-01,2,176
Musqueam,2005,6,2005-06-01,7,557
Musqueam,2005,7,2005-07-01,2,126
Musqueam,2005,8,2005-08-01,3,205
Musqueam,2005,9,2005-09-01,3,124
Musqueam,2005,10,2005-10-01,1,60
Musqueam,2005,11,2005-11-01,5,213
Musqueam,2005,12,2005-12-01,3,200
Musqueam,2006,1,2006-01-01,9,313
Musqueam,2006,2,2006-02-01,3,119
Musqueam,2006,3,2006-03-01,8,704
Musqueam,2006,4,2006-04-01,6,441
Musqueam,2006,5,2006-05-01,2,89
Musqueam,2006,6,2006-06-01,12,709
Musqueam,2006,7,2006-07-01,3,236
Musqueam,2006,8,2006-08-01,1,147
Musqueam,2006,9,2006-09-01,7,625
Musqueam,2006,10,2006-10-01,7,681
Musqueam,2006,11,2006-11-01,8,289
Musqueam,2006,12,2006-12-01,6,462
Musqueam,2007,1,2007-01-01,8,635
Musqueam,2007,2,2007-02-01,5,289
Musqueam,2007,3,2007-03-01,4,215
Musqueam,2007,4,2007-04-01,7,379
Musqueam,2007,5,2007-05-01,4,342
Musqueam,2007,6,2007-06-01,3,323
Musqueam,2007,7,2007-07-01,4,240
Musqueam,2007,10,2007-10-01,2,89
Musqueam,2007,11,2007-11-01,3,82
Musqueam,2008,1,2008-01-01,1,24
Musqueam,2008,2,2008-02-01,3,144
Musqueam,2008,4,2008-04-01,2,89
Musqueam,2008,5,2008-05-01,1,147
Musqueam,2008,6,2008-06-01,1,29
Musqueam,2008,7,2008-07-01,2,89
Musqueam,2008,8,2008-08-01,3,144
Musqueam,2008,9,2008-09-01,2,53
Musqueam,2008,10,2008-10-01,1,66
Musqueam,2008,11,2008-11-01,6,329
Musqueam,2008,12,2008-12-01,9,340
Musqueam,2009,1,2009-01-01,3,186
Musqueam,2009,2,2009-02-01,1,147
Musqueam,2009,3,2009-03-01,1,60
Musqueam,2009,4,2009-04-01,3,113
Musqueam,2009,5,2009-05-01,3,180
Musqueam,2009,6,2009-06-01,9,493
Musqueam,2009,7,2009-07-01,3,108
Musqueam,2009,8,2009-08-01,7,476
Musqueam,2009,9,2009-09-01,2,120
Musqueam,2009,10,2009-10-01,3,113
Musqueam,2009,11,2009-11-01,1,147
Musqueam,2009,12,2009-12-01,2,58
Musqueam,2010,1,2010-01-01,1,60
Musqueam,2010,2,2010-02-01,6,380
Musqueam,2010,3,2010-03-01,1,60
Musqueam,2010,4,2010-04-01,3,144
Musqueam,2010,5,2010-05-01,5,300
Musqueam,2010,6,2010-06-01,1,29
Musqueam,2010,7,2010-07-01,2,84
Musqueam,2010,8,2010-08-01,6,206
Musqueam,2010,9,2010-09-01,6,318
Musqueam,2010,10,2010-10-01,6,385
Musqueam,2010,11,2010-11-01,4,204
Musqueam,2010,12,2010-12-01,5,197
Musqueam,2011,1,2011-01-01,2,95
Musqueam,2011,2,2011-02-01,3,236
Musqueam,2011,3,2011-03-01,2,207
Musqueam,2011,4,2011-04-01,1,60
Musqueam,2011,5,2011-05-01,6,324
Musqueam,2011,6,2011-06-01,7,224
Musqueam,2011,7,2011-07-01,4,137
Musqueam,2011,8,2011-08-01,4,142
Musqueam,2011,9,2011-09-01,1,24
Musqueam,2011,10,2011-10-01,3,236
Musqueam,2011,11,2011-11-01,1,60
Musqueam,2011,12,2011-12-01,6,288
Musqueam,2012,1,2012-01-01,1,24
Musqueam,2012,2,2012-02-01,8,356
Musqueam,2012,3,2012-03-01,7,308
Musqueam,2012,4,2012-04-01,5,140
Musqueam,2012,5,2012-05-01,6,472
Musqueam,2012,6,2012-06-01,3,77
Musqueam,2012,7,2012-07-01,5,171
Musqueam,2012,8,2012-08-01,8,643
Musqueam,2012,9,2012-09-01,4,308
Musqueam,2012,10,2012-10-01,3,323
Musqueam,2012,11,2012-11-01,3,155
Musqueam,2012,12,2012-12-01,3,144
Musqueam,2013,1,2013-01-01,5,264
Musqueam,2013,2,2013-02-01,4,296
Musqueam,2013,3,2013-03-01,4,111
Musqueam,2013,4,2013-04-01,3,124
Musqueam,2013,5,2013-05-01,2,53
Musqueam,2013,6,2013-06-01,3,200
Musqueam,2013,7,2013-07-01,6,318
Musqueam,2013,8,2013-08-01,2,207
Musqueam,2013,9,2013-09-01,3,118
Musqueam,2013,10,2013-10-01,4,147
Musqueam,2013,11,2013-11-01,4,173
Musqueam,2013,12,2013-12-01,1,147
Musqueam,2014,1,2014-01-01,5,269
Musqueam,2014,2,2014-02-01,7,389
Musqueam,2014,3,2014-03-01,3,231
Musqueam,2014,4,2014-04-01,3,144
Musqueam,2014,5,2014-05-01,2,89
Musqueam,2014,6,2014-06-01,5,203
Musqueam,2014,7,2014-07-01,3,149
Musqueam,2014,8,2014-08-01,3,186
Musqueam,2014,9,2014-09-01,4,215
Musqueam,2014,10,2014-10-01,4,470
Musqueam,2014,11,2014-11-01,2,294
Musqueam,2014,12,2014-12-01,3,205
Musqueam,2015,1,2015-01-01,2,89
Musqueam,2015,2,2015-02-01,3,149
Musqueam,2015,3,2015-03-01,3,118
Musqueam,2015,4,2015-04-01,2,207
Musqueam,2015,5,2015-05-01,4,204
Musqueam,2015,6,2015-06-01,4,147
Musqueam,2015,7,2015-07-01,8,418
Musqueam,2015,8,2015-08-01,9,528
Musqueam,2015,9,2015-09-01,2,58
Musqueam,2015,10,2015-10-01,5,320
Musqueam,2015,11,2015-11-01,5,238
Musqueam,2015,12,2015-12-01,4,260
Musqueam,2016,1,2016-01-01,9,565
Musqueam,2016,2,2016-02-01,3,161
Musqueam,2016,3,2016-03-01,1,60
Musqueam,2016,4,2016-04-01,1,24
Musqueam,2016,5,2016-05-01,4,173
Musqueam,2016,6,2016-06-01,3,82
Musqueam,2016,7,2016-07-01,3,119
Musqueam,2016,8,2016-08-01,3,149
Musqueam,2016,9,2016-09-01,3,113
Musqueam,2016,10,2016-10-01,2,95
Musqueam,2016,11,2016-11-01,1,24
Musqueam,2017,1,2017-01-01,4,240
Musqueam,2017,2,2017-02-01,2,120
Musqueam,2017,3,2017-03-01,2,90
Musqueam,2017,4,2017-04-01,1,60
Musqueam,2017,5,2017-05-01,3,149
Musqueam,2017,7,2017-07-01,3,236
Musqueam,2017,8,2017-08-01,1,60
Musqueam,2017,9,2017-09-01,4,261
Musqueam,2017,10,2017-10-01,1,60
Musqueam,2017,11,2017-11-01,3,118
Musqueam,2017,12,2017-12-01,4,178
Musqueam,2018,1,2018-01-01,6,231
Musqueam,2018,3,2018-03-01,2,120
Musqueam,2018,4,2018-04-01,3,236
Musqueam,2018,5,2018-05-01,2,120
Musqueam,2018,6,2018-06-01,6,509
Musqueam,2018,7,2018-07-01,2,58
Musqueam,2018,8,2018-08-01,3,242
Musqueam,2018,9,2018-09-01,2,58
Musqueam,2018,10,2018-10-01,2,89
Musqueam,2018,11,2018-11-01,2,58
Musqueam,2018,12,2018-12-01,1,24
Musqueam,2019,1,2019-01-01,2,58
Musqueam,2019,2,2019-02-01,5,207
Musqueam,2019,3,2019-03-01,3,180
Musqueam,2019,4,2019-04-01,3,236
Musqueam,2019,5,2019-05-01,1,29
Musqueam,2019,6,2019-06-01,6,268
Musqueam,2019,7,2019-07-01,4,240
Musqueam,2019,9,2019-09-01,1,24
Musqueam,2019,10,2019-10-01,3,149
Musqueam,2019,11,2019-11-01,3,155
Musqueam,2019,12,2019-12-01,2,53
Musqueam,2020,1,2020-01-01,5,279
Musqueam,2020,2,2020-02-01,4,173
Musqueam,2020,3,2020-03-01,1,60
Musqueam,2020,4,2020-04-01,4,209
Musqueam,2020,5,2020-05-01,5,412
Musqueam,2020,6,2020-06-01,7,368
Musqueam,2020,8,2020-08-01,1,24
Musqueam,2020,9,2020-09-01,3,195
Musqueam,2020,10,2020-10-01,2,58
Musqueam,2020,11,2020-11-01,6,467
Musqueam,2020,12,2020-12-01,3,144
Musqueam,2021,2,2021-02-01,3,236
Musqueam,2021,3,2021-03-01,1,60
Musqueam,2021,4,2021-04-01,2,89
Musqueam,2021,5,2021-05-01,5,269
Musqueam,2021,6,2021-06-01,1,29
Musqueam,2021,7,2021-07-01,1,60
Musqueam,2021,8,2021-08-01,3,195
Musqueam,2021,9,2021-09-01,2,58
Musqueam,2021,10,2021-10-01,2,84
Musqueam,2021,11,2021-11-01,1,60
Musqueam,2021,12,2021-12-01,2,84
Musqueam,2023,1,2023-01-01,4,327
Musqueam,2023,5,2023-05-01,2,84
Musqueam,2023,6,2023-06-01,11,515
Musqueam,2023,7,2023-07-01,3,144
Musqueam,2023,8,2023-08-01,7,441
Musqueam,2023,9,2023-09-01,4,265
Musqueam,2023,11,2023-11-01,2,58
Musqueam,2023,12,2023-12-01,2,120
Musqueam,2024,1,2024-01-01,2,120
Musqueam,2024,2,2024-02-01,1,60
Musqueam,2024,3,2024-03-01,3,118
Musqueam,2024,4,2024-04-01,2,120
Musqueam,2024,5,2024-05-01,3,149
Musqueam,2024,6,2024-06-01,4,209
Musqueam,2024,7,2024-07-01,1,24
Musqueam,2024,8,2024-08-01,2,120
Musqueam,2024,9,2024-09-01,1,24
Musqueam,2024,10,2024-10-01,3,186
Musqueam,2024,11,2024-11-01,1,29
Musqueam,2024,12,2024-12-01,2,176
Musqueam,2025,1,2025-01-01,3,108
Musqueam,2025,2,2025-02-01,5,300
Musqueam,2025,4,2025-04-01,1,29
Musqueam,2025,5,2025-05-01,2,84
Musqueam,2025,6,2025-06-01,3,180
Musqueam,2025,7,2025-07-01,3,180
Musqueam,2025,8,2025-08-01,2,48
Musqueam,2025,9,2025-09-01,5,300
Musqueam,2025,10,2025-10-01,3,144
Musqueam,2025,11,2025-11-01,1,60
Musqueam,2025,12,2025-12-01,1,60
Musqueam,2026,2,2026-02-01,1,29
Musqueam,2026,3,2026-03-01,3,144
Musqueam,2026,4,2026-04-01,3,149
Musqueam,2026,5,2026-05-01,3,180
Musqueam,2026,6,2026-06-01,7,476
Musqueam,2026,7,2026-07-01,1,24
Musqueam,2026,9,2026-09-01,1,29
Oakridge,2003,1,2003-01-01,68,4213
Oakridge,2003,2,2003-02-01,64,3353
Oakridge,2003,3,2003-03-01,72,5088
Oakridge,2003,4,2003-04-01,70,4734
Oakridge,2003,5,2003-05-01,95,4775
Oakridge,2003,6,2003-06-01,88,6025
Oakridge,2003,7,2003-07-01,52,3070
Oakridge,2003,8,2003-08-01,48,2886
Oakridge,2003,9,2003-09-01,52,3380
Oakridge,2003,10,2003-10-01,54,3843
Oakridge,2003,11,2003-11-01,52,3925
Oakridge,2003,12,2003-12-01,88,5622
Oakridge,2004,1,2004-01-01,72,4955
Oakridge,2004,2,2004-02-01,65,4022
Oakridge,2004,3,2004-03-01,93,6837
Oakridge,2004,4,2004-04-01,55,3655
Oakridge,2004,5,2004-05-01,52,2576
Oakridge,2004,6,2004-06-01,59,4413
Oakridge,2004,7,2004-07-01,67,4366
Oakridge,2004,8,2004-08-01,63,4160
Oakridge,2004,9,2004-09-01,85,5495
Oakridge,2004,10,2004-10-01,76,5508
Oakridge,2004,11,2004-11-01,83,4191
Oakridge,2004,12,2004-12-01,74,3982
Oakridge,2005,1,2005-01-01,86,5427
Oakridge,2005,2,2005-02-01,64,4308
Oakridge,2005,3,2005-03-01,84,5105
Oakridge,2005,4,2005-04-01,56,3372
Oakridge,2005,5,2005-05-01,83,5063
Oakridge,2005,6,2005-06-01,61,2937
Oakridge,2005,7,2005-07-01,46,2692
Oakridge,2005,8,2005-08-01,66,3729
Oakridge,2005,9,2005-09-01,54,3405
Oakridge,2005,10,2005-10-01,67,3854
Oakridge,2005,11,2005-11-01,73,4303
Oakridge,2005,12,2005-12-01,66,4309
Oakridge,2006,1,2006-01-01,85,5436
Oakridge,2006,2,2006-02-01,76,4272
Oakridge,2006,3,2006-03-01,83,4335
Oakridge,2006,4,2006-04-01,39,2753
Oakridge,2006,5,2006-05-01,43,2579
Oakridge,2006,6,2006-06-01,75,5103
Oakridge,2006,7,2006-07-01,45,3340
Oakridge,2006,8,2006-08-01,42,2402
Oakridge,2006,9,2006-09-01,52,4092
Oakridge,2006,10,2006-10-01,49,3771
Oakridge,2006,11,2006-11-01,48,3533
Oakridge,2006,12,2006-12-01,64,5904
Oakridge,2007,1,2007-01-01,43,3153
Oakridge,2007,2,2007-02-01,65,3830
Oakridge,2007,3,2007-03-01,35,2397
Oakridge,2007,4,2007-04-01,38,2959
Oakridge,2007,5,2007-05-01,47,3454
Oakridge,2007,6,2007-06-01,55,3596
Oakridge,2007,7,2007-07-01,49,3164
Oakridge,2007,8,2007-08-01,41,2499
Oakridge,2007,9,2007-09-01,44,2422
Oakridge,2007,10,2007-10-01,61,4074
Oakridge,2007,11,2007-11-01,45,3689
Oakridge,2007,12,2007-12-01,24,1525
Oakridge,2008,1,2008-01-01,30,1804
Oakridge,2008,2,2008-02-01,37,2168
Oakridge,2008,3,2008-03-01,49,2951
Oakridge,2008,4,2008-04-01,51,2934
Oakridge,2008,5,2008-05-01,49,3174
Oakridge,2008,6,2008-06-01,59,2912
Oakridge,2008,7,2008-07-01,31,1980
Oakridge,2008,8,2008-08-01,47,3348
Oakridge,2008,9,2008-09-01,48,3633
Oakridge,2008,10,2008-10-01,65,4899
Oakridge,2008,11,2008-11-01,57,3300
Oakridge,2008,12,2008-12-01,46,3081
Oakridge,2009,1,2009-01-01,52,3513
Oakridge,2009,2,2009-02-01,57,3376
Oakridge,2009,3,2009-03-01,38,2016
Oakridge,2009,4,2009-04-01,31,2168
Oakridge,2009,5,2009-05-01,48,3432
Oakridge,2009,6,2009-06-01,55,3215
Oakridge,2009,7,2009-07-01,40,2680
Oakridge,2009,8,2009-08-01,41,2367
Oakridge,2009,9,2009-09-01,49,3214
Oakridge,2009,10,2009-10-01,66,3593
Oakridge,2009,11,2009-11-01,51,3341
Oakridge,2009,12,2009-12-01,52,3370
Oakridge,2010,1,2010-01-01,72,3850
Oakridge,2010,2,2010-02-01,63,3390
Oakridge,2010,3,2010-03-01,64,3540
Oakridge,2010,4,2010-04-01,83,5393
Oakridge,2010,5,2010-05-01,46,2695
Oakridge,2010,6,2010-06-01,40,2142
Oakridge,2010,7,2010-07-01,37,3037
Oakridge,2010,8,2010-08-01,45,2674
Oakridge,2010,9,2010-09-01,76,4698
Oakridge,2010,10,2010-10-01,54,3216
Oakridge,2010,11,2010-11-01,53,4149
Oakridge,2010,12,2010-12-01,61,3619
Oakridge,2011,1,2011-01-01,53,2646
Oakridge,2011,2,2011-02-01,45,2742
Oakridge,2011,3,2011-03-01,68,4375
Oakridge,2011,4,2011-04-01,48,3108
Oakridge,2011,5,2011-05-01,45,2638
Oakridge,2011,6,2011-06-01,43,2757
Oakridge,2011,7,2011-07-01,53,2701
Oakridge,2011,8,2011-08-01,34,2067
Oakridge,2011,9,2011-09-01,53,3707
Oakridge,2011,10,2011-10-01,63,4362
Oakridge,2011,11,2011-11-01,76,4605
Oakridge,2011,12,2011-12-01,79,4874
Oakridge,2012,1,2012-01-01,45,3171
Oakridge,2012,2,2012-02-01,50,2745
Oakridge,2012,3,2012-03-01,62,2774
Oakridge,2012,4,2012-04-01,47,2314
Oakridge,2012,5,2012-05-01,51,2676
Oakridge,2012,6,2012-06-01,44,1946
Oakridge,2012,7,2012-07-01,70,3778
Oakridge,2012,8,2012-08-01,58,3652
Oakridge,2012,9,2012-09-01,60,4472
Oakridge,2012,10,2012-10-01,47,2700
Oakridge,2012,11,2012-11-01,77,4673
Oakridge,2012,12,2012-12-01,82,5194
Oakridge,2013,1,2013-01-01,51,2754
Oakridge,2013,2,2013-02-01,44,3320
Oakridge,2013,3,2013-03-01,42,1829
Oakridge,2013,4,2013-04-01,34,1864
Oakridge,2013,5,2013-05-01,40,2648
Oakridge,2013,6,2013-06-01,36,2061
Oakridge,2013,7,2013-07-01,53,3157
Oakridge,2013,8,2013-08-01,44,2340
Oakridge,2013,9,2013-09-01,56,2771
Oakridge,2013,10,2013-10-01,68,3398
Oakridge,2013,11,2013-11-01,64,3791
Oakridge,2013,12,2013-12-01,48,3202
Oakridge,2014,1,2014-01-01,61,4388
Oakridge,2014,2,2014-02-01,29,1783
Oakridge,2014,3,2014-03-01,59,3500
Oakridge,2014,4,2014-04-01,51,3482
Oakridge,2014,5,2014-05-01,62,4075
Oakridge,2014,6,2014-06-01,55,2410
Oakridge,2014,7,2014-07-01,55,3250
Oakridge,2014,8,2014-08-01,34,2937
Oakridge,2014,9,2014-09-01,48,2699
Oakridge,2014,10,2014-10-01,64,3606
Oakridge,2014,11,2014-11-01,60,3318
Oakridge,2014,12,2014-12-01,50,3500
Oakridge,2015,1,2015-01-01,56,3882
Oakridge,2015,2,2015-02-01,48,2949
Oakridge,2015,3,2015-03-01,49,2434
Oakridge,2015,4,2015-04-01,52,2581
Oakridge,2015,5,2015-05-01,45,2846
Oakridge,2015,6,2015-06-01,29,1901
Oakridge,2015,7,2015-07-01,48,2688
Oakridge,2015,8,2015-08-01,42,2487
Oakridge,2015,9,2015-09-01,48,3207
Oakridge,2015,10,2015-10-01,70,4612
Oakridge,2015,11,2015-11-01,62,4102
Oakridge,2015,12,2015-12-01,76,4389
Oakridge,2016,1,2016-01-01,52,3872
Oakridge,2016,2,2016-02-01,75,4911
Oakridge,2016,3,2016-03-01,57,3497
Oakridge,2016,4,2016-04-01,61,3931
Oakridge,2016,5,2016-05-01,47,3212
Oakridge,2016,6,2016-06-01,72,3561
Oakridge,2016,7,2016-07-01,47,2859
Oakridge,2016,8,2016-08-01,51,2739
Oakridge,2016,9,2016-09-01,40,2072
Oakridge,2016,10,2016-10-01,52,3209
Oakridge,2016,11,2016-11-01,45,2101
Oakridge,2016,12,2016-12-01,44,3006
Oakridge,2017,1,2017-01-01,40,2828
Oakridge,2017,2,2017-02-01,65,3931
Oakridge,2017,3,2017-03-01,54,3872
Oakridge,2017,4,2017-04-01,46,3551
Oakridge,2017,5,2017-05-01,47,2387
Oakridge,2017,6,2017-06-01,44,2397
Oakridge,2017,7,2017-07-01,63,4384
Oakridge,2017,8,2017-08-01,63,3627
Oakridge,2017,9,2017-09-01,56,3351
Oakridge,2017,10,2017-10-01,39,2633
Oakridge,2017,11,2017-11-01,49,3112
Oakridge,2017,12,2017-12-01,47,2976
Oakridge,2018,1,2018-01-01,76,5055
Oakridge,2018,2,2018-02-01,30,1980
Oakridge,2018,3,2018-03-01,48,2800
Oakridge,2018,4,2018-04-01,53,2956
Oakridge,2018,5,2018-05-01,48,2692
Oakridge,2018,6,2018-06-01,54,3523
Oakridge,2018,7,2018-07-01,46,2506
Oakridge,2018,8,2018-08-01,37,1963
Oakridge,2018,9,2018-09-01,37,2213
Oakridge,2018,10,2018-10-01,45,2968
Oakridge,2018,11,2018-11-01,51,2633
Oakridge,2018,12,2018-12-01,64,3829
Oakridge,2019,1,2019-01-01,39,2569
Oakridge,2019,2,2019-02-01,39,2274
Oakridge,2019,3,2019-03-01,53,2603
Oakridge,2019,4,2019-04-01,63,3653
Oakridge,2019,5,2019-05-01,64,3426
Oakridge,2019,6,2019-06-01,60,3385
Oakridge,2019,7,2019-07-01,56,2638
Oakridge,2019,8,2019-08-01,62,3756
Oakridge,2019,9,2019-09-01,57,3063
Oakridge,2019,10,2019-10-01,62,4231
Oakridge,2019,11,2019-11-01,58,3917
Oakridge,2019,12,2019-12-01,53,3022
Oakridge,2020,1,2020-01-01,54,2646
Oakridge,2020,2,2020-02-01,51,2255
Oakridge,2020,3,2020-03-01,46,2644
Oakridge,2020,4,2020-04-01,33,2452
Oakridge,2020,5,2020-05-01,22,999
Oakridge,2020,6,2020-06-01,20,1335
Oakridge,2020,7,2020-07-01,24,1672
Oakridge,2020,8,2020-08-01,28,1425
Oakridge,2020,9,2020-09-01,35,2179
Oakridge,2020,10,2020-10-01,33,2020
Oakridge,2020,11,2020-11-01,32,2034
Oakridge,2020,12,2020-12-01,31,2152
Oakridge,2021,1,2021-01-01,35,1965
Oakridge,2021,2,2021-02-01,20,1335
Oakridge,2021,3,2021-03-01,25,1569
Oakridge,2021,4,2021-04-01,30,1910
Oakridge,2021,5,2021-05-01,31,1595
Oakridge,2021,6,2021-06-01,26,1264
Oakridge,2021,7,2021-07-01,33,2015
Oakridge,2021,8,2021-08-01,28,1321
Oakridge,2021,9,2021-09-01,28,1793
Oakridge,2021,10,2021-10-01,40,2262
Oakridge,2021,11,2021-11-01,20,1115
Oakridge,2021,12,2021-12-01,19,1465
Oakridge,2023,1,2023-01-01,20,822
Oakridge,2023,2,2023-02-01,24,1597
Oakridge,2023,3,2023-03-01,28,1778
Oakridge,2023,4,2023-04-01,25,1563
Oakridge,2023,5,2023-05-01,27,1216
Oakridge,2023,6,2023-06-01,40,1599
Oakridge,2023,7,2023-07-01,27,1107
Oakridge,2023,8,2023-08-01,16,989
Oakridge,2023,9,2023-09-01,25,1056
Oakridge,2023,10,2023-10-01,28,1677
Oakridge,2023,11,2023-11-01,27,1453
Oakridge,2023,12,2023-12-01,28,1450
Oakridge,2024,1,2024-01-01,16,834
Oakridge,2024,2,2024-02-01,15,826
Oakridge,2024,3,2024-03-01,30,1738
Oakridge,2024,4,2024-04-01,16,762
Oakridge,2024,5,2024-05-01,35,1849
Oakridge,2024,6,2024-06-01,25,1716
Oakridge,2024,7,2024-07-01,21,1128
Oakridge,2024,8,2024-08-01,27,1446
Oakridge,2024,9,2024-09-01,25,1685
Oakridge,2024,10,2024-10-01,24,1601
Oakridge,2024,11,2024-11-01,34,2214
Oakridge,2024,12,2024-12-01,22,1399
Oakridge,2025,1,2025-01-01,32,2183
Oakridge,2025,2,2025-02-01,14,899
Oakridge,2025,3,2025-03-01,36,1876
Oakridge,2025,4,2025-04-01,26,1095
Oakridge,2025,5,2025-05-01,36,1738
Oakridge,2025,6,2025-06-01,16,808
Oakridge,2025,7,2025-07-01,15,657
Oakridge,2025,8,2025-08-01,16,752
Oakridge,2025,9,2025-09-01,22,772
Oakridge,2025,10,2025-10-01,32,1747
Oakridge,2025,11,2025-11-01,25,1076
Oakridge,2025,12,2025-12-01,29,1269
Oakridge,2026,1,2026-01-01,22,798
Oakridge,2026,2,2026-02-01,24,872
Oakridge,2026,3,2026-03-01,24,1144
Oakridge,2026,4,2026-04-01,13,784
Oakridge,2026,5,2026-05-01,36,1734
Oakridge,2026,6,2026-06-01,34,1291
Oakridge,2026,7,2026-07-01,28,1059
Oakridge,2026,8,2026-08-01,38,1283
Oakridge,2026,9,2026-09-01,30,978
Renfrew-Collingwood,2003,1,2003-01-01,248,16370
Renfrew-Collingwood,2003,2,2003-02-01,199,12159
Renfrew-Collingwood,2003,3,2003-03-01,196,11493
Renfrew-Collingwood,2003,4,2003-04-01,199,12426
Renfrew-Collingwood,2003,5,2003-05-01,247,15695
Renfrew-Collingwood,2003,6,2003-06-01,267,16217
Renfrew-Collingwood,2003,7,2003-07-01,209,13201
Renfrew-Collingwood,2003,8,2003-08-01,205,13537
Renfrew-Collingwood,2003,9,2003-09-01,210,13667
Renfrew-Collingwood,2003,10,2003-10-01,247,16034
Renfrew-Collingwood,2003,11,2003-11-01,248,15476
Renfrew-Collingwood,2003,12,2003-12-01,227,15014
Renfrew-Collingwood,2004,1,2004-01-01,210,12365
Renfrew-Collingwood,2004,2,2004-02-01,245,16186
Renfrew-Collingwood,2004,3,2004-03-01,319,21726
Renfrew-Collingwood,2004,4,2004-04-01,291,18727
Renfrew-Collingwood,2004,5,2004-05-01,270,18479
Renfrew-Collingwood,2004,6,2004-06-01,225,14810
Renfrew-Collingwood,2004,7,2004-07-01,208,12727
Renfrew-Collingwood,2004,8,2004-08-01,272,15581
Renfrew-Collingwood,2004,9,2004-09-01,283,17342
Renfrew-Collingwood,2004,10,2004-10-01,262,16961
Renfrew-Collingwood,2004,11,2004-11-01,263,18292
Renfrew-Collingwood,2004,12,2004-12-01,240,15661
Renfrew-Collingwood,2005,1,2005-01-01,242,17444
Renfrew-Collingwood,2005,2,2005-02-01,191,11548
Renfrew-Collingwood,2005,3,2005-03-01,219,12871
Renfrew-Collingwood,2005,4,2005-04-01,208,11070
Renfrew-Collingwood,2005,5,2005-05-01,183,10434
Renfrew-Collingwood,2005,6,2005-06-01,201,9681
Renfrew-Collingwood,2005,7,2005-07-01,203,10118
Renfrew-Collingwood,2005,8,2005-08-01,246,12655
Renfrew-Collingwood,2005,9,2005-09-01,223,11456
Renfrew-Collingwood,2005,10,2005-10-01,270,13320
Renfrew-Collingwood,2005,11,2005-11-01,261,13473
Renfrew-Collingwood,2005,12,2005-12-01,259,12955
Renfrew-Collingwood,2006,1,2006-01-01,282,15290
Renfrew-Collingwood,2006,2,2006-02-01,209,13864
Renfrew-Collingwood,2006,3,2006-03-01,199,12757
Renfrew-Collingwood,2006,4,2006-04-01,199,11118
Renfrew-Collingwood,2006,5,2006-05-01,214,13625
Renfrew-Collingwood,2006,6,2006-06-01,234,13752
Renfrew-Collingwood,2006,7,2006-07-01,241,13002
Renfrew-Collingwood,2006,8,2006-08-01,234,13183
Renfrew-Collingwood,2006,9,2006-09-01,227,15079
Renfrew-Collingwood,2006,10,2006-10-01,264,16706
Renfrew-Collingwood,2006,11,2006-11-01,232,13290
Renfrew-Collingwood,2006,12,2006-12-01,229,15103
Renfrew-Collingwood,2007,1,2007-01-01,222,13966
Renfrew-Collingwood,2007,2,2007-02-01,179,11541
Renfrew-Collingwood,2007,3,2007-03-01,214,12880
Renfrew-Collingwood,2007,4,2007-04-01,171,10264
Renfrew-Collingwood,2007,5,2007-05-01,160,9492
Renfrew-Collingwood,2007,6,2007-06-01,181,11885
Renfrew-Collingwood,2007,7,2007-07-01,192,12303
Renfrew-Collingwood,2007,8,2007-08-01,198,11210
Renfrew-Collingwood,2007,9,2007-09-01,181,10375
Renfrew-Collingwood,2007,10,2007-10-01,194,10762
Renfrew-Collingwood,2007,11,2007-11-01,162,10044
Renfrew-Collingwood,2007,12,2007-12-01,123,6501
Renfrew-Collingwood,2008,1,2008-01-01,131,7259
Renfrew-Collingwood,2008,2,2008-02-01,156,10715
Renfrew-Collingwood,2008,3,2008-03-01,313,13772
Renfrew-Collingwood,2008,4,2008-04-01,177,10716
Renfrew-Collingwood,2008,5,2008-05-01,200,13295
Renfrew-Collingwood,2008,6,2008-06-01,162,9808
Renfrew-Collingwood,2008,7,2008-07-01,167,9997
Renfrew-Collingwood,2008,8,2008-08-01,141,8021
Renfrew-Collingwood,2008,9,2008-09-01,177,11899
Renfrew-Collingwood,2008,10,2008-10-01,189,10605
Renfrew-Collingwood,2008,11,2008-11-01,140,7749
Renfrew-Collingwood,2008,12,2008-12-01,148,7409
Renfrew-Collingwood,2009,1,2009-01-01,133,7077
Renfrew-Collingwood,2009,2,2009-02-01,134,6790
Renfrew-Collingwood,2009,3,2009-03-01,183,9428
Renfrew-Collingwood,2009,4,2009-04-01,160,7301
Renfrew-Collingwood,2009,5,2009-05-01,150,7819
Renfrew-Collingwood,2009,6,2009-06-01,131,6446
Renfrew-Collingwood,2009,7,2009-07-01,144,7343
Renfrew-Collingwood,2009,8,2009-08-01,160,8662
Renfrew-Collingwood,2009,9,2009-09-01,195,10935
Renfrew-Collingwood,2009,10,2009-10-01,151,7795
Renfrew-Collingwood,2009,11,2009-11-01,197,10803
Renfrew-Collingwood,2009,12,2009-12-01,192,11243
Renfrew-Collingwood,2010,1,2010-01-01,193,10952
Renfrew-Collingwood,2010,2,2010-02-01,147,7262
Renfrew-Collingwood,2010,3,2010-03-01,192,10505
Renfrew-Collingwood,2010,4,2010-04-01,139,7625
Renfrew-Collingwood,2010,5,2010-05-01,162,6990
Renfrew-Collingwood,2010,6,2010-06-01,140,6845
Renfrew-Collingwood,2010,7,2010-07-01,153,8583
Renfrew-Collingwood,2010,8,2010-08-01,183,9638
Renfrew-Collingwood,2010,9,2010-09-01,174,8107
Renfrew-Collingwood,2010,10,2010-10-01,172,8188
Renfrew-Collingwood,2010,11,2010-11-01,191,9269
Renfrew-Collingwood,2010,12,2010-12-01,165,9055
Renfrew-Collingwood,2011,1,2011-01-01,153,9956
Renfrew-Collingwood,2011,2,2011-02-01,158,7467
Renfrew-Collingwood,2011,3,2011-03-01,155,7837
Renfrew-Collingwood,2011,4,2011-04-01,165,8643
Renfrew-Collingwood,2011,5,2011-05-01,159,9908
Renfrew-Collingwood,2011,6,2011-06-01,146,7916
Renfrew-Collingwood,2011,7,2011-07-01,159,8757
Renfrew-Collingwood,2011,8,2011-08-01,155,7825
Renfrew-Collingwood,2011,9,2011-09-01,151,8214
Renfrew-Collingwood,2011,10,2011-10-01,142,8799
Renfrew-Collingwood,2011,11,2011-11-01,132,7003
Renfrew-Collingwood,2011,12,2011-12-01,149,8059
Renfrew-Collingwood,2012,1,2012-01-01,161,9917
Renfrew-Collingwood,2012,2,2012-02-01,132,5797
Renfrew-Collingwood,2012,3,2012-03-01,157,8480
Renfrew-Collingwood,2012,4,2012-04-01,131,6276
Renfrew-Collingwood,2012,5,2012-05-01,193,11235
Renfrew-Collingwood,2012,6,2012-06-01,186,9750
Renfrew-Collingwood,2012,7,2012-07-01,150,6946
Renfrew-Collingwood,2012,8,2012-08-01,132,6712
Renfrew-Collingwood,2012,9,2012-09-01,168,8300
Renfrew-Collingwood,2012,10,2012-10-01,174,7447
Renfrew-Collingwood,2012,11,2012-11-01,116,6158
Renfrew-Collingwood,2012,12,2012-12-01,126,5991
Renfrew-Collingwood,2013,1,2013-01-01,140,7111
Renfrew-Collingwood,2013,2,2013-02-01,115,5617
Renfrew-Collingwood,2013,3,2013-03-01,132,6470
Renfrew-Collingwood,2013,4,2013-04-01,135,6032
Renfrew-Collingwood,2013,5,2013-05-01,176,10076
Renfrew-Collingwood,2013,6,2013-06-01,109,5235
Renfrew-Collingwood,2013,7,2013-07-01,130,7244
Renfrew-Collingwood,2013,8,2013-08-01,112,5606
Renfrew-Collingwood,2013,9,2013-09-01,147,8888
Renfrew-Collingwood,2013,10,2013-10-01,141,7164
Renfrew-Collingwood,2013,11,2013-11-01,151,7472
Renfrew-Collingwood,2013,12,2013-12-01,162,6630
Renfrew-Collingwood,2014,1,2014-01-01,165,7250
Renfrew-Collingwood,2014,2,2014-02-01,118,5834
Renfrew-Collingwood,2014,3,2014-03-01,158,8154
Renfrew-Collingwood,2014,4,2014-04-01,124,6339
Renfrew-Collingwood,2014,5,2014-05-01,168,7959
Renfrew-Collingwood,2014,6,2014-06-01,158,7411
Renfrew-Collingwood,2014,7,2014-07-01,184,8278
Renfrew-Collingwood,2014,8,2014-08-01,144,6343
Renfrew-Collingwood,2014,9,2014-09-01,177,8799
Renfrew-Collingwood,2014,10,2014-10-01,193,10431
Renfrew-Collingwood,2014,11,2014-11-01,151,7403
Renfrew-Collingwood,2014,12,2014-12-01,157,8818
Renfrew-Collingwood,2015,1,2015-01-01,213,12211
Renfrew-Collingwood,2015,2,2015-02-01,133,7459
Renfrew-Collingwood,2015,3,2015-03-01,145,7005
Renfrew-Collingwood,2015,4,2015-04-01,137,6545
Renfrew-Collingwood,2015,5,2015-05-01,167,9077
Renfrew-Collingwood,2015,6,2015-06-01,138,6144
Renfrew-Collingwood,2015,7,2015-07-01,151,7501
Renfrew-Collingwood,2015,8,2015-08-01,129,6610
Renfrew-Collingwood,2015,9,2015-09-01,128,5797
Renfrew-Collingwood,2015,10,2015-10-01,184,9358
Renfrew-Collingwood,2015,11,2015-11-01,175,8281
Renfrew-Collingwood,2015,12,2015-12-01,162,8851
Renfrew-Collingwood,2016,1,2016-01-01,219,11414
Renfrew-Collingwood,2016,2,2016-02-01,164,8410
Renfrew-Collingwood,2016,3,2016-03-01,157,8481
Renfrew-Collingwood,2016,4,2016-04-01,148,7659
Renfrew-Collingwood,2016,5,2016-05-01,188,8470
Renfrew-Collingwood,2016,6,2016-06-01,137,6272
Renfrew-Collingwood,2016,7,2016-07-01,162,7521
Renfrew-Collingwood,2016,8,2016-08-01,166,8187
Renfrew-Collingwood,2016,9,2016-09-01,152,8151
Renfrew-Collingwood,2016,10,2016-10-01,183,8484
Renfrew-Collingwood,2016,11,2016-11-01,162,9092
Renfrew-Collingwood,2016,12,2016-12-01,121,5885
Renfrew-Collingwood,2017,1,2017-01-01,142,5858
Renfrew-Collingwood,2017,2,2017-02-01,137,6596
Renfrew-Collingwood,2017,3,2017-03-01,159,7396
Renfrew-Collingwood,2017,4,2017-04-01,146,6776
Renfrew-Collingwood,2017,5,2017-05-01,201,9107
Renfrew-Collingwood,2017,6,2017-06-01,207,7852
Renfrew-Collingwood,2017,7,2017-07-01,194,9186
Renfrew-Collingwood,2017,8,2017-08-01,160,7386
Renfrew-Collingwood,2017,9,2017-09-01,226,9021
Renfrew-Collingwood,2017,10,2017-10-01,219,8996
Renfrew-Collingwood,2017,11,2017-11-01,230,9965
Renfrew-Collingwood,2017,12,2017-12-01,209,7581
Renfrew-Collingwood,2018,1,2018-01-01,209,8804
Renfrew-Collingwood,2018,2,2018-02-01,145,6698
Renfrew-Collingwood,2018,3,2018-03-01,177,8439
Renfrew-Collingwood,2018,4,2018-04-01,135,6479
Renfrew-Collingwood,2018,5,2018-05-01,154,7438
Renfrew-Collingwood,2018,6,2018-06-01,167,8079
Renfrew-Collingwood,2018,7,2018-07-01,157,7633
Renfrew-Collingwood,2018,8,2018-08-01,173,8627
Renfrew-Collingwood,2018,9,2018-09-01,160,8129
Renfrew-Collingwood,2018,10,2018-10-01,187,8517
Renfrew-Collingwood,2018,11,2018-11-01,172,6931
Renfrew-Collingwood,2018,12,2018-12-01,168,7487
Renfrew-Collingwood,2019,1,2019-01-01,188,9039
Renfrew-Collingwood,2019,2,2019-02-01,122,5425
Renfrew-Collingwood,2019,3,2019-03-01,174,7538
Renfrew-Collingwood,2019,4,2019-04-01,161,7411
Renfrew-Collingwood,2019,5,2019-05-01,174,7493
Renfrew-Collingwood,2019,6,2019-06-01,140,5742
Renfrew-Collingwood,2019,7,2019-07-01,144,6850
Renfrew-Collingwood,2019,8,2019-08-01,186,7263
Renfrew-Collingwood,2019,9,2019-09-01,213,9151
Renfrew-Collingwood,2019,10,2019-10-01,235,10611
Renfrew-Collingwood,2019,11,2019-11-01,185,8016
Renfrew-Collingwood,2019,12,2019-12-01,172,8209
Renfrew-Collingwood,2020,1,2020-01-01,159,6737
Renfrew-Collingwood,2020,2,2020-02-01,143,5691
Renfrew-Collingwood,2020,3,2020-03-01,213,9073
Renfrew-Collingwood,2020,4,2020-04-01,194,9222
Renfrew-Collingwood,2020,5,2020-05-01,129,5650
Renfrew-Collingwood,2020,6,2020-06-01,138,5324
Renfrew-Collingwood,2020,7,2020-07-01,181,7424
Renfrew-Collingwood,2020,8,2020-08-01,212,8976
Renfrew-Collingwood,2020,9,2020-09-01,168,6952
Renfrew-Collingwood,2020,10,2020-10-01,214,7861
Renfrew-Collingwood,2020,11,2020-11-01,190,7878
Renfrew-Collingwood,2020,12,2020-12-01,172,6321
Renfrew-Collingwood,2021,1,2021-01-01,183,6598
Renfrew-Collingwood,2021,2,2021-02-01,173,7155
Renfrew-Collingwood,2021,3,2021-03-01,158,6286
Renfrew-Collingwood,2021,4,2021-04-01,132,5412
Renfrew-Collingwood,2021,5,2021-05-01,185,7496
Renfrew-Collingwood,2021,6,2021-06-01,154,6646
Renfrew-Collingwood,2021,7,2021-07-01,176,6917
Renfrew-Collingwood,2021,8,2021-08-01,135,5537
Renfrew-Collingwood,2021,9,2021-09-01,173,6312
Renfrew-Collingwood,2021,10,2021-10-01,154,6471
Renfrew-Collingwood,2021,11,2021-11-01,176,6983
Renfrew-Collingwood,2021,12,2021-12-01,153,6204
Renfrew-Collingwood,2023,1,2023-01-01,169,6612
Renfrew-Collingwood,2023,2,2023-02-01,204,6912
Renfrew-Collingwood,2023,3,2023-03-01,195,7869
Renfrew-Collingwood,2023,4,2023-04-01,217,9066
Renfrew-Collingwood,2023,5,2023-05-01,228,8332
Renfrew-Collingwood,2023,6,2023-06-01,235,8804
Renfrew-Collingwood,2023,7,2023-07-01,226,8300
Renfrew-Collingwood,2023,8,2023-08-01,216,8221
Renfrew-Collingwood,2023,9,2023-09-01,241,8968
Renfrew-Collingwood,2023,10,2023-10-01,211,9352
Renfrew-Collingwood,2023,11,2023-11-01,201,7898
Renfrew-Collingwood,2023,12,2023-12-01,178,7781
Renfrew-Collingwood,2024,1,2024-01-01,203,8099
Renfrew-Collingwood,2024,2,2024-02-01,202,8786
Renfrew-Collingwood,2024,3,2024-03-01,165,6154
Renfrew-Collingwood,2024,4,2024-04-01,196,7617
Renfrew-Collingwood,2024,5,2024-05-01,214,8851
Renfrew-Collingwood,2024,6,2024-06-01,177,6737
Renfrew-Collingwood,2024,7,2024-07-01,185,6958
Renfrew-Collingwood,2024,8,2024-08-01,218,8060
Renfrew-Collingwood,2024,9,2024-09-01,146,5946
Renfrew-Collingwood,2024,10,2024-10-01,208,7975
Renfrew-Collingwood,2024,11,2024-11-01,151,5556
Renfrew-Collingwood,2024,12,2024-12-01,168,6405
Renfrew-Collingwood,2025,1,2025-01-01,194,7252
Renfrew-Collingwood,2025,2,2025-02-01,162,5159
Renfrew-Collingwood,2025,3,2025-03-01,153,5246
Renfrew-Collingwood,2025,4,2025-04-01,180,6106
Renfrew-Collingwood,2025,5,2025-05-01,229,7814
Renfrew-Collingwood,2025,6,2025-06-01,198,7185
Renfrew-Collingwood,2025,7,2025-07-01,219,8715
Renfrew-Collingwood,2025,8,2025-08-01,222,8853
Renfrew-Collingwood,2025,9,2025-09-01,169,6922
Renfrew-Collingwood,2025,10,2025-10-01,150,5530
Renfrew-Collingwood,2025,11,2025-11-01,183,8150
Renfrew-Collingwood,2025,12,2025-12-01,150,6034
Renfrew-Collingwood,2026,1,2026-01-01,162,6254
Renfrew-Collingwood,2026,2,2026-02-01,145,5842
Renfrew-Collingwood,2026,3,2026-03-01,175,6547
Renfrew-Collingwood,2026,4,2026-04-01,186,7227
Renfrew-Collingwood,2026,5,2026-05-01,235,8628
Renfrew-Collingwood,2026,6,2026-06-01,239,8088
Renfrew-Collingwood,2026,7,2026-07-01,207,6836
Renfrew-Collingwood,2026,8,2026-08-01,221,7565
Renfrew-Collingwood,2026,9,2026-09-01,138,4936
Riley Park,2003,1,2003-01-01,106,7053
Riley Park,2003,2,2003-02-01,78,4485
Riley Park,2003,3,2003-03-01,112,5997
Riley Park,2003,4,2003-04-01,104,6397
Riley Park,2003,5,2003-05-01,151,8629
Riley Park,2003,6,2003-06-01,127,7405
Riley Park,2003,7,2003-07-01,98,7415
Riley Park,2003,8,2003-08-01,106,7422
Riley Park,2003,9,2003-09-01,92,6817
Riley Park,2003,10,2003-10-01,112,6847
Riley Park,2003,11,2003-11-01,120,8168
Riley Park,2003,12,2003-12-01,86,4986
Riley Park,2004,1,2004-01-01,110,6994
Riley Park,2004,2,2004-02-01,89,5802
Riley Park,2004,3,2004-03-01,103,6017
Riley Park,2004,4,2004-04-01,123,8281
Riley Park,2004,5,2004-05-01,128,8356
Riley Park,2004,6,2004-06-01,98,6893
Riley Park,2004,7,2004-07-01,102,6803
Riley Park,2004,8,2004-08-01,119,8186
Riley Park,2004,9,2004-09-01,121,7590
Riley Park,2004,10,2004-10-01,116,7735
Riley Park,2004,11,2004-11-01,124,7750
Riley Park,2004,12,2004-12-01,104,5999
Riley Park,2005,1,2005-01-01,100,7050
Riley Park,2005,2,2005-02-01,72,4146
Riley Park,2005,3,2005-03-01,101,7756
Riley Park,2005,4,2005-04-01,115,7126
Riley Park,2005,5,2005-05-01,127,7561
Riley Park,2005,6,2005-06-01,133,9514
Riley Park,2005,7,2005-07-01,109,7504
Riley Park,2005,8,2005-08-01,127,8506
Riley Park,2005,9,2005-09-01,97,6723
Riley Park,2005,10,2005-10-01,115,8080
Riley Park,2005,11,2005-11-01,119,8720
Riley Park,2005,12,2005-12-01,80,5747
Riley Park,2006,1,2006-01-01,113,8481
Riley Park,2006,2,2006-02-01,105,6993
Riley Park,2006,3,2006-03-01,123,7546
Riley Park,2006,4,2006-04-01,126,8028
Riley Park,2006,5,2006-05-01,98,7258
Riley Park,2006,6,2006-06-01,95,5718
Riley Park,2006,7,2006-07-01,123,8282
Riley Park,2006,8,2006-08-01,98,7186
Riley Park,2006,9,2006-09-01,87,4976
Riley Park,2006,10,2006-10-01,73,3614
Riley Park,2006,11,2006-11-01,78,4814
Riley Park,2006,12,2006-12-01,76,4817
Riley Park,2007,1,2007-01-01,76,5237
Riley Park,2007,2,2007-02-01,84,5859
Riley Park,2007,3,2007-03-01,97,6152
Riley Park,2007,4,2007-04-01,65,4016
Riley Park,2007,5,2007-05-01,71,4254
Riley Park,2007,6,2007-06-01,81,5649
Riley Park,2007,7,2007-07-01,98,5859
Riley Park,2007,8,2007-08-01,68,5087
Riley Park,2007,9,2007-09-01,75,4785
Riley Park,2007,10,2007-10-01,55,3161
Riley Park,2007,11,2007-11-01,69,5186
Riley Park,2007,12,2007-12-01,78,5146
Riley Park,2008,1,2008-01-01,59,4209
Riley Park,2008,2,2008-02-01,71,5853
Riley Park,2008,3,2008-03-01,79,5952
Riley Park,2008,4,2008-04-01,71,4148
Riley Park,2008,5,2008-05-01,79,4576
Riley Park,2008,6,2008-06-01,59,3690
Riley Park,2008,7,2008-07-01,63,4366
Riley Park,2008,8,2008-08-01,98,6362
Riley Park,2008,9,2008-09-01,90,5402
Riley Park,2008,10,2008-10-01,89,4966
Riley Park,2008,11,2008-11-01,85,6265
Riley Park,2008,12,2008-12-01,76,4105
Riley Park,2009,1,2009-01-01,55,3317
Riley Park,2009,2,2009-02-01,61,3520
Riley Park,2009,3,2009-03-01,68,3924
Riley Park,2009,4,2009-04-01,69,3911
Riley Park,2009,5,2009-05-01,83,4968
Riley Park,2009,6,2009-06-01,80,4165
Riley Park,2009,7,2009-07-01,85,5192
Riley Park,2009,8,2009-08-01,66,4641
Riley Park,2009,9,2009-09-01,66,4716
Riley Park,2009,10,2009-10-01,65,4906
Riley Park,2009,11,2009-11-01,65,4591
Riley Park,2009,12,2009-12-01,61,3804
Riley Park,2010,1,2010-01-01,57,3035
Riley Park,2010,2,2010-02-01,58,4204
Riley Park,2010,3,2010-03-01,83,5921
Riley Park,2010,4,2010-04-01,70,5152
Riley Park,2010,5,2010-05-01,46,3369
Riley Park,2010,6,2010-06-01,49,2848
Riley Park,2010,7,2010-07-01,51,2817
Riley Park,2010,8,2010-08-01,71,4851
Riley Park,2010,9,2010-09-01,73,4112
Riley Park,2010,10,2010-10-01,130,6316
Riley Park,2010,11,2010-11-01,73,4690
Riley Park,2010,12,2010-12-01,53,3148
Riley Park,2011,1,2011-01-01,69,4177
Riley Park,2011,2,2011-02-01,60,3734
Riley Park,2011,3,2011-03-01,75,4462
Riley Park,2011,4,2011-04-01,54,2262
Riley Park,2011,5,2011-05-01,65,4675
Riley Park,2011,6,2011-06-01,57,2621
Riley Park,2011,7,2011-07-01,69,3937
Riley Park,2011,8,2011-08-01,74,3962
Riley Park,2011,9,2011-09-01,73,4013
Riley Park,2011,10,2011-10-01,70,4178
Riley Park,2011,11,2011-11-01,83,6238
Riley Park,2011,12,2011-12-01,73,4839
Riley Park,2012,1,2012-01-01,58,4059
Riley Park,2012,2,2012-02-01,57,4187
Riley Park,2012,3,2012-03-01,61,3804
Riley Park,2012,4,2012-04-01,78,4592
Riley Park,2012,5,2012-05-01,62,3354
Riley Park,2012,6,2012-06-01,90,5791
Riley Park,2012,7,2012-07-01,68,3590
Riley Park,2012,8,2012-08-01,78,4758
Riley Park,2012,9,2012-09-01,64,3112
Riley Park,2012,10,2012-10-01,71,4742
Riley Park,2012,11,2012-11-01,112,8299
Riley Park,2012,12,2012-12-01,75,4652
Riley Park,2013,1,2013-01-01,90,6479
Riley Park,2013,2,2013-02-01,63,3654
Riley Park,2013,3,2013-03-01,60,3792
Riley Park,2013,4,2013-04-01,90,4852
Riley Park,2013,5,2013-05-01,107,5474
Riley Park,2013,6,2013-06-01,86,3899
Riley Park,2013,7,2013-07-01,97,4815
Riley Park,2013,8,2013-08-01,76,3972
Riley Park,2013,9,2013-09-01,87,4638
Riley Park,2013,10,2013-10-01,81,4750
Riley Park,2013,11,2013-11-01,72,3793
Riley Park,2013,12,2013-12-01,68,3445
Riley Park,2014,1,2014-01-01,68,4219
Riley Park,2014,2,2014-02-01,56,2899
Riley Park,2014,3,2014-03-01,65,3548
Riley Park,2014,4,2014-04-01,65,3441
Riley Park,2014,5,2014-05-01,105,6096
Riley Park,2014,6,2014-06-01,93,4730
Riley Park,2014,7,2014-07-01,114,6806
Riley Park,2014,8,2014-08-01,80,4143
Riley Park,2014,9,2014-09-01,65,3518
Riley Park,2014,10,2014-10-01,78,4579
Riley Park,2014,11,2014-11-01,67,3067
Riley Park,2014,12,2014-12-01,68,3514
Riley Park,2015,1,2015-01-01,83,4833
Riley Park,2015,2,2015-02-01,57,2694
Riley Park,2015,3,2015-03-01,67,3101
Riley Park,2015,4,2015-04-01,59,2929
Riley Park,2015,5,2015-05-01,92,5693
Riley Park,2015,6,2015-06-01,80,4009
Riley Park,2015,7,2015-07-01,69,4776
Riley Park,2015,8,2015-08-01,81,4637
Riley Park,2015,9,2015-09-01,68,3541
Riley Park,2015,10,2015-10-01,94,5099
Riley Park,2015,11,2015-11-01,84,5767
Riley Park,2015,12,2015-12-01,103,6157
Riley Park,2016,1,2016-01-01,89,5432
Riley Park,2016,2,2016-02-01,94,6570
Riley Park,2016,3,2016-03-01,125,7642
Riley Park,2016,4,2016-04-01,84,4913
Riley Park,2016,5,2016-05-01,80,3797
Riley Park,2016,6,2016-06-01,66,3454
Riley Park,2016,7,2016-07-01,88,5220
Riley Park,2016,8,2016-08-01,98,6621
Riley Park,2016,9,2016-09-01,111,6889
Riley Park,2016,10,2016-10-01,93,5090
Riley Park,2016,11,2016-11-01,70,4541
Riley Park,2016,12,2016-12-01,54,3389
Riley Park,2017,1,2017-01-01,66,4585
Riley Park,2017,2,2017-02-01,35,2613
Riley Park,2017,3,2017-03-01,75,4529
Riley Park,2017,4,2017-04-01,78,4541
Riley Park,2017,5,2017-05-01,82,4642
Riley Park,2017,6,2017-06-01,90,3833
Riley Park,2017,7,2017-07-01,89,4930
Riley Park,2017,8,2017-08-01,75,4489
Riley Park,2017,9,2017-09-01,90,5640
Riley Park,2017,10,2017-10-01,97,4856
Riley Park,2017,11,2017-11-01,92,6081
Riley Park,2017,12,2017-12-01,91,4463
Riley Park,2018,1,2018-01-01,86,5591
Riley Park,2018,2,2018-02-01,83,4345
Riley Park,2018,3,2018-03-01,70,2933
Riley Park,2018,4,2018-04-01,87,4005
Riley Park,2018,5,2018-05-01,103,4881
Riley Park,2018,6,2018-06-01,96,5126
Riley Park,2018,7,2018-07-01,83,4038
Riley Park,2018,8,2018-08-01,65,2679
Riley Park,2018,9,2018-09-01,72,3690
Riley Park,2018,10,2018-10-01,84,4172
Riley Park,2018,11,2018-11-01,87,4596
Riley Park,2018,12,2018-12-01,99,4254
Riley Park,2019,1,2019-01-01,68,2786
Riley Park,2019,2,2019-02-01,88,3659
Riley Park,2019,3,2019-03-01,85,4079
Riley Park,2019,4,2019-04-01,99,4500
Riley Park,2019,5,2019-05-01,108,5461
Riley Park,2019,6,2019-06-01,94,4839
Riley Park,2019,7,2019-07-01,114,6024
Riley Park,2019,8,2019-08-01,86,4316
Riley Park,2019,9,2019-09-01,105,4335
Riley Park,2019,10,2019-10-01,104,5161
Riley Park,2019,11,2019-11-01,110,5276
Riley Park,2019,12,2019-12-01,108,6363
Riley Park,2020,1,2020-01-01,99,4742
Riley Park,2020,2,2020-02-01,104,5604
Riley Park,2020,3,2020-03-01,79,5435
Riley Park,2020,4,2020-04-01,89,5689
Riley Park,2020,5,2020-05-01,43,3137
Riley Park,2020,6,2020-06-01,58,3278
Riley Park,2020,7,2020-07-01,48,2656
Riley Park,2020,8,2020-08-01,68,3342
Riley Park,2020,9,2020-09-01,66,3273
Riley Park,2020,10,2020-10-01,65,3681
Riley Park,2020,11,2020-11-01,67,4386
Riley Park,2020,12,2020-12-01,82,5261
Riley Park,2021,1,2021-01-01,77,4595
Riley Park,2021,2,2021-02-01,63,3471
Riley Park,2021,3,2021-03-01,60,3265
Riley Park,2021,4,2021-04-01,58,3700
Riley Park,2021,5,2021-05-01,60,3043
Riley Park,2021,6,2021-06-01,58,3091
Riley Park,2021,7,2021-07-01,75,3923
Riley Park,2021,8,2021-08-01,57,2496
Riley Park,2021,9,2021-09-01,70,3787
Riley Park,2021,10,2021-10-01,49,3421
Riley Park,2021,11,2021-11-01,50,2337
Riley Park,2021,12,2021-12-01,34,1867
Riley Park,2023,1,2023-01-01,68,3096
Riley Park,2023,2,2023-02-01,45,2419
Riley Park,2023,3,2023-03-01,53,2305
Riley Park,2023,4,2023-04-01,51,2871
Riley Park,2023,5,2023-05-01,60,2826
Riley Park,2023,6,2023-06-01,54,2112
Riley Park,2023,7,2023-07-01,54,1937
Riley Park,2023,8,2023-08-01,53,2524
Riley Park,2023,9,2023-09-01,69,3673
Riley Park,2023,10,2023-10-01,38,2022
Riley Park,2023,11,2023-11-01,37,1502
Riley Park,2023,12,2023-12-01,32,1402
Riley Park,2024,1,2024-01-01,33,1720
Riley Park,2024,2,2024-02-01,42,2025
Riley Park,2024,3,2024-03-01,29,1295
Riley Park,2024,4,2024-04-01,51,2285
Riley Park,2024,5,2024-05-01,47,1806
Riley Park,2024,6,2024-06-01,46,1862
Riley Park,2024,7,2024-07-01,55,2301
Riley Park,2024,8,2024-08-01,54,2314
Riley Park,2024,9,2024-09-01,38,1664
Riley Park,2024,10,2024-10-01,36,1987
Riley Park,2024,11,2024-11-01,35,1320
Riley Park,2024,12,2024-12-01,36,2211
Riley Park,2025,1,2025-01-01,40,2226
Riley Park,2025,2,2025-02-01,35,1726
Riley Park,2025,3,2025-03-01,46,1835
Riley Park,2025,4,2025-04-01,42,1715
Riley Park,2025,5,2025-05-01,45,1778
Riley Park,2025,6,2025-06-01,45,1973
Riley Park,2025,7,2025-07-01,44,2207
Riley Park,2025,8,2025-08-01,57,2675
Riley Park,2025,9,2025-09-01,66,3507
Riley Park,2025,10,2025-10-01,73,3214
Riley Park,2025,11,2025-11-01,31,1323
Riley Park,2025,12,2025-12-01,42,2061
Riley Park,2026,1,2026-01-01,59,2133
Riley Park,2026,2,2026-02-01,34,1128
Riley Park,2026,3,2026-03-01,37,1356
Riley Park,2026,4,2026-04-01,39,1856
Riley Park,2026,5,2026-05-01,53,2305
Riley Park,2026,6,2026-06-01,46,1614
Riley Park,2026,7,2026-07-01,65,2149
Riley Park,2026,8,2026-08-01,72,2893
Riley Park,2026,9,2026-09-01,32,1721
Shaughnessy,2003,1,2003-01-01,57,5416
Shaughnessy,2003,2,2003-02-01,33,2721
Shaughnessy,2003,3,2003-03-01,43,2918
Shaughnessy,2003,4,2003-04-01,44,3865
Shaughnessy,2003,5,2003-05-01,54,3929
Shaughnessy,2003,6,2003-06-01,44,2956
Shaughnessy,2003,7,2003-07-01,47,4102
Shaughnessy,2003,8,2003-08-01,47,3745
Shaughnessy,2003,9,2003-09-01,45,3482
Shaughnessy,2003,10,2003-10-01,53,4310
Shaughnessy,2003,11,2003-11-01,57,4162
Shaughnessy,2003,12,2003-12-01,37,2658
Shaughnessy,2004,1,2004-01-01,50,4100
Shaughnessy,2004,2,2004-02-01,37,3154
Shaughnessy,2004,3,2004-03-01,63,5032
Shaughnessy,2004,4,2004-04-01,20,1457
Shaughnessy,2004,5,2004-05-01,62,4173
Shaughnessy,2004,6,2004-06-01,50,3679
Shaughnessy,2004,7,2004-07-01,47,3752
Shaughnessy,2004,8,2004-08-01,37,2550
Shaughnessy,2004,9,2004-09-01,51,3911
Shaughnessy,2004,10,2004-10-01,52,4157
Shaughnessy,2004,11,2004-11-01,51,3454
Shaughnessy,2004,12,2004-12-01,45,3015
Shaughnessy,2005,1,2005-01-01,52,3116
Shaughnessy,2005,2,2005-02-01,53,3459
Shaughnessy,2005,3,2005-03-01,47,4307
Shaughnessy,2005,4,2005-04-01,51,3165
Shaughnessy,2005,5,2005-05-01,67,4762
Shaughnessy,2005,6,2005-06-01,63,3821
Shaughnessy,2005,7,2005-07-01,49,3290
Shaughnessy,2005,8,2005-08-01,29,1953
Shaughnessy,2005,9,2005-09-01,30,2001
Shaughnessy,2005,10,2005-10-01,34,2708
Shaughnessy,2005,11,2005-11-01,45,3561
Shaughnessy,2005,12,2005-12-01,40,2818
Shaughnessy,2006,1,2006-01-01,39,3407
Shaughnessy,2006,2,2006-02-01,41,2824
Shaughnessy,2006,3,2006-03-01,45,3149
Shaughnessy,2006,4,2006-04-01,23,1844
Shaughnessy,2006,5,2006-05-01,31,1840
Shaughnessy,2006,6,2006-06-01,33,2284
Shaughnessy,2006,7,2006-07-01,29,2502
Shaughnessy,2006,8,2006-08-01,30,2494
Shaughnessy,2006,9,2006-09-01,18,1125
Shaughnessy,2006,10,2006-10-01,31,2194
Shaughnessy,2006,11,2006-11-01,21,1396
Shaughnessy,2006,12,2006-12-01,27,2283
Shaughnessy,2007,1,2007-01-01,32,2651
Shaughnessy,2007,2,2007-02-01,22,1580
Shaughnessy,2007,3,2007-03-01,18,1282
Shaughnessy,2007,4,2007-04-01,27,1246
Shaughnessy,2007,5,2007-05-01,32,3066
Shaughnessy,2007,6,2007-06-01,34,2076
Shaughnessy,2007,7,2007-07-01,43,2373
Shaughnessy,2007,8,2007-08-01,31,1925
Shaughnessy,2007,9,2007-09-01,30,2082
Shaughnessy,2007,10,2007-10-01,37,3341
Shaughnessy,2007,11,2007-11-01,26,1350
Shaughnessy,2007,12,2007-12-01,35,2408
Shaughnessy,2008,1,2008-01-01,18,1288
Shaughnessy,2008,2,2008-02-01,23,1320
Shaughnessy,2008,3,2008-03-01,33,2289
Shaughnessy,2008,4,2008-04-01,30,2546
Shaughnessy,2008,5,2008-05-01,28,1831
Shaughnessy,2008,6,2008-06-01,34,2326
Shaughnessy,2008,7,2008-07-01,24,1551
Shaughnessy,2008,8,2008-08-01,19,1242
Shaughnessy,2008,9,2008-09-01,21,1754
Shaughnessy,2008,10,2008-10-01,35,2855
Shaughnessy,2008,11,2008-11-01,27,1164
Shaughnessy,2008,12,2008-12-01,24,2060
Shaughnessy,2009,1,2009-01-01,9,374
Shaughnessy,2009,2,2009-02-01,20,967
Shaughnessy,2009,3,2009-03-01,18,1049
Shaughnessy,2009,4,2009-04-01,21,1058
Shaughnessy,2009,5,2009-05-01,30,2165
Shaughnessy,2009,6,2009-06-01,26,1560
Shaughnessy,2009,7,2009-07-01,24,1679
Shaughnessy,2009,8,2009-08-01,22,1974
Shaughnessy,2009,9,2009-09-01,15,795
Shaughnessy,2009,10,2009-10-01,23,1572
Shaughnessy,2009,11,2009-11-01,24,2324
Shaughnessy,2009,12,2009-12-01,13,1080
Shaughnessy,2010,1,2010-01-01,24,1456
Shaughnessy,2010,2,2010-02-01,19,1393
Shaughnessy,2010,3,2010-03-01,20,1464
Shaughnessy,2010,4,2010-04-01,31,2411
Shaughnessy,2010,5,2010-05-01,23,1135
Shaughnessy,2010,6,2010-06-01,23,1345
Shaughnessy,2010,7,2010-07-01,34,2345
Shaughnessy,2010,8,2010-08-01,23,1832
Shaughnessy,2010,9,2010-09-01,14,936
Shaughnessy,2010,10,2010-10-01,22,1374
Shaughnessy,2010,11,2010-11-01,30,2612
Shaughnessy,2010,12,2010-12-01,26,1576
Shaughnessy,2011,1,2011-01-01,18,1128
Shaughnessy,2011,2,2011-02-01,20,1578
Shaughnessy,2011,3,2011-03-01,27,1929
Shaughnessy,2011,4,2011-04-01,34,2609
Shaughnessy,2011,5,2011-05-01,53,3520
Shaughnessy,2011,6,2011-06-01,45,3689
Shaughnessy,2011,7,2011-07-01,39,2241
Shaughnessy,2011,8,2011-08-01,27,1348
Shaughnessy,2011,9,2011-09-01,32,1924
Shaughnessy,2011,10,2011-10-01,31,1979
Shaughnessy,2011,11,2011-11-01,22,1753
Shaughnessy,2011,12,2011-12-01,28,1782
Shaughnessy,2012,1,2012-01-01,34,1736
Shaughnessy,2012,2,2012-02-01,36,2513
Shaughnessy,2012,3,2012-03-01,27,1430
Shaughnessy,2012,4,2012-04-01,49,3250
Shaughnessy,2012,5,2012-05-01,35,2052
Shaughnessy,2012,6,2012-06-01,38,2006
Shaughnessy,2012,7,2012-07-01,25,1149
Shaughnessy,2012,8,2012-08-01,30,1251
Shaughnessy,2012,9,2012-09-01,37,2999
Shaughnessy,2012,10,2012-10-01,20,1419
Shaughnessy,2012,11,2012-11-01,24,1950
Shaughnessy,2012,12,2012-12-01,31,1891
Shaughnessy,2013,1,2013-01-01,26,1643
Shaughnessy,2013,2,2013-02-01,13,1116
Shaughnessy,2013,3,2013-03-01,31,1434
Shaughnessy,2013,4,2013-04-01,36,1955
Shaughnessy,2013,5,2013-05-01,22,1255
Shaughnessy,2013,6,2013-06-01,21,1373
Shaughnessy,2013,7,2013-07-01,26,1709
Shaughnessy,2013,8,2013-08-01,25,1037
Shaughnessy,2013,9,2013-09-01,14,1028
Shaughnessy,2013,10,2013-10-01,31,1301
Shaughnessy,2013,11,2013-11-01,22,1168
Shaughnessy,2013,12,2013-12-01,29,1801
Shaughnessy,2014,1,2014-01-01,22,1179
Shaughnessy,2014,2,2014-02-01,16,1235
Shaughnessy,2014,3,2014-03-01,28,2009
Shaughnessy,2014,4,2014-04-01,35,2617
Shaughnessy,2014,5,2014-05-01,22,1676
Shaughnessy,2014,6,2014-06-01,31,1983
Shaughnessy,2014,7,2014-07-01,44,3532
Shaughnessy,2014,8,2014-08-01,35,2586
Shaughnessy,2014,9,2014-09-01,44,2817
Shaughnessy,2014,10,2014-10-01,31,2512
Shaughnessy,2014,11,2014-11-01,30,2996
Shaughnessy,2014,12,2014-12-01,40,3659
Shaughnessy,2015,1,2015-01-01,34,3490
Shaughnessy,2015,2,2015-02-01,28,2241
Shaughnessy,2015,3,2015-03-01,23,1899
Shaughnessy,2015,4,2015-04-01,32,2110
Shaughnessy,2015,5,2015-05-01,28,1439
Shaughnessy,2015,6,2015-06-01,25,2000
Shaughnessy,2015,7,2015-07-01,36,3108
Shaughnessy,2015,8,2015-08-01,38,3016
Shaughnessy,2015,9,2015-09-01,23,1792
Shaughnessy,2015,10,2015-10-01,43,2803
Shaughnessy,2015,11,2015-11-01,43,3214
Shaughnessy,2015,12,2015-12-01,51,4498
Shaughnessy,2016,1,2016-01-01,63,4803
Shaughnessy,2016,2,2016-02-01,25,1900
Shaughnessy,2016,3,2016-03-01,48,3032
Shaughnessy,2016,4,2016-04-01,26,1791
Shaughnessy,2016,5,2016-05-01,30,2298
Shaughnessy,2016,6,2016-06-01,40,2780
Shaughnessy,2016,7,2016-07-01,37,2459
Shaughnessy,2016,8,2016-08-01,35,2509
Shaughnessy,2016,9,2016-09-01,20,1340
Shaughnessy,2016,10,2016-10-01,28,1691
Shaughnessy,2016,11,2016-11-01,38,3335
Shaughnessy,2016,12,2016-12-01,31,2459
Shaughnessy,2017,1,2017-01-01,28,2116
Shaughnessy,2017,2,2017-02-01,20,1155
Shaughnessy,2017,3,2017-03-01,35,2977
Shaughnessy,2017,4,2017-04-01,32,2038
Shaughnessy,2017,5,2017-05-01,45,3824
Shaughnessy,2017,6,2017-06-01,61,4731
Shaughnessy,2017,7,2017-07-01,47,3274
Shaughnessy,2017,8,2017-08-01,59,3864
Shaughnessy,2017,9,2017-09-01,32,2270
Shaughnessy,2017,10,2017-10-01,29,1534
Shaughnessy,2017,11,2017-11-01,28,2454
Shaughnessy,2017,12,2017-12-01,29,1961
Shaughnessy,2018,1,2018-01-01,44,2466
Shaughnessy,2018,2,2018-02-01,37,2440
Shaughnessy,2018,3,2018-03-01,30,2467
Shaughnessy,2018,4,2018-04-01,39,2580
Shaughnessy,2018,5,2018-05-01,44,3167
Shaughnessy,2018,6,2018-06-01,52,4233
Shaughnessy,2018,7,2018-07-01,29,2433
Shaughnessy,2018,8,2018-08-01,31,1982
Shaughnessy,2018,9,2018-09-01,30,1636
Shaughnessy,2018,10,2018-10-01,36,2353
Shaughnessy,2018,11,2018-11-01,31,1403
Shaughnessy,2018,12,2018-12-01,44,2114
Shaughnessy,2019,1,2019-01-01,29,2407
Shaughnessy,2019,2,2019-02-01,25,1680
Shaughnessy,2019,3,2019-03-01,24,1461
Shaughnessy,2019,4,2019-04-01,23,1381
Shaughnessy,2019,5,2019-05-01,34,2841
Shaughnessy,2019,6,2019-06-01,20,1196
Shaughnessy,2019,7,2019-07-01,36,2108
Shaughnessy,2019,8,2019-08-01,30,2134
Shaughnessy,2019,9,2019-09-01,36,2258
Shaughnessy,2019,10,2019-10-01,41,3044
Shaughnessy,2019,11,2019-11-01,33,2400
Shaughnessy,2019,12,2019-12-01,29,1844
Shaughnessy,2020,1,2020-01-01,42,3384
Shaughnessy,2020,2,2020-02-01,22,1430
Shaughnessy,2020,3,2020-03-01,38,1993
Shaughnessy,2020,4,2020-04-01,40,2527
Shaughnessy,2020,5,2020-05-01,27,1938
Shaughnessy,2020,6,2020-06-01,26,2351
Shaughnessy,2020,7,2020-07-01,43,3209
Shaughnessy,2020,8,2020-08-01,34,2634
Shaughnessy,2020,9,2020-09-01,42,2640
Shaughnessy,2020,10,2020-10-01,31,1860
Shaughnessy,2020,11,2020-11-01,39,2221
Shaughnessy,2020,12,2020-12-01,30,2535
Shaughnessy,2021,1,2021-01-01,22,1552
Shaughnessy,2021,2,2021-02-01,22,1603
Shaughnessy,2021,3,2021-03-01,13,598
Shaughnessy,2021,4,2021-04-01,34,2328
Shaughnessy,2021,5,2021-05-01,21,1318
Shaughnessy,2021,6,2021-06-01,23,1541
Shaughnessy,2021,7,2021-07-01,28,1328
Shaughnessy,2021,8,2021-08-01,29,1388
Shaughnessy,2021,9,2021-09-01,26,1398
Shaughnessy,2021,10,2021-10-01,24,1108
Shaughnessy,2021,11,2021-11-01,17,1145
Shaughnessy,2021,12,2021-12-01,23,1410
Shaughnessy,2023,1,2023-01-01,14,986
Shaughnessy,2023,2,2023-02-01,20,1382
Shaughnessy,2023,3,2023-03-01,16,1070
Shaughnessy,2023,4,2023-04-01,19,1076
Shaughnessy,2023,5,2023-05-01,23,1357
Shaughnessy,2023,6,2023-06-01,15,672
Shaughnessy,2023,7,2023-07-01,17,873
Shaughnessy,2023,8,2023-08-01,14,726
Shaughnessy,2023,9,2023-09-01,16,1271
Shaughnessy,2023,10,2023-10-01,16,758
Shaughnessy,2023,11,2023-11-01,14,535
Shaughnessy,2023,12,2023-12-01,23,1053
Shaughnessy,2024,1,2024-01-01,24,2349
Shaughnessy,2024,2,2024-02-01,22,1327
Shaughnessy,2024,3,2024-03-01,25,856
Shaughnessy,2024,4,2024-04-01,31,1372
Shaughnessy,2024,5,2024-05-01,19,1159
Shaughnessy,2024,6,2024-06-01,14,730
Shaughnessy,2024,7,2024-07-01,15,661
Shaughnessy,2024,8,2024-08-01,22,1517
Shaughnessy,2024,9,2024-09-01,18,949
Shaughnessy,2024,10,2024-10-01,21,1637
Shaughnessy,2024,11,2024-11-01,30,1440
Shaughnessy,2024,12,2024-12-01,23,1336
Shaughnessy,2025,1,2025-01-01,13,978
Shaughnessy,2025,2,2025-02-01,10,788
Shaughnessy,2025,3,2025-03-01,13,794
Shaughnessy,2025,4,2025-04-01,9,596
Shaughnessy,2025,5,2025-05-01,21,1343
Shaughnessy,2025,6,2025-06-01,12,518
Shaughnessy,2025,7,2025-07-01,12,632
Shaughnessy,2025,8,2025-08-01,20,976
Shaughnessy,2025,9,2025-09-01,22,803
Shaughnessy,2025,10,2025-10-01,16,547
Shaughnessy,2025,11,2025-11-01,7,337
Shaughnessy,2025,12,2025-12-01,13,851
Shaughnessy,2026,1,2026-01-01,9,636
Shaughnessy,2026,2,2026-02-01,20,1274
Shaughnessy,2026,3,2026-03-01,15,874
Shaughnessy,2026,4,2026-04-01,13,552
Shaughnessy,2026,5,2026-05-01,26,1355
Shaughnessy,2026,6,2026-06-01,20,1048
Shaughnessy,2026,7,2026-07-01,22,1013
Shaughnessy,2026,8,2026-08-01,24,1149
Shaughnessy,2026,9,2026-09-01,7,434
South Cambie,2003,1,2003-01-01,70,4654
South Cambie,2003,2,2003-02-01,41,2677
South Cambie,2003,3,2003-03-01,42,3244
South Cambie,2003,4,2003-04-01,48,2880
South Cambie,2003,5,2003-05-01,70,4254
South Cambie,2003,6,2003-06-01,54,3540
South Cambie,2003,7,2003-07-01,52,3603
South Cambie,2003,8,2003-08-01,67,4750
South Cambie,2003,9,2003-09-01,54,3448
South Cambie,2003,10,2003-10-01,56,3618
South Cambie,2003,11,2003-11-01,55,2686
South Cambie,2003,12,2003-12-01,33,1763
South Cambie,2004,1,2004-01-01,40,2769
South Cambie,2004,2,2004-02-01,56,3144
South Cambie,2004,3,2004-03-01,50,2817
South Cambie,2004,4,2004-04-01,29,1742
South Cambie,2004,5,2004-05-01,51,3284
South Cambie,2004,6,2004-06-01,46,2900
South Cambie,2004,7,2004-07-01,47,2928
South Cambie,2004,8,2004-08-01,34,2493
South Cambie,2004,9,2004-09-01,40,2659
South Cambie,2004,10,2004-10-01,56,3742
South Cambie,2004,11,2004-11-01,62,3287
South Cambie,2004,12,2004-12-01,39,2518
South Cambie,2005,1,2005-01-01,45,2683
South Cambie,2005,2,2005-02-01,43,2380
South Cambie,2005,3,2005-03-01,56,3709
South Cambie,2005,4,2005-04-01,36,2339
South Cambie,2005,5,2005-05-01,64,3900
South Cambie,2005,6,2005-06-01,36,2095
South Cambie,2005,7,2005-07-01,47,3226
South Cambie,2005,8,2005-08-01,41,2677
South Cambie,2005,9,2005-09-01,46,2786
South Cambie,2005,10,2005-10-01,36,2273
South Cambie,2005,11,2005-11-01,34,2401
South Cambie,2005,12,2005-12-01,41,2553
South Cambie,2006,1,2006-01-01,50,2859
South Cambie,2006,2,2006-02-01,36,1944
South Cambie,2006,3,2006-03-01,42,2195
South Cambie,2006,4,2006-04-01,37,2210
South Cambie,2006,5,2006-05-01,37,2380
South Cambie,2006,6,2006-06-01,29,2337
South Cambie,2006,7,2006-07-01,26,1743
South Cambie,2006,8,2006-08-01,26,1401
South Cambie,2006,9,2006-09-01,44,3065
South Cambie,2006,10,2006-10-01,26,1175
South Cambie,2006,11,2006-11-01,41,3094
South Cambie,2006,12,2006-12-01,30,1232
South Cambie,2007,1,2007-01-01,25,1826
South Cambie,2007,2,2007-02-01,26,2389
South Cambie,2007,3,2007-03-01,29,2146
South Cambie,2007,4,2007-04-01,21,1208
South Cambie,2007,5,2007-05-01,46,2346
South Cambie,2007,6,2007-06-01,26,1539
South Cambie,2007,7,2007-07-01,27,1975
South Cambie,2007,8,2007-08-01,37,2601
South Cambie,2007,9,2007-09-01,25,1595
South Cambie,2007,10,2007-10-01,29,1687
South Cambie,2007,11,2007-11-01,35,2777
South Cambie,2007,12,2007-12-01,27,1663
South Cambie,2008,1,2008-01-01,34,1861
South Cambie,2008,2,2008-02-01,26,1470
South Cambie,2008,3,2008-03-01,22,1907
South Cambie,2008,4,2008-04-01,38,2595
South Cambie,2008,5,2008-05-01,32,2521
South Cambie,2008,6,2008-06-01,22,1836
South Cambie,2008,7,2008-07-01,25,1856
South Cambie,2008,8,2008-08-01,26,2227
South Cambie,2008,9,2008-09-01,19,676
South Cambie,2008,10,2008-10-01,27,1431
South Cambie,2008,11,2008-11-01,43,2902
South Cambie,2008,12,2008-12-01,20,1151
South Cambie,2009,1,2009-01-01,27,2071
South Cambie,2009,2,2009-02-01,26,1567
South Cambie,2009,3,2009-03-01,47,3476
South Cambie,2009,4,2009-04-01,24,1335
South Cambie,2009,5,2009-05-01,40,3164
South Cambie,2009,6,2009-06-01,35,1776
South Cambie,2009,7,2009-07-01,31,1498
South Cambie,2009,8,2009-08-01,25,1289
South Cambie,2009,9,2009-09-01,44,2849
South Cambie,2009,10,2009-10-01,33,2358
South Cambie,2009,11,2009-11-01,20,1817
South Cambie,2009,12,2009-12-01,29,1919
South Cambie,2010,1,2010-01-01,36,2276
South Cambie,2010,2,2010-02-01,21,979
South Cambie,2010,3,2010-03-01,38,2176
South Cambie,2010,4,2010-04-01,26,1347
South Cambie,2010,5,2010-05-01,34,2368
South Cambie,2010,6,2010-06-01,33,1812
South Cambie,2010,7,2010-07-01,16,572
South Cambie,2010,8,2010-08-01,26,1142
South Cambie,2010,9,2010-09-01,29,1532
South Cambie,2010,10,2010-10-01,45,2083
South Cambie,2010,11,2010-11-01,21,840
South Cambie,2010,12,2010-12-01,18,1102
South Cambie,2011,1,2011-01-01,23,1336
South Cambie,2011,2,2011-02-01,32,1925
South Cambie,2011,3,2011-03-01,21,1172
South Cambie,2011,4,2011-04-01,26,1224
South Cambie,2011,5,2011-05-01,17,837
South Cambie,2011,6,2011-06-01,34,1729
South Cambie,2011,7,2011-07-01,29,1643
South Cambie,2011,8,2011-08-01,35,1380
South Cambie,2011,9,2011-09-01,26,1079
South Cambie,2011,10,2011-10-01,20,1155
South Cambie,2011,11,2011-11-01,32,1787
South Cambie,2011,12,2011-12-01,34,2194
South Cambie,2012,1,2012-01-01,33,2606
South Cambie,2012,2,2012-02-01,23,1514
South Cambie,2012,3,2012-03-01,17,864
South Cambie,2012,4,2012-04-01,36,2543
South Cambie,2012,5,2012-05-01,19,1152
South Cambie,2012,6,2012-06-01,30,1498
South Cambie,2012,7,2012-07-01,24,1252
South Cambie,2012,8,2012-08-01,32,2003
South Cambie,2012,9,2012-09-01,27,1146
South Cambie,2012,10,2012-10-01,39,2143
South Cambie,2012,11,2012-11-01,34,2395
South Cambie,2012,12,2012-12-01,39,2241
South Cambie,2013,1,2013-01-01,22,1619
South Cambie,2013,2,2013-02-01,23,920
South Cambie,2013,3,2013-03-01,32,1598
South Cambie,2013,4,2013-04-01,29,1345
South Cambie,2013,5,2013-05-01,25,1157
South Cambie,2013,6,2013-06-01,29,1285
South Cambie,2013,7,2013-07-01,26,1201
South Cambie,2013,8,2013-08-01,16,952
South Cambie,2013,9,2013-09-01,30,1678
South Cambie,2013,10,2013-10-01,17,868
South Cambie,2013,11,2013-11-01,43,2759
South Cambie,2013,12,2013-12-01,32,1660
South Cambie,2014,1,2014-01-01,45,2153
South Cambie,2014,2,2014-02-01,36,2087
South Cambie,2014,3,2014-03-01,38,2545
South Cambie,2014,4,2014-04-01,31,1275
South Cambie,2014,5,2014-05-01,42,1928
South Cambie,2014,6,2014-06-01,37,2348
South Cambie,2014,7,2014-07-01,49,2655
South Cambie,2014,8,2014-08-01,44,2160
South Cambie,2014,9,2014-09-01,45,2195
South Cambie,2014,10,2014-10-01,50,2150
South Cambie,2014,11,2014-11-01,35,2104
South Cambie,2014,12,2014-12-01,27,2063
South Cambie,2015,1,2015-01-01,37,2142
South Cambie,2015,2,2015-02-01,37,1496
South Cambie,2015,3,2015-03-01,32,2095
South Cambie,2015,4,2015-04-01,34,1383
South Cambie,2015,5,2015-05-01,40,2256
South Cambie,2015,6,2015-06-01,30,2163
South Cambie,2015,7,2015-07-01,43,2141
South Cambie,2015,8,2015-08-01,45,2840
South Cambie,2015,9,2015-09-01,35,1773
South Cambie,2015,10,2015-10-01,43,1883
South Cambie,2015,11,2015-11-01,41,2570
South Cambie,2015,12,2015-12-01,52,3276
South Cambie,2016,1,2016-01-01,38,2110
South Cambie,2016,2,2016-02-01,38,1740
South Cambie,2016,3,2016-03-01,34,1393
South Cambie,2016,4,2016-04-01,31,1295
South Cambie,2016,5,2016-05-01,36,1840
South Cambie,2016,6,2016-06-01,36,2015
South Cambie,2016,7,2016-07-01,46,2917
South Cambie,2016,8,2016-08-01,42,2265
South Cambie,2016,9,2016-09-01,40,2205
South Cambie,2016,10,2016-10-01,34,2060
South Cambie,2016,11,2016-11-01,26,1842
South Cambie,2016,12,2016-12-01,19,1183
South Cambie,2017,1,2017-01-01,17,1140
South Cambie,2017,2,2017-02-01,28,1846
South Cambie,2017,3,2017-03-01,31,1988
South Cambie,2017,4,2017-04-01,29,1883
South Cambie,2017,5,2017-05-01,39,2232
South Cambie,2017,6,2017-06-01,41,1877
South Cambie,2017,7,2017-07-01,40,1918
South Cambie,2017,8,2017-08-01,28,1476
South Cambie,2017,9,2017-09-01,35,2316
South Cambie,2017,10,2017-10-01,39,2005
South Cambie,2017,11,2017-11-01,25,1348
South Cambie,2017,12,2017-12-01,29,1566
South Cambie,2018,1,2018-01-01,21,1302
South Cambie,2018,2,2018-02-01,39,1979
South Cambie,2018,3,2018-03-01,25,1100
South Cambie,2018,4,2018-04-01,33,1471
South Cambie,2018,5,2018-05-01,29,1767
South Cambie,2018,6,2018-06-01,30,1948
South Cambie,2018,7,2018-07-01,30,1399
South Cambie,2018,8,2018-08-01,21,1134
South Cambie,2018,9,2018-09-01,34,1853
South Cambie,2018,10,2018-10-01,27,1549
South Cambie,2018,11,2018-11-01,31,1469
South Cambie,2018,12,2018-12-01,26,1114
South Cambie,2019,1,2019-01-01,35,1580
South Cambie,2019,2,2019-02-01,36,1558
South Cambie,2019,3,2019-03-01,39,1932
South Cambie,2019,4,2019-04-01,25,1106
South Cambie,2019,5,2019-05-01,35,1607
South Cambie,2019,6,2019-06-01,35,1879
South Cambie,2019,7,2019-07-01,43,2136
South Cambie,2019,8,2019-08-01,51,2285
South Cambie,2019,9,2019-09-01,43,2244
South Cambie,2019,10,2019-10-01,64,3514
South Cambie,2019,11,2019-11-01,43,2416
South Cambie,2019,12,2019-12-01,37,2542
South Cambie,2020,1,2020-01-01,38,1602
South Cambie,2020,2,2020-02-01,29,2074
South Cambie,2020,3,2020-03-01,64,3404
South Cambie,2020,4,2020-04-01,46,2839
South Cambie,2020,5,2020-05-01,36,1789
South Cambie,2020,6,2020-06-01,29,1299
South Cambie,2020,7,2020-07-01,35,1705
South Cambie,2020,8,2020-08-01,43,2151
South Cambie,2020,9,2020-09-01,33,1589
South Cambie,2020,10,2020-10-01,35,1696
South Cambie,2020,11,2020-11-01,54,2076
South Cambie,2020,12,2020-12-01,48,3067
South Cambie,2021,1,2021-01-01,26,1519
South Cambie,2021,2,2021-02-01,31,2003
South Cambie,2021,3,2021-03-01,32,1339
South Cambie,2021,4,2021-04-01,30,1122
South Cambie,2021,5,2021-05-01,38,2140
South Cambie,2021,6,2021-06-01,23,1402
South Cambie,2021,7,2021-07-01,20,1022
South Cambie,2021,8,2021-08-01,43,2203
South Cambie,2021,9,2021-09-01,37,1652
South Cambie,2021,10,2021-10-01,27,1093
South Cambie,2021,11,2021-11-01,27,1338
South Cambie,2021,12,2021-12-01,20,1550
South Cambie,2023,1,2023-01-01,28,1352
South Cambie,2023,2,2023-02-01,17,745
South Cambie,2023,3,2023-03-01,37,2338
South Cambie,2023,4,2023-04-01,36,2482
South Cambie,2023,5,2023-05-01,29,1473
South Cambie,2023,6,2023-06-01,20,1181
South Cambie,2023,7,2023-07-01,22,711
South Cambie,2023,8,2023-08-01,39,1513
South Cambie,2023,9,2023-09-01,20,796
South Cambie,2023,10,2023-10-01,23,647
South Cambie,2023,11,2023-11-01,24,1053
South Cambie,2023,12,2023-12-01,20,801
South Cambie,2024,1,2024-01-01,24,1389
South Cambie,2024,2,2024-02-01,28,1516
South Cambie,2024,3,2024-03-01,34,1464
South Cambie,2024,4,2024-04-01,15,805
South Cambie,2024,5,2024-05-01,28,1188
South Cambie,2024,6,2024-06-01,30,1395
South Cambie,2024,7,2024-07-01,27,1020
South Cambie,2024,8,2024-08-01,23,1032
South Cambie,2024,9,2024-09-01,31,1387
South Cambie,2024,10,2024-10-01,22,859
South Cambie,2024,11,2024-11-01,22,1244
South Cambie,2024,12,2024-12-01,23,1504
South Cambie,2025,1,2025-01-01,15,759
South Cambie,2025,2,2025-02-01,29,1279
South Cambie,2025,3,2025-03-01,33,1399
South Cambie,2025,4,2025-04-01,37,1623
South Cambie,2025,5,2025-05-01,26,1165
South Cambie,2025,6,2025-06-01,21,1128
South Cambie,2025,7,2025-07-01,18,682
South Cambie,2025,8,2025-08-01,38,1224
South Cambie,2025,9,2025-09-01,29,1170
South Cambie,2025,10,2025-10-01,25,1302
South Cambie,2025,11,2025-11-01,21,1098
South Cambie,2025,12,2025-12-01,20,864
South Cambie,2026,1,2026-01-01,31,1295
South Cambie,2026,2,2026-02-01,23,1145
South Cambie,2026,3,2026-03-01,25,1224
South Cambie,2026,4,2026-04-01,27,1276
South Cambie,2026,5,2026-05-01,27,1119
South Cambie,2026,6,2026-06-01,28,1444
South Cambie,2026,7,2026-07-01,25,988
South Cambie,2026,8,2026-08-01,37,1171
South Cambie,2026,9,2026-09-01,21,1097
Stanley Park,2003,1,2003-01-01,12,338
Stanley Park,2003,2,2003-02-01,25,715
Stanley Park,2003,3,2003-03-01,23,714
Stanley Park,2003,4,2003-04-01,32,1006
Stanley Park,2003,5,2003-05-01,45,1452
Stanley Park,2003,6,2003-06-01,50,1622
Stanley Park,2003,7,2003-07-01,96,3009
Stanley Park,2003,8,2003-08-01,89,2651
Stanley Park,2003,9,2003-09-01,67,1991
Stanley Park,2003,10,2003-10-01,39,1405
Stanley Park,2003,11,2003-11-01,13,414
Stanley Park,2003,12,2003-12-01,10,290
Stanley Park,2004,1,2004-01-01,19,630
Stanley Park,2004,2,2004-02-01,21,722
Stanley Park,2004,3,2004-03-01,18,591
Stanley Park,2004,4,2004-04-01,36,1367
Stanley Park,2004,5,2004-05-01,53,1693
Stanley Park,2004,6,2004-06-01,45,1713
Stanley Park,2004,7,2004-07-01,71,2450
Stanley Park,2004,8,2004-08-01,58,1827
Stanley Park,2004,9,2004-09-01,46,1551
Stanley Park,2004,10,2004-10-01,39,2727
Stanley Park,2004,11,2004-11-01,38,1303
Stanley Park,2004,12,2004-12-01,15,466
Stanley Park,2005,1,2005-01-01,12,369
Stanley Park,2005,2,2005-02-01,25,813
Stanley Park,2005,3,2005-03-01,32,1028
Stanley Park,2005,4,2005-04-01,34,1044
Stanley Park,2005,5,2005-05-01,31,925
Stanley Park,2005,6,2005-06-01,47,1358
Stanley Park,2005,7,2005-07-01,51,1563
Stanley Park,2005,8,2005-08-01,95,3236
Stanley Park,2005,9,2005-09-01,50,1707
Stanley Park,2005,10,2005-10-01,28,834
Stanley Park,2005,11,2005-11-01,10,353
Stanley Park,2005,12,2005-12-01,16,557
Stanley Park,2006,1,2006-01-01,28,869
Stanley Park,2006,2,2006-02-01,28,807
Stanley Park,2006,3,2006-03-01,41,1252
Stanley Park,2006,4,2006-04-01,43,1408
Stanley Park,2006,5,2006-05-01,43,1345
Stanley Park,2006,6,2006-06-01,46,1545
Stanley Park,2006,7,2006-07-01,48,1727
Stanley Park,2006,8,2006-08-01,39,1339
Stanley Park,2006,9,2006-09-01,33,1014
Stanley Park,2006,10,2006-10-01,30,1225
Stanley Park,2006,11,2006-11-01,7,291
Stanley Park,2006,12,2006-12-01,16,712
Stanley Park,2007,1,2007-01-01,20,791
Stanley Park,2007,2,2007-02-01,13,495
Stanley Park,2007,3,2007-03-01,12,411
Stanley Park,2007,4,2007-04-01,17,550
Stanley Park,2007,5,2007-05-01,21,635
Stanley Park,2007,6,2007-06-01,20,693
Stanley Park,2007,7,2007-07-01,30,933
Stanley Park,2007,8,2007-08-01,45,1384
Stanley Park,2007,9,2007-09-01,38,1197
Stanley Park,2007,10,2007-10-01,27,932
Stanley Park,2007,11,2007-11-01,15,466
Stanley Park,2007,12,2007-12-01,19,664
Stanley Park,2008,1,2008-01-01,20,786
Stanley Park,2008,2,2008-02-01,17,571
Stanley Park,2008,3,2008-03-01,29,836
Stanley Park,2008,4,2008-04-01,27,840
Stanley Park,2008,5,2008-05-01,37,1336
Stanley Park,2008,6,2008-06-01,41,1425
Stanley Park,2008,7,2008-07-01,34,1285
Stanley Park,2008,8,2008-08-01,28,838
Stanley Park,2008,9,2008-09-01,41,1595
Stanley Park,2008,10,2008-10-01,15,697
Stanley Park,2008,11,2008-11-01,26,1120
Stanley Park,2008,12,2008-12-01,13,470
Stanley Park,2009,1,2009-01-01,19,819
Stanley Park,2009,2,2009-02-01,17,519
Stanley Park,2009,3,2009-03-01,26,785
Stanley Park,2009,4,2009-04-01,26,868
Stanley Park,2009,5,2009-05-01,27,835
Stanley Park,2009,6,2009-06-01,43,1305
Stanley Park,2009,7,2009-07-01,55,1849
Stanley Park,2009,8,2009-08-01,38,1221
Stanley Park,2009,9,2009-09-01,19,839
Stanley Park,2009,10,2009-10-01,15,538
Stanley Park,2009,11,2009-11-01,11,437
Stanley Park,2009,12,2009-12-01,9,261
Stanley Park,2010,1,2010-01-01,22,731
Stanley Park,2010,2,2010-02-01,17,524
Stanley Park,2010,3,2010-03-01,10,285
Stanley Park,2010,4,2010-04-01,14,468
Stanley Park,2010,5,2010-05-01,22,690
Stanley Park,2010,6,2010-06-01,36,1260
Stanley Park,2010,7,2010-07-01,28,896
Stanley Park,2010,8,2010-08-01,35,1227
Stanley Park,2010,9,2010-09-01,22,659
Stanley Park,2010,10,2010-10-01,10,378
Stanley Park,2010,11,2010-11-01,7,234
Stanley Park,2010,12,2010-12-01,6,174
Stanley Park,2011,1,2011-01-01,10,353
Stanley Park,2011,2,2011-02-01,4,116
Stanley Park,2011,3,2011-03-01,7,234
Stanley Park,2011,4,2011-04-01,8,227
Stanley Park,2011,5,2011-05-01,17,488
Stanley Park,2011,6,2011-06-01,14,406
Stanley Park,2011,7,2011-07-01,29,954
Stanley Park,2011,8,2011-08-01,60,1808
Stanley Park,2011,9,2011-09-01,34,1239
Stanley Park,2011,10,2011-10-01,14,464
Stanley Park,2011,11,2011-11-01,8,345
Stanley Park,2011,12,2011-12-01,10,342
Stanley Park,2012,1,2012-01-01,11,494
Stanley Park,2012,2,2012-02-01,11,468
Stanley Park,2012,3,2012-03-01,13,372
Stanley Park,2012,4,2012-04-01,9,323
Stanley Park,2012,5,2012-05-01,7,409
Stanley Park,2012,6,2012-06-01,26,1011
Stanley Park,2012,7,2012-07-01,52,1704
Stanley Park,2012,8,2012-08-01,33,1014
Stanley Park,2012,9,2012-09-01,18,606
Stanley Park,2012,10,2012-10-01,11,350
Stanley Park,2012,11,2012-11-01,17,514
Stanley Park,2012,12,2012-12-01,22,664
Stanley Park,2013,1,2013-01-01,15,692
Stanley Park,2013,2,2013-02-01,28,812
Stanley Park,2013,3,2013-03-01,15,1082
Stanley Park,2013,4,2013-04-01,17,1258
Stanley Park,2013,5,2013-05-01,21,748
Stanley Park,2013,6,2013-06-01,30,983
Stanley Park,2013,7,2013-07-01,57,1828
Stanley Park,2013,8,2013-08-01,27,845
Stanley Park,2013,9,2013-09-01,17,642
Stanley Park,2013,10,2013-10-01,38,1128
Stanley Park,2013,11,2013-11-01,30,927
Stanley Park,2013,12,2013-12-01,14,401
Stanley Park,2014,1,2014-01-01,15,728
Stanley Park,2014,2,2014-02-01,14,1027
Stanley Park,2014,3,2014-03-01,31,1223
Stanley Park,2014,4,2014-04-01,16,578
Stanley Park,2014,5,2014-05-01,20,673
Stanley Park,2014,6,2014-06-01,38,1298
Stanley Park,2014,7,2014-07-01,42,1547
Stanley Park,2014,8,2014-08-01,28,1029
Stanley Park,2014,9,2014-09-01,12,503
Stanley Park,2014,10,2014-10-01,13,403
Stanley Park,2014,11,2014-11-01,5,320
Stanley Park,2014,12,2014-12-01,3,87
Stanley Park,2015,1,2015-01-01,11,555
Stanley Park,2015,2,2015-02-01,11,382
Stanley Park,2015,3,2015-03-01,12,697
Stanley Park,2015,4,2015-04-01,22,777
Stanley Park,2015,5,2015-05-01,21,630
Stanley Park,2015,6,2015-06-01,22,628
Stanley Park,2015,7,2015-07-01,40,1566
Stanley Park,2015,8,2015-08-01,43,1443
Stanley Park,2015,9,2015-09-01,26,780
Stanley Park,2015,10,2015-10-01,16,526
Stanley Park,2015,11,2015-11-01,20,929
Stanley Park,2015,12,2015-12-01,8,381
Stanley Park,2016,1,2016-01-01,15,518
Stanley Park,2016,2,2016-02-01,16,778
Stanley Park,2016,3,2016-03-01,17,965
Stanley Park,2016,4,2016-04-01,20,698
Stanley Park,2016,5,2016-05-01,14,642
Stanley Park,2016,6,2016-06-01,17,483
Stanley Park,2016,7,2016-07-01,21,759
Stanley Park,2016,8,2016-08-01,24,717
Stanley Park,2016,9,2016-09-01,11,309
Stanley Park,2016,10,2016-10-01,6,349
Stanley Park,2016,11,2016-11-01,10,337
Stanley Park,2016,12,2016-12-01,8,413
Stanley Park,2017,1,2017-01-01,10,352
Stanley Park,2017,2,2017-02-01,3,87
Stanley Park,2017,3,2017-03-01,11,309
Stanley Park,2017,4,2017-04-01,13,485
Stanley Park,2017,5,2017-05-01,11,319
Stanley Park,2017,6,2017-06-01,31,1069
Stanley Park,2017,7,2017-07-01,35,1164
Stanley Park,2017,8,2017-08-01,33,1394
Stanley Park,2017,9,2017-09-01,17,724
Stanley Park,2017,10,2017-10-01,11,314
Stanley Park,2017,11,2017-11-01,8,263
Stanley Park,2017,12,2017-12-01,4,116
Stanley Park,2018,1,2018-01-01,6,410
Stanley Park,2018,2,2018-02-01,13,495
Stanley Park,2018,3,2018-03-01,3,87
Stanley Park,2018,4,2018-04-01,7,378
Stanley Park,2018,5,2018-05-01,15,815
Stanley Park,2018,6,2018-06-01,8,258
Stanley Park,2018,7,2018-07-01,18,548
Stanley Park,2018,8,2018-08-01,32,1095
Stanley Park,2018,9,2018-09-01,25,824
Stanley Park,2018,10,2018-10-01,25,808
Stanley Park,2018,11,2018-11-01,16,459
Stanley Park,2018,12,2018-12-01,21,753
Stanley Park,2019,1,2019-01-01,12,554
Stanley Park,2019,2,2019-02-01,15,734
Stanley Park,2019,3,2019-03-01,18,548
Stanley Park,2019,4,2019-04-01,19,577
Stanley Park,2019,5,2019-05-01,39,1322
Stanley Park,2019,6,2019-06-01,20,638
Stanley Park,2019,7,2019-07-01,25,1169
Stanley Park,2019,8,2019-08-01,30,1030
Stanley Park,2019,9,2019-09-01,14,519
Stanley Park,2019,10,2019-10-01,12,574
Stanley Park,2019,11,2019-11-01,15,461
Stanley Park,2019,12,2019-12-01,12,528
Stanley Park,2020,1,2020-01-01,16,459
Stanley Park,2020,2,2020-02-01,13,639
Stanley Park,2020,3,2020-03-01,6,236
Stanley Park,2020,4,2020-04-01,2,58
Stanley Park,2020,5,2020-05-01,1,24
Stanley Park,2020,6,2020-06-01,7,363
Stanley Park,2020,7,2020-07-01,4,147
Stanley Park,2020,8,2020-08-01,5,263
Stanley Park,2020,9,2020-09-01,12,601
Stanley Park,2020,10,2020-10-01,6,313
Stanley Park,2020,11,2020-11-01,5,376
Stanley Park,2020,12,2020-12-01,3,150
Stanley Park,2021,1,2021-01-01,2,176
Stanley Park,2021,2,2021-02-01,2,58
Stanley Park,2021,3,2021-03-01,2,58
Stanley Park,2021,4,2021-04-01,4,255
Stanley Park,2021,5,2021-05-01,6,405
Stanley Park,2021,6,2021-06-01,14,524
Stanley Park,2021,7,2021-07-01,26,801
Stanley Park,2021,8,2021-08-01,12,497
Stanley Park,2021,9,2021-09-01,8,366
Stanley Park,2021,10,2021-10-01,8,232
Stanley Park,2021,11,2021-11-01,5,145
Stanley Park,2021,12,2021-12-01,19,700
Stanley Park,2023,1,2023-01-01,5,202
Stanley Park,2023,2,2023-02-01,2,58
Stanley Park,2023,3,2023-03-01,5,140
Stanley Park,2023,4,2023-04-01,6,324
Stanley Park,2023,5,2023-05-01,28,952
Stanley Park,2023,6,2023-06-01,23,771
Stanley Park,2023,7,2023-07-01,21,714
Stanley Park,2023,8,2023-08-01,29,811
Stanley Park,2023,9,2023-09-01,20,817
Stanley Park,2023,10,2023-10-01,9,256
Stanley Park,2023,11,2023-11-01,4,106
Stanley Park,2023,12,2023-12-01,6,231
Stanley Park,2024,1,2024-01-01,3,200
Stanley Park,2024,2,2024-02-01,3,77
Stanley Park,2024,3,2024-03-01,10,332
Stanley Park,2024,4,2024-04-01,10,414
Stanley Park,2024,5,2024-05-01,15,764
Stanley Park,2024,6,2024-06-01,30,954
Stanley Park,2024,7,2024-07-01,28,916
Stanley Park,2024,8,2024-08-01,15,702
Stanley Park,2024,9,2024-09-01,15,584
Stanley Park,2024,10,2024-10-01,18,974
Stanley Park,2024,11,2024-11-01,1,24
Stanley Park,2024,12,2024-12-01,4,383
Stanley Park,2025,1,2025-01-01,14,602
Stanley Park,2025,2,2025-02-01,7,311
Stanley Park,2025,3,2025-03-01,2,53
Stanley Park,2025,4,2025-04-01,7,347
Stanley Park,2025,5,2025-05-01,17,576
Stanley Park,2025,6,2025-06-01,21,938
Stanley Park,2025,7,2025-07-01,18,553
Stanley Park,2025,8,2025-08-01,17,699
Stanley Park,2025,9,2025-09-01,13,372
Stanley Park,2025,10,2025-10-01,14,535
Stanley Park,2025,11,2025-11-01,11,458
Stanley Park,2025,12,2025-12-01,12,560
Stanley Park,2026,1,2026-01-01,5,258
Stanley Park,2026,2,2026-02-01,6,405
Stanley Park,2026,3,2026-03-01,2,58
Stanley Park,2026,4,2026-04-01,8,258
Stanley Park,2026,5,2026-05-01,11,345
Stanley Park,2026,6,2026-06-01,22,700
Stanley Park,2026,7,2026-07-01,31,987
Stanley Park,2026,8,2026-08-01,27,773
Stanley Park,2026,9,2026-09-01,10,321
Strathcona,2003,1,2003-01-01,262,14040
Strathcona,2003,2,2003-02-01,221,11046
Strathcona,2003,3,2003-03-01,260,14046
Strathcona,2003,4,2003-04-01,280,14187
Strathcona,2003,5,2003-05-01,315,16186
Strathcona,2003,6,2003-06-01,295,12289
Strathcona,2003,7,2003-07-01,293,13117
Strathcona,2003,8,2003-08-01,312,13026
Strathcona,2003,9,2003-09-01,339,15155
Strathcona,2003,10,2003-10-01,323,16265
Strathcona,2003,11,2003-11-01,294,13574
Strathcona,2003,12,2003-12-01,247,11103
Strathcona,2004,1,2004-01-01,250,10812
Strathcona,2004,2,2004-02-01,216,9937
Strathcona,2004,3,2004-03-01,277,13576
Strathcona,2004,4,2004-04-01,282,13986
Strathcona,2004,5,2004-05-01,257,13401
Strathcona,2004,6,2004-06-01,287,14633
Strathcona,2004,7,2004-07-01,296,13914
Strathcona,2004,8,2004-08-01,334,18289
Strathcona,2004,9,2004-09-01,333,19064
Strathcona,2004,10,2004-10-01,272,13143
Strathcona,2004,11,2004-11-01,254,12693
Strathcona,2004,12,2004-12-01,259,12228
Strathcona,2005,1,2005-01-01,268,11880
Strathcona,2005,2,2005-02-01,247,10079
Strathcona,2005,3,2005-03-01,215,9625
Strathcona,2005,4,2005-04-01,286,11520
Strathcona,2005,5,2005-05-01,302,14442
Strathcona,2005,6,2005-06-01,287,14702
Strathcona,2005,7,2005-07-01,297,14314
Strathcona,2005,8,2005-08-01,315,13972
Strathcona,2005,9,2005-09-01,298,14180
Strathcona,2005,10,2005-10-01,221,10817
Strathcona,2005,11,2005-11-01,246,12983
Strathcona,2005,12,2005-12-01,240,11907
Strathcona,2006,1,2006-01-01,191,9293
Strathcona,2006,2,2006-02-01,188,9210
Strathcona,2006,3,2006-03-01,228,11184
Strathcona,2006,4,2006-04-01,216,9918
Strathcona,2006,5,2006-05-01,283,14147
Strathcona,2006,6,2006-06-01,241,12094
Strathcona,2006,7,2006-07-01,254,12071
Strathcona,2006,8,2006-08-01,280,13852
Strathcona,2006,9,2006-09-01,234,13259
Strathcona,2006,10,2006-10-01,200,11238
Strathcona,2006,11,2006-11-01,195,11049
Strathcona,2006,12,2006-12-01,194,11189
Strathcona,2007,1,2007-01-01,184,8391
Strathcona,2007,2,2007-02-01,148,6827
Strathcona,2007,3,2007-03-01,209,11551
Strathcona,2007,4,2007-04-01,199,9627
Strathcona,2007,5,2007-05-01,235,14140
Strathcona,2007,6,2007-06-01,230,11171
Strathcona,2007,7,2007-07-01,263,13746
Strathcona,2007,8,2007-08-01,244,11681
Strathcona,2007,9,2007-09-01,187,9346
Strathcona,2007,10,2007-10-01,206,9261
Strathcona,2007,11,2007-11-01,185,9543
Strathcona,2007,12,2007-12-01,171,8597
Strathcona,2008,1,2008-01-01,177,10126
Strathcona,2008,2,2008-02-01,192,9537
Strathcona,2008,3,2008-03-01,190,10004
Strathcona,2008,4,2008-04-01,161,7270
Strathcona,2008,5,2008-05-01,224,12004
Strathcona,2008,6,2008-06-01,214,11087
Strathcona,2008,7,2008-07-01,227,12477
Strathcona,2008,8,2008-08-01,250,12044
Strathcona,2008,9,2008-09-01,220,12213
Strathcona,2008,10,2008-10-01,205,9630
Strathcona,2008,11,2008-11-01,188,9240
Strathcona,2008,12,2008-12-01,173,8701
Strathcona,2009,1,2009-01-01,191,10045
Strathcona,2009,2,2009-02-01,152,6389
Strathcona,2009,3,2009-03-01,167,8414
Strathcona,2009,4,2009-04-01,179,9308
Strathcona,2009,5,2009-05-01,169,7962
Strathcona,2009,6,2009-06-01,185,9111
Strathcona,2009,7,2009-07-01,214,9568
Strathcona,2009,8,2009-08-01,200,9321
Strathcona,2009,9,2009-09-01,172,9791
Strathcona,2009,10,2009-10-01,191,9898
Strathcona,2009,11,2009-11-01,158,8014
Strathcona,2009,12,2009-12-01,141,6622
Strathcona,2010,1,2010-01-01,170,8008
Strathcona,2010,2,2010-02-01,192,9414
Strathcona,2010,3,2010-03-01,149,6834
Strathcona,2010,4,2010-04-01,118,6118
Strathcona,2010,5,2010-05-01,189,8521
Strathcona,2010,6,2010-06-01,177,8243
Strathcona,2010,7,2010-07-01,171,8495
Strathcona,2010,8,2010-08-01,211,11178
Strathcona,2010,9,2010-09-01,174,8871
Strathcona,2010,10,2010-10-01,214,9384
Strathcona,2010,11,2010-11-01,145,7675
Strathcona,2010,12,2010-12-01,142,6797
Strathcona,2011,1,2011-01-01,154,8178
Strathcona,2011,2,2011-02-01,175,7968
Strathcona,2011,3,2011-03-01,160,7838
Strathcona,2011,4,2011-04-01,141,6707
Strathcona,2011,5,2011-05-01,169,7898
Strathcona,2011,6,2011-06-01,168,7663
Strathcona,2011,7,2011-07-01,181,8032
Strathcona,2011,8,2011-08-01,183,9431
Strathcona,2011,9,2011-09-01,196,10582
Strathcona,2011,10,2011-10-01,163,6770
Strathcona,2011,11,2011-11-01,174,7606
Strathcona,2011,12,2011-12-01,194,10183
Strathcona,2012,1,2012-01-01,168,8150
Strathcona,2012,2,2012-02-01,158,7095
Strathcona,2012,3,2012-03-01,155,8085
Strathcona,2012,4,2012-04-01,159,8297
Strathcona,2012,5,2012-05-01,208,10453
Strathcona,2012,6,2012-06-01,172,8119
Strathcona,2012,7,2012-07-01,189,8627
Strathcona,2012,8,2012-08-01,208,9562
Strathcona,2012,9,2012-09-01,202,9908
Strathcona,2012,10,2012-10-01,171,8463
Strathcona,2012,11,2012-11-01,207,11594
Strathcona,2012,12,2012-12-01,127,6153
Strathcona,2013,1,2013-01-01,157,7735
Strathcona,2013,2,2013-02-01,150,7319
Strathcona,2013,3,2013-03-01,176,9062
Strathcona,2013,4,2013-04-01,159,7723
Strathcona,2013,5,2013-05-01,192,9167
Strathcona,2013,6,2013-06-01,194,10178
Strathcona,2013,7,2013-07-01,201,9545
Strathcona,2013,8,2013-08-01,216,10539
Strathcona,2013,9,2013-09-01,189,8582
Strathcona,2013,10,2013-10-01,178,8795
Strathcona,2013,11,2013-11-01,170,8411
Strathcona,2013,12,2013-12-01,128,5875
Strathcona,2014,1,2014-01-01,171,8616
Strathcona,2014,2,2014-02-01,143,6716
Strathcona,2014,3,2014-03-01,164,7568
Strathcona,2014,4,2014-04-01,188,9008
Strathcona,2014,5,2014-05-01,214,10062
Strathcona,2014,6,2014-06-01,224,10652
Strathcona,2014,7,2014-07-01,231,10232
Strathcona,2014,8,2014-08-01,239,10935
Strathcona,2014,9,2014-09-01,232,11242
Strathcona,2014,10,2014-10-01,184,9392
Strathcona,2014,11,2014-11-01,205,9970
Strathcona,2014,12,2014-12-01,174,8127
Strathcona,2015,1,2015-01-01,193,9104
Strathcona,2015,2,2015-02-01,165,7842
Strathcona,2015,3,2015-03-01,188,8650
Strathcona,2015,4,2015-04-01,161,7900
Strathcona,2015,5,2015-05-01,197,9958
Strathcona,2015,6,2015-06-01,222,10733
Strathcona,2015,7,2015-07-01,244,12019
Strathcona,2015,8,2015-08-01,228,11796
Strathcona,2015,9,2015-09-01,196,9779
Strathcona,2015,10,2015-10-01,206,10149
Strathcona,2015,11,2015-11-01,205,9862
Strathcona,2015,12,2015-12-01,199,10635
Strathcona,2016,1,2016-01-01,232,12510
Strathcona,2016,2,2016-02-01,200,10419
Strathcona,2016,3,2016-03-01,235,12192
Strathcona,2016,4,2016-04-01,222,11576
Strathcona,2016,5,2016-05-01,220,10984
Strathcona,2016,6,2016-06-01,278,13175
Strathcona,2016,7,2016-07-01,262,13140
Strathcona,2016,8,2016-08-01,294,13290
Strathcona,2016,9,2016-09-01,253,12645
Strathcona,2016,10,2016-10-01,248,11884
Strathcona,2016,11,2016-11-01,207,10044
Strathcona,2016,12,2016-12-01,182,8870
Strathcona,2017,1,2017-01-01,162,6532
Strathcona,2017,2,2017-02-01,180,8710
Strathcona,2017,3,2017-03-01,229,10498
Strathcona,2017,4,2017-04-01,205,9561
Strathcona,2017,5,2017-05-01,234,10073
Strathcona,2017,6,2017-06-01,236,10893
Strathcona,2017,7,2017-07-01,235,11296
Strathcona,2017,8,2017-08-01,263,11741
Strathcona,2017,9,2017-09-01,248,11114
Strathcona,2017,10,2017-10-01,320,13786
Strathcona,2017,11,2017-11-01,288,13972
Strathcona,2017,12,2017-12-01,243,10400
Strathcona,2018,1,2018-01-01,277,11855
Strathcona,2018,2,2018-02-01,231,9394
Strathcona,2018,3,2018-03-01,232,11110
Strathcona,2018,4,2018-04-01,275,12700
Strathcona,2018,5,2018-05-01,218,9561
Strathcona,2018,6,2018-06-01,230,11050
Strathcona,2018,7,2018-07-01,254,11927
Strathcona,2018,8,2018-08-01,270,11696
Strathcona,2018,9,2018-09-01,258,12030
Strathcona,2018,10,2018-10-01,277,11574
Strathcona,2018,11,2018-11-01,268,12390
Strathcona,2018,12,2018-12-01,231,10353
Strathcona,2019,1,2019-01-01,227,9996
Strathcona,2019,2,2019-02-01,191,9315
Strathcona,2019,3,2019-03-01,216,9359
Strathcona,2019,4,2019-04-01,289,12236
Strathcona,2019,5,2019-05-01,249,11626
Strathcona,2019,6,2019-06-01,340,15572
Strathcona,2019,7,2019-07-01,339,15556
Strathcona,2019,8,2019-08-01,322,14750
Strathcona,2019,9,2019-09-01,328,16636
Strathcona,2019,10,2019-10-01,318,15770
Strathcona,2019,11,2019-11-01,273,12361
Strathcona,2019,12,2019-12-01,227,11710
Strathcona,2020,1,2020-01-01,258,13512
Strathcona,2020,2,2020-02-01,265,12293
Strathcona,2020,3,2020-03-01,304,16013
Strathcona,2020,4,2020-04-01,263,13702
Strathcona,2020,5,2020-05-01,211,9481
Strathcona,2020,6,2020-06-01,212,10118
Strathcona,2020,7,2020-07-01,280,11229
Strathcona,2020,8,2020-08-01,264,12010
Strathcona,2020,9,2020-09-01,276,12530
Strathcona,2020,10,2020-10-01,251,11067
Strathcona,2020,11,2020-11-01,214,10228
Strathcona,2020,12,2020-12-01,251,11579
Strathcona,2021,1,2021-01-01,224,10320
Strathcona,2021,2,2021-02-01,169,8443
Strathcona,2021,3,2021-03-01,188,8942
Strathcona,2021,4,2021-04-01,223,11042
Strathcona,2021,5,2021-05-01,205,10612
Strathcona,2021,6,2021-06-01,167,8224
Strathcona,2021,7,2021-07-01,189,9649
Strathcona,2021,8,2021-08-01,208,10139
Strathcona,2021,9,2021-09-01,199,9204
Strathcona,2021,10,2021-10-01,180,7631
Strathcona,2021,11,2021-11-01,211,9973
Strathcona,2021,12,2021-12-01,161,7756
Strathcona,2023,1,2023-01-01,208,9962
Strathcona,2023,2,2023-02-01,185,8680
Strathcona,2023,3,2023-03-01,258,11054
Strathcona,2023,4,2023-04-01,194,8310
Strathcona,2023,5,2023-05-01,233,10765
Strathcona,2023,6,2023-06-01,266,12202
Strathcona,2023,7,2023-07-01,246,11065
Strathcona,2023,8,2023-08-01,272,11673
Strathcona,2023,9,2023-09-01,265,12090
Strathcona,2023,10,2023-10-01,227,9702
Strathcona,2023,11,2023-11-01,197,9105
Strathcona,2023,12,2023-12-01,206,8724
Strathcona,2024,1,2024-01-01,159,6951
Strathcona,2024,2,2024-02-01,149,6884
Strathcona,2024,3,2024-03-01,158,7832
Strathcona,2024,4,2024-04-01,177,8232
Strathcona,2024,5,2024-05-01,222,10215
Strathcona,2024,6,2024-06-01,197,9852
Strathcona,2024,7,2024-07-01,225,10698
Strathcona,2024,8,2024-08-01,205,10387
Strathcona,2024,9,2024-09-01,174,7298
Strathcona,2024,10,2024-10-01,217,10236
Strathcona,2024,11,2024-11-01,152,6010
Strathcona,2024,12,2024-12-01,190,8054
Strathcona,2025,1,2025-01-01,156,6484
Strathcona,2025,2,2025-02-01,184,8299
Strathcona,2025,3,2025-03-01,163,7122
Strathcona,2025,4,2025-04-01,166,6709
Strathcona,2025,5,2025-05-01,187,8104
Strathcona,2025,6,2025-06-01,172,7479
Strathcona,2025,7,2025-07-01,192,8041
Strathcona,2025,8,2025-08-01,209,9169
Strathcona,2025,9,2025-09-01,201,9455
Strathcona,2025,10,2025-10-01,191,8266
Strathcona,2025,11,2025-11-01,204,9064
Strathcona,2025,12,2025-12-01,186,6922
Strathcona,2026,1,2026-01-01,233,9369
Strathcona,2026,2,2026-02-01,259,10316
Strathcona,2026,3,2026-03-01,225,10222
Strathcona,2026,4,2026-04-01,212,9301
Strathcona,2026,5,2026-05-01,235,9769
Strathcona,2026,6,2026-06-01,207,8781
Strathcona,2026,7,2026-07-01,258,11179
Strathcona,2026,8,2026-08-01,226,10162
Strathcona,2026,9,2026-09-01,175,7751
Sunset,2003,1,2003-01-01,161,9724
Sunset,2003,2,2003-02-01,154,9845
Sunset,2003,3,2003-03-01,158,9237
Sunset,2003,4,2003-04-01,196,11392
Sunset,2003,5,2003-05-01,211,11879
Sunset,2003,6,2003-06-01,175,8767
Sunset,2003,7,2003-07-01,152,8939
Sunset,2003,8,2003-08-01,178,11173
Sunset,2003,9,2003-09-01,157,10683
Sunset,2003,10,2003-10-01,200,13256
Sunset,2003,11,2003-11-01,194,10653
Sunset,2003,12,2003-12-01,180,10233
Sunset,2004,1,2004-01-01,156,8794
Sunset,2004,2,2004-02-01,204,13071
Sunset,2004,3,2004-03-01,192,11952
Sunset,2004,4,2004-04-01,129,7426
Sunset,2004,5,2004-05-01,175,10946
Sunset,2004,6,2004-06-01,165,9524
Sunset,2004,7,2004-07-01,137,8653
Sunset,2004,8,2004-08-01,179,10499
Sunset,2004,9,2004-09-01,171,12141
Sunset,2004,10,2004-10-01,184,12395
Sunset,2004,11,2004-11-01,178,11651
Sunset,2004,12,2004-12-01,160,10285
Sunset,2005,1,2005-01-01,174,10516
Sunset,2005,2,2005-02-01,125,7640
Sunset,2005,3,2005-03-01,173,9371
Sunset,2005,4,2005-04-01,150,8512
Sunset,2005,5,2005-05-01,162,9899
Sunset,2005,6,2005-06-01,160,8829
Sunset,2005,7,2005-07-01,138,6798
Sunset,2005,8,2005-08-01,141,8514
Sunset,2005,9,2005-09-01,161,9052
Sunset,2005,10,2005-10-01,174,9838
Sunset,2005,11,2005-11-01,171,9367
Sunset,2005,12,2005-12-01,141,9219
Sunset,2006,1,2006-01-01,183,11850
Sunset,2006,2,2006-02-01,144,8867
Sunset,2006,3,2006-03-01,194,12829
Sunset,2006,4,2006-04-01,165,10371
Sunset,2006,5,2006-05-01,169,9056
Sunset,2006,6,2006-06-01,186,10179
Sunset,2006,7,2006-07-01,165,11756
Sunset,2006,8,2006-08-01,135,7860
Sunset,2006,9,2006-09-01,135,8235
Sunset,2006,10,2006-10-01,146,8657
Sunset,2006,11,2006-11-01,138,9518
Sunset,2006,12,2006-12-01,139,8361
Sunset,2007,1,2007-01-01,154,10680
Sunset,2007,2,2007-02-01,136,7411
Sunset,2007,3,2007-03-01,133,8030
Sunset,2007,4,2007-04-01,112,6949
Sunset,2007,5,2007-05-01,144,8691
Sunset,2007,6,2007-06-01,142,9381
Sunset,2007,7,2007-07-01,167,10128
Sunset,2007,8,2007-08-01,156,9274
Sunset,2007,9,2007-09-01,160,7810
Sunset,2007,10,2007-10-01,135,6236
Sunset,2007,11,2007-11-01,129,6965
Sunset,2007,12,2007-12-01,125,7670
Sunset,2008,1,2008-01-01,131,8267
Sunset,2008,2,2008-02-01,151,8825
Sunset,2008,3,2008-03-01,120,7557
Sunset,2008,4,2008-04-01,135,7431
Sunset,2008,5,2008-05-01,105,7300
Sunset,2008,6,2008-06-01,121,7241
Sunset,2008,7,2008-07-01,118,6587
Sunset,2008,8,2008-08-01,118,6668
Sunset,2008,9,2008-09-01,96,4855
Sunset,2008,10,2008-10-01,108,5093
Sunset,2008,11,2008-11-01,103,6015
Sunset,2008,12,2008-12-01,92,4927
Sunset,2009,1,2009-01-01,100,5350
Sunset,2009,2,2009-02-01,106,5729
Sunset,2009,3,2009-03-01,107,4466
Sunset,2009,4,2009-04-01,105,6189
Sunset,2009,5,2009-05-01,98,5222
Sunset,2009,6,2009-06-01,124,7154
Sunset,2009,7,2009-07-01,82,4073
Sunset,2009,8,2009-08-01,131,7516
Sunset,2009,9,2009-09-01,89,4873
Sunset,2009,10,2009-10-01,107,5980
Sunset,2009,11,2009-11-01,109,4915
Sunset,2009,12,2009-12-01,114,5814
Sunset,2010,1,2010-01-01,122,6453
Sunset,2010,2,2010-02-01,78,4128
Sunset,2010,3,2010-03-01,87,4691
Sunset,2010,4,2010-04-01,111,5772
Sunset,2010,5,2010-05-01,122,6662
Sunset,2010,6,2010-06-01,122,7063
Sunset,2010,7,2010-07-01,103,5114
Sunset,2010,8,2010-08-01,99,4582
Sunset,2010,9,2010-09-01,138,7308
Sunset,2010,10,2010-10-01,132,6587
Sunset,2010,11,2010-11-01,99,5109
Sunset,2010,12,2010-12-01,89,5578
Sunset,2011,1,2011-01-01,77,4483
Sunset,2011,2,2011-02-01,70,3353
Sunset,2011,3,2011-03-01,72,3439
Sunset,2011,4,2011-04-01,109,5479
Sunset,2011,5,2011-05-01,94,5116
Sunset,2011,6,2011-06-01,74,4109
Sunset,2011,7,2011-07-01,92,5055
Sunset,2011,8,2011-08-01,88,4702
Sunset,2011,9,2011-09-01,83,3850
Sunset,2011,10,2011-10-01,102,5065
Sunset,2011,11,2011-11-01,69,3980
Sunset,2011,12,2011-12-01,83,3465
Sunset,2012,1,2012-01-01,61,3017
Sunset,2012,2,2012-02-01,80,3831
Sunset,2012,3,2012-03-01,87,5092
Sunset,2012,4,2012-04-01,105,6141
Sunset,2012,5,2012-05-01,86,4546
Sunset,2012,6,2012-06-01,99,5635
Sunset,2012,7,2012-07-01,88,4965
Sunset,2012,8,2012-08-01,107,6671
Sunset,2012,9,2012-09-01,90,5048
Sunset,2012,10,2012-10-01,106,6660
Sunset,2012,11,2012-11-01,125,7547
Sunset,2012,12,2012-12-01,116,7128
Sunset,2013,1,2013-01-01,78,4255
Sunset,2013,2,2013-02-01,81,5530
Sunset,2013,3,2013-03-01,94,5668
Sunset,2013,4,2013-04-01,108,5540
Sunset,2013,5,2013-05-01,88,4470
Sunset,2013,6,2013-06-01,74,4239
Sunset,2013,7,2013-07-01,85,4498
Sunset,2013,8,2013-08-01,87,4424
Sunset,2013,9,2013-09-01,84,4995
Sunset,2013,10,2013-10-01,90,3489
Sunset,2013,11,2013-11-01,80,4447
Sunset,2013,12,2013-12-01,89,5251
Sunset,2014,1,2014-01-01,78,4554
Sunset,2014,2,2014-02-01,62,3628
Sunset,2014,3,2014-03-01,97,4911
Sunset,2014,4,2014-04-01,82,4328
Sunset,2014,5,2014-05-01,100,5258
Sunset,2014,6,2014-06-01,97,5197
Sunset,2014,7,2014-07-01,70,4124
Sunset,2014,8,2014-08-01,107,5336
Sunset,2014,9,2014-09-01,65,3433
Sunset,2014,10,2014-10-01,77,4896
Sunset,2014,11,2014-11-01,76,4415
Sunset,2014,12,2014-12-01,78,4415
Sunset,2015,1,2015-01-01,75,4701
Sunset,2015,2,2015-02-01,66,3622
Sunset,2015,3,2015-03-01,78,3817
Sunset,2015,4,2015-04-01,89,4254
Sunset,2015,5,2015-05-01,74,4741
Sunset,2015,6,2015-06-01,78,3967
Sunset,2015,7,2015-07-01,80,4206
Sunset,2015,8,2015-08-01,78,3807
Sunset,2015,9,2015-09-01,78,3726
Sunset,2015,10,2015-10-01,85,4173
Sunset,2015,11,2015-11-01,97,4054
Sunset,2015,12,2015-12-01,86,3293
Sunset,2016,1,2016-01-01,90,5004
Sunset,2016,2,2016-02-01,76,3880
Sunset,2016,3,2016-03-01,94,4368
Sunset,2016,4,2016-04-01,92,4892
Sunset,2016,5,2016-05-01,94,3903
Sunset,2016,6,2016-06-01,89,4676
Sunset,2016,7,2016-07-01,108,5394
Sunset,2016,8,2016-08-01,101,5740
Sunset,2016,9,2016-09-01,72,3256
Sunset,2016,10,2016-10-01,96,4485
Sunset,2016,11,2016-11-01,74,3934
Sunset,2016,12,2016-12-01,100,5733
Sunset,2017,1,2017-01-01,63,3616
Sunset,2017,2,2017-02-01,62,3090
Sunset,2017,3,2017-03-01,92,4396
Sunset,2017,4,2017-04-01,88,4233
Sunset,2017,5,2017-05-01,79,3980
Sunset,2017,6,2017-06-01,65,3395
Sunset,2017,7,2017-07-01,83,4376
Sunset,2017,8,2017-08-01,69,2959
Sunset,2017,9,2017-09-01,88,4396
Sunset,2017,10,2017-10-01,85,3752
Sunset,2017,11,2017-11-01,74,3564
Sunset,2017,12,2017-12-01,92,4148
Sunset,2018,1,2018-01-01,97,3850
Sunset,2018,2,2018-02-01,75,2713
Sunset,2018,3,2018-03-01,79,3625
Sunset,2018,4,2018-04-01,94,4005
Sunset,2018,5,2018-05-01,111,5253
Sunset,2018,6,2018-06-01,84,4242
Sunset,2018,7,2018-07-01,103,4371
Sunset,2018,8,2018-08-01,85,4560
Sunset,2018,9,2018-09-01,69,3242
Sunset,2018,10,2018-10-01,81,3704
Sunset,2018,11,2018-11-01,87,4963
Sunset,2018,12,2018-12-01,106,5168
Sunset,2019,1,2019-01-01,114,5779
Sunset,2019,2,2019-02-01,76,3162
Sunset,2019,3,2019-03-01,86,4173
Sunset,2019,4,2019-04-01,118,6110
Sunset,2019,5,2019-05-01,104,4756
Sunset,2019,6,2019-06-01,107,5229
Sunset,2019,7,2019-07-01,95,3768
Sunset,2019,8,2019-08-01,107,5401
Sunset,2019,9,2019-09-01,114,5475
Sunset,2019,10,2019-10-01,95,4337
Sunset,2019,11,2019-11-01,85,3694
Sunset,2019,12,2019-12-01,118,6058
Sunset,2020,1,2020-01-01,139,5735
Sunset,2020,2,2020-02-01,82,3753
Sunset,2020,3,2020-03-01,93,4653
Sunset,2020,4,2020-04-01,87,3953
Sunset,2020,5,2020-05-01,56,2568
Sunset,2020,6,2020-06-01,63,2978
Sunset,2020,7,2020-07-01,72,3251
Sunset,2020,8,2020-08-01,96,3934
Sunset,2020,9,2020-09-01,91,4011
Sunset,2020,10,2020-10-01,101,4642
Sunset,2020,11,2020-11-01,73,2806
Sunset,2020,12,2020-12-01,78,2696
Sunset,2021,1,2021-01-01,80,3881
Sunset,2021,2,2021-02-01,72,3279
Sunset,2021,3,2021-03-01,79,3292
Sunset,2021,4,2021-04-01,51,2166
Sunset,2021,5,2021-05-01,103,4704
Sunset,2021,6,2021-06-01,66,2667
Sunset,2021,7,2021-07-01,66,3005
Sunset,2021,8,2021-08-01,89,3569
Sunset,2021,9,2021-09-01,75,2591
Sunset,2021,10,2021-10-01,79,3348
Sunset,2021,11,2021-11-01,73,3325
Sunset,2021,12,2021-12-01,70,2867
Sunset,2023,1,2023-01-01,136,4680
Sunset,2023,2,2023-02-01,153,5695
Sunset,2023,3,2023-03-01,122,4517
Sunset,2023,4,2023-04-01,134,4847
Sunset,2023,5,2023-05-01,127,5168
Sunset,2023,6,2023-06-01,126,4254
Sunset,2023,7,2023-07-01,111,4010
Sunset,2023,8,2023-08-01,101,3756
Sunset,2023,9,2023-09-01,90,3852
Sunset,2023,10,2023-10-01,101,3955
Sunset,2023,11,2023-11-01,87,3548
Sunset,2023,12,2023-12-01,88,3781
Sunset,2024,1,2024-01-01,90,3003
Sunset,2024,2,2024-02-01,95,3250
Sunset,2024,3,2024-03-01,124,4373
Sunset,2024,4,2024-04-01,104,4050
Sunset,2024,5,2024-05-01,118,4282
Sunset,2024,6,2024-06-01,111,3968
Sunset,2024,7,2024-07-01,107,4232
Sunset,2024,8,2024-08-01,96,3544
Sunset,2024,9,2024-09-01,90,3781
Sunset,2024,10,2024-10-01,90,3455
Sunset,2024,11,2024-11-01,76,2789
Sunset,2024,12,2024-12-01,89,3340
Sunset,2025,1,2025-01-01,101,4227
Sunset,2025,2,2025-02-01,59,2297
Sunset,2025,3,2025-03-01,80,3174
Sunset,2025,4,2025-04-01,104,3698
Sunset,2025,5,2025-05-01,103,3497
Sunset,2025,6,2025-06-01,102,4040
Sunset,2025,7,2025-07-01,83,2854
Sunset,2025,8,2025-08-01,77,2878
Sunset,2025,9,2025-09-01,115,4832
Sunset,2025,10,2025-10-01,95,3961
Sunset,2025,11,2025-11-01,98,3705
Sunset,2025,12,2025-12-01,105,4718
Sunset,2026,1,2026-01-01,80,3236
Sunset,2026,2,2026-02-01,86,3561
Sunset,2026,3,2026-03-01,89,3169
Sunset,2026,4,2026-04-01,99,3495
Sunset,2026,5,2026-05-01,94,3190
Sunset,2026,6,2026-06-01,104,3592
Sunset,2026,7,2026-07-01,105,3699
Sunset,2026,8,2026-08-01,86,3068
Sunset,2026,9,2026-09-01,51,2250
Victoria-Fraserview,2003,1,2003-01-01,102,6267
Victoria-Fraserview,2003,2,2003-02-01,90,6247
Victoria-Fraserview,2003,3,2003-03-01,96,4730
Victoria-Fraserview,2003,4,2003-04-01,131,7627
Victoria-Fraserview,2003,5,2003-05-01,108,7171
Victoria-Fraserview,2003,6,2003-06-01,106,6086
Victoria-Fraserview,2003,7,2003-07-01,72,4003
Victoria-Fraserview,2003,8,2003-08-01,99,5979
Victoria-Fraserview,2003,9,2003-09-01,96,6388
Victoria-Fraserview,2003,10,2003-10-01,90,5472
Victoria-Fraserview,2003,11,2003-11-01,111,6893
Victoria-Fraserview,2003,12,2003-12-01,138,8180
Victoria-Fraserview,2004,1,2004-01-01,98,5918
Victoria-Fraserview,2004,2,2004-02-01,90,5710
Victoria-Fraserview,2004,3,2004-03-01,124,8787
Victoria-Fraserview,2004,4,2004-04-01,163,11196
Victoria-Fraserview,2004,5,2004-05-01,133,8005
Victoria-Fraserview,2004,6,2004-06-01,109,6543
Victoria-Fraserview,2004,7,2004-07-01,96,5621
Victoria-Fraserview,2004,8,2004-08-01,123,7416
Victoria-Fraserview,2004,9,2004-09-01,107,6692
Victoria-Fraserview,2004,10,2004-10-01,128,8379
Victoria-Fraserview,2004,11,2004-11-01,125,7074
Victoria-Fraserview,2004,12,2004-12-01,112,7944
Victoria-Fraserview,2005,1,2005-01-01,123,9055
Victoria-Fraserview,2005,2,2005-02-01,123,8255
Victoria-Fraserview,2005,3,2005-03-01,111,7488
Victoria-Fraserview,2005,4,2005-04-01,90,5876
Victoria-Fraserview,2005,5,2005-05-01,103,6765
Victoria-Fraserview,2005,6,2005-06-01,95,5778
Victoria-Fraserview,2005,7,2005-07-01,102,6456
Victoria-Fraserview,2005,8,2005-08-01,104,6114
Victoria-Fraserview,2005,9,2005-09-01,129,8877
Victoria-Fraserview,2005,10,2005-10-01,115,7711
Victoria-Fraserview,2005,11,2005-11-01,90,6956
Victoria-Fraserview,2005,12,2005-12-01,99,6739
Victoria-Fraserview,2006,1,2006-01-01,117,8375
Victoria-Fraserview,2006,2,2006-02-01,99,6608
Victoria-Fraserview,2006,3,2006-03-01,115,7267
Victoria-Fraserview,2006,4,2006-04-01,79,4303
Victoria-Fraserview,2006,5,2006-05-01,90,5727
Victoria-Fraserview,2006,6,2006-06-01,60,4280
Victoria-Fraserview,2006,7,2006-07-01,76,3970
Victoria-Fraserview,2006,8,2006-08-01,70,5304
Victoria-Fraserview,2006,9,2006-09-01,76,4311
Victoria-Fraserview,2006,10,2006-10-01,97,7321
Victoria-Fraserview,2006,11,2006-11-01,102,6902
Victoria-Fraserview,2006,12,2006-12-01,85,6644
Victoria-Fraserview,2007,1,2007-01-01,90,5617
Victoria-Fraserview,2007,2,2007-02-01,46,2851
Victoria-Fraserview,2007,3,2007-03-01,61,3649
Victoria-Fraserview,2007,4,2007-04-01,77,4388
Victoria-Fraserview,2007,5,2007-05-01,65,4178
Victoria-Fraserview,2007,6,2007-06-01,95,6122
Victoria-Fraserview,2007,7,2007-07-01,77,5211
Victoria-Fraserview,2007,8,2007-08-01,86,5043
Victoria-Fraserview,2007,9,2007-09-01,68,3593
Victoria-Fraserview,2007,10,2007-10-01,69,4367
Victoria-Fraserview,2007,11,2007-11-01,66,4190
Victoria-Fraserview,2007,12,2007-12-01,56,4367
Victoria-Fraserview,2008,1,2008-01-01,76,5945
Victoria-Fraserview,2008,2,2008-02-01,55,3651
Victoria-Fraserview,2008,3,2008-03-01,71,4486
Victoria-Fraserview,2008,4,2008-04-01,74,4397
Victoria-Fraserview,2008,5,2008-05-01,60,3822
Victoria-Fraserview,2008,6,2008-06-01,75,4448
Victoria-Fraserview,2008,7,2008-07-01,56,3719
Victoria-Fraserview,2008,8,2008-08-01,70,4134
Victoria-Fraserview,2008,9,2008-09-01,48,2465
Victoria-Fraserview,2008,10,2008-10-01,58,2989
Victoria-Fraserview,2008,11,2008-11-01,68,3234
Victoria-Fraserview,2008,12,2008-12-01,49,2843
Victoria-Fraserview,2009,1,2009-01-01,71,4209
Victoria-Fraserview,2009,2,2009-02-01,58,3948
Victoria-Fraserview,2009,3,2009-03-01,58,4343
Victoria-Fraserview,2009,4,2009-04-01,61,3888
Victoria-Fraserview,2009,5,2009-05-01,55,3268
Victoria-Fraserview,2009,6,2009-06-01,49,2856
Victoria-Fraserview,2009,7,2009-07-01,73,4124
Victoria-Fraserview,2009,8,2009-08-01,55,3112
Victoria-Fraserview,2009,9,2009-09-01,62,3591
Victoria-Fraserview,2009,10,2009-10-01,60,3769
Victoria-Fraserview,2009,11,2009-11-01,77,4518
Victoria-Fraserview,2009,12,2009-12-01,56,3450
Victoria-Fraserview,2010,1,2010-01-01,64,4216
Victoria-Fraserview,2010,2,2010-02-01,50,2882
Victoria-Fraserview,2010,3,2010-03-01,61,3939
Victoria-Fraserview,2010,4,2010-04-01,48,3490
Victoria-Fraserview,2010,5,2010-05-01,53,3543
Victoria-Fraserview,2010,6,2010-06-01,54,2694
Victoria-Fraserview,2010,7,2010-07-01,60,2794
Victoria-Fraserview,2010,8,2010-08-01,51,3135
Victoria-Fraserview,2010,9,2010-09-01,63,3826
Victoria-Fraserview,2010,10,2010-10-01,70,4129
Victoria-Fraserview,2010,11,2010-11-01,70,5815
Victoria-Fraserview,2010,12,2010-12-01,56,4155
Victoria-Fraserview,2011,1,2011-01-01,100,5759
Victoria-Fraserview,2011,2,2011-02-01,68,4257
Victoria-Fraserview,2011,3,2011-03-01,51,3362
Victoria-Fraserview,2011,4,2011-04-01,44,2779
Victoria-Fraserview,2011,5,2011-05-01,54,3511
Victoria-Fraserview,2011,6,2011-06-01,74,4347
Victoria-Fraserview,2011,7,2011-07-01,57,3616
Victoria-Fraserview,2011,8,2011-08-01,56,3556
Victoria-Fraserview,2011,9,2011-09-01,62,3880
Victoria-Fraserview,2011,10,2011-10-01,72,5614
Victoria-Fraserview,2011,11,2011-11-01,69,5076
Victoria-Fraserview,2011,12,2011-12-01,60,4779
Victoria-Fraserview,2012,1,2012-01-01,60,4224
Victoria-Fraserview,2012,2,2012-02-01,49,3045
Victoria-Fraserview,2012,3,2012-03-01,65,3988
Victoria-Fraserview,2012,4,2012-04-01,53,2958
Victoria-Fraserview,2012,5,2012-05-01,43,2709
Victoria-Fraserview,2012,6,2012-06-01,58,3408
Victoria-Fraserview,2012,7,2012-07-01,62,3858
Victoria-Fraserview,2012,8,2012-08-01,49,3302
Victoria-Fraserview,2012,9,2012-09-01,60,4186
Victoria-Fraserview,2012,10,2012-10-01,62,3579
Victoria-Fraserview,2012,11,2012-11-01,55,3250
Victoria-Fraserview,2012,12,2012-12-01,51,3213
Victoria-Fraserview,2013,1,2013-01-01,50,3761
Victoria-Fraserview,2013,2,2013-02-01,62,4345
Victoria-Fraserview,2013,3,2013-03-01,70,4185
Victoria-Fraserview,2013,4,2013-04-01,53,2531
Victoria-Fraserview,2013,5,2013-05-01,76,5293
Victoria-Fraserview,2013,6,2013-06-01,49,2804
Victoria-Fraserview,2013,7,2013-07-01,40,2577
Victoria-Fraserview,2013,8,2013-08-01,38,1801
Victoria-Fraserview,2013,9,2013-09-01,49,2915
Victoria-Fraserview,2013,10,2013-10-01,73,4572
Victoria-Fraserview,2013,11,2013-11-01,61,3739
Victoria-Fraserview,2013,12,2013-12-01,57,4152
Victoria-Fraserview,2014,1,2014-01-01,59,3110
Victoria-Fraserview,2014,2,2014-02-01,60,2816
Victoria-Fraserview,2014,3,2014-03-01,71,3904
Victoria-Fraserview,2014,4,2014-04-01,54,3635
Victoria-Fraserview,2014,5,2014-05-01,63,3470
Victoria-Fraserview,2014,6,2014-06-01,53,3371
Victoria-Fraserview,2014,7,2014-07-01,55,3251
Victoria-Fraserview,2014,8,2014-08-01,63,3719
Victoria-Fraserview,2014,9,2014-09-01,52,3614
Victoria-Fraserview,2014,10,2014-10-01,64,3705
Victoria-Fraserview,2014,11,2014-11-01,42,2723
Victoria-Fraserview,2014,12,2014-12-01,50,3826
Victoria-Fraserview,2015,1,2015-01-01,57,4134
Victoria-Fraserview,2015,2,2015-02-01,44,2598
Victoria-Fraserview,2015,3,2015-03-01,63,3100
Victoria-Fraserview,2015,4,2015-04-01,44,2369
Victoria-Fraserview,2015,5,2015-05-01,43,2288
Victoria-Fraserview,2015,6,2015-06-01,48,2883
Victoria-Fraserview,2015,7,2015-07-01,49,3753
Victoria-Fraserview,2015,8,2015-08-01,46,2410
Victoria-Fraserview,2015,9,2015-09-01,48,2740
Victoria-Fraserview,2015,10,2015-10-01,65,3258
Victoria-Fraserview,2015,11,2015-11-01,74,4375
Victoria-Fraserview,2015,12,2015-12-01,77,4480
Victoria-Fraserview,2016,1,2016-01-01,58,3136
Victoria-Fraserview,2016,2,2016-02-01,42,2412
Victoria-Fraserview,2016,3,2016-03-01,46,2924
Victoria-Fraserview,2016,4,2016-04-01,48,3274
Victoria-Fraserview,2016,5,2016-05-01,44,1714
Victoria-Fraserview,2016,6,2016-06-01,51,3056
Victoria-Fraserview,2016,7,2016-07-01,57,3818
Victoria-Fraserview,2016,8,2016-08-01,70,3897
Victoria-Fraserview,2016,9,2016-09-01,64,4082
Victoria-Fraserview,2016,10,2016-10-01,80,4801
Victoria-Fraserview,2016,11,2016-11-01,62,4091
Victoria-Fraserview,2016,12,2016-12-01,48,3064
Victoria-Fraserview,2017,1,2017-01-01,52,2911
Victoria-Fraserview,2017,2,2017-02-01,54,3111
Victoria-Fraserview,2017,3,2017-03-01,55,2951
Victoria-Fraserview,2017,4,2017-04-01,61,2837
Victoria-Fraserview,2017,5,2017-05-01,67,3413
Victoria-Fraserview,2017,6,2017-06-01,57,2624
Victoria-Fraserview,2017,7,2017-07-01,68,3383
Victoria-Fraserview,2017,8,2017-08-01,56,2204
Victoria-Fraserview,2017,9,2017-09-01,77,3703
Victoria-Fraserview,2017,10,2017-10-01,65,2856
Victoria-Fraserview,2017,11,2017-11-01,66,3358
Victoria-Fraserview,2017,12,2017-12-01,65,3308
Victoria-Fraserview,2018,1,2018-01-01,47,2195
Victoria-Fraserview,2018,2,2018-02-01,45,2020
Victoria-Fraserview,2018,3,2018-03-01,63,3847
Victoria-Fraserview,2018,4,2018-04-01,68,2986
Victoria-Fraserview,2018,5,2018-05-01,51,3109
Victoria-Fraserview,2018,6,2018-06-01,64,2970
Victoria-Fraserview,2018,7,2018-07-01,55,2713
Victoria-Fraserview,2018,8,2018-08-01,60,3039
Victoria-Fraserview,2018,9,2018-09-01,55,2830
Victoria-Fraserview,2018,10,2018-10-01,36,1554
Victoria-Fraserview,2018,11,2018-11-01,55,2642
Victoria-Fraserview,2018,12,2018-12-01,67,2845
Victoria-Fraserview,2019,1,2019-01-01,53,2164
Victoria-Fraserview,2019,2,2019-02-01,49,1861
Victoria-Fraserview,2019,3,2019-03-01,60,2272
Victoria-Fraserview,2019,4,2019-04-01,70,2917
Victoria-Fraserview,2019,5,2019-05-01,65,2832
Victoria-Fraserview,2019,6,2019-06-01,72,3023
Victoria-Fraserview,2019,7,2019-07-01,68,2485
Victoria-Fraserview,2019,8,2019-08-01,47,2214
Victoria-Fraserview,2019,9,2019-09-01,68,3245
Victoria-Fraserview,2019,10,2019-10-01,53,2751
Victoria-Fraserview,2019,11,2019-11-01,55,2401
Victoria-Fraserview,2019,12,2019-12-01,62,3623
Victoria-Fraserview,2020,1,2020-01-01,73,3423
Victoria-Fraserview,2020,2,2020-02-01,63,3111
Victoria-Fraserview,2020,3,2020-03-01,63,3162
Victoria-Fraserview,2020,4,2020-04-01,48,2044
Victoria-Fraserview,2020,5,2020-05-01,39,1446
Victoria-Fraserview,2020,6,2020-06-01,47,2157
Victoria-Fraserview,2020,7,2020-07-01,38,1217
Victoria-Fraserview,2020,8,2020-08-01,41,1700
Victoria-Fraserview,2020,9,2020-09-01,40,2072
Victoria-Fraserview,2020,10,2020-10-01,51,2437
Victoria-Fraserview,2020,11,2020-11-01,46,1625
Victoria-Fraserview,2020,12,2020-12-01,41,1808
Victoria-Fraserview,2021,1,2021-01-01,36,1590
Victoria-Fraserview,2021,2,2021-02-01,41,1997
Victoria-Fraserview,2021,3,2021-03-01,44,2383
Victoria-Fraserview,2021,4,2021-04-01,37,1383
Victoria-Fraserview,2021,5,2021-05-01,50,2620
Victoria-Fraserview,2021,6,2021-06-01,39,2104
Victoria-Fraserview,2021,7,2021-07-01,57,2544
Victoria-Fraserview,2021,8,2021-08-01,60,2436
Victoria-Fraserview,2021,9,2021-09-01,35,1669
Victoria-Fraserview,2021,10,2021-10-01,61,2421
Victoria-Fraserview,2021,11,2021-11-01,46,2132
Victoria-Fraserview,2021,12,2021-12-01,48,2458
Victoria-Fraserview,2023,1,2023-01-01,50,2509
Victoria-Fraserview,2023,2,2023-02-01,48,2338
Victoria-Fraserview,2023,3,2023-03-01,38,1585
Victoria-Fraserview,2023,4,2023-04-01,40,1890
Victoria-Fraserview,2023,5,2023-05-01,46,2043
Victoria-Fraserview,2023,6,2023-06-01,49,2285
Victoria-Fraserview,2023,7,2023-07-01,27,1997
Victoria-Fraserview,2023,8,2023-08-01,47,2218
Victoria-Fraserview,2023,9,2023-09-01,47,1830
Victoria-Fraserview,2023,10,2023-10-01,53,2347
Victoria-Fraserview,2023,11,2023-11-01,41,2044
Victoria-Fraserview,2023,12,2023-12-01,49,2424
Victoria-Fraserview,2024,1,2024-01-01,41,1829
Victoria-Fraserview,2024,2,2024-02-01,42,1925
Victoria-Fraserview,2024,3,2024-03-01,46,1614
Victoria-Fraserview,2024,4,2024-04-01,48,1915
Victoria-Fraserview,2024,5,2024-05-01,47,1730
Victoria-Fraserview,2024,6,2024-06-01,51,2479
Victoria-Fraserview,2024,7,2024-07-01,64,2927
Victoria-Fraserview,2024,8,2024-08-01,43,1692
Victoria-Fraserview,2024,9,2024-09-01,29,1310
Victoria-Fraserview,2024,10,2024-10-01,53,2084
Victoria-Fraserview,2024,11,2024-11-01,48,2396
Victoria-Fraserview,2024,12,2024-12-01,41,1983
Victoria-Fraserview,2025,1,2025-01-01,41,1607
Victoria-Fraserview,2025,2,2025-02-01,31,1503
Victoria-Fraserview,2025,3,2025-03-01,41,1814
Victoria-Fraserview,2025,4,2025-04-01,39,1324
Victoria-Fraserview,2025,5,2025-05-01,45,1807
Victoria-Fraserview,2025,6,2025-06-01,44,1610
Victoria-Fraserview,2025,7,2025-07-01,40,1829
Victoria-Fraserview,2025,8,2025-08-01,51,1975
Victoria-Fraserview,2025,9,2025-09-01,36,1458
Victoria-Fraserview,2025,10,2025-10-01,33,1403
Victoria-Fraserview,2025,11,2025-11-01,50,2084
Victoria-Fraserview,2025,12,2025-12-01,32,1501
Victoria-Fraserview,2026,1,2026-01-01,36,1587
Victoria-Fraserview,2026,2,2026-02-01,42,1746
Victoria-Fraserview,2026,3,2026-03-01,37,1318
Victoria-Fraserview,2026,4,2026-04-01,42,1646
Victoria-Fraserview,2026,5,2026-05-01,45,1564
Victoria-Fraserview,2026,6,2026-06-01,52,1820
Victoria-Fraserview,2026,7,2026-07-01,53,1926
Victoria-Fraserview,2026,8,2026-08-01,39,1645
Victoria-Fraserview,2026,9,2026-09-01,28,1042
West End,2003,1,2003-01-01,537,27743
West End,2003,2,2003-02-01,463,22433
West End,2003,3,2003-03-01,555,29071
West End,2003,4,2003-04-01,538,26999
West End,2003,5,2003-05-01,534,25053
West End,2003,6,2003-06-01,570,28024
West End,2003,7,2003-07-01,566,27260
West End,2003,8,2003-08-01,569,28800
West End,2003,9,2003-09-01,452,24645
West End,2003,10,2003-10-01,500,27270
West End,2003,11,2003-11-01,427,25021
West End,2003,12,2003-12-01,405,20197
West End,2004,1,2004-01-01,486,27259
West End,2004,2,2004-02-01,326,15459
West End,2004,3,2004-03-01,381,18182
West End,2004,4,2004-04-01,481,21763
West End,2004,5,2004-05-01,478,23217
West End,2004,6,2004-06-01,482,22552
West End,2004,7,2004-07-01,468,19938
West End,2004,8,2004-08-01,537,23568
West End,2004,9,2004-09-01,458,22102
West End,2004,10,2004-10-01,463,24563
West End,2004,11,2004-11-01,395,20101
West End,2004,12,2004-12-01,434,21555
West End,2005,1,2005-01-01,333,15856
West End,2005,2,2005-02-01,328,15456
West End,2005,3,2005-03-01,410,20367
West End,2005,4,2005-04-01,387,18541
West End,2005,5,2005-05-01,462,23564
West End,2005,6,2005-06-01,424,20811
West End,2005,7,2005-07-01,391,18420
West End,2005,8,2005-08-01,410,17791
West End,2005,9,2005-09-01,359,16358
West End,2005,10,2005-10-01,401,17974
West End,2005,11,2005-11-01,316,16247
West End,2005,12,2005-12-01,355,16825
West End,2006,1,2006-01-01,441,21850
West End,2006,2,2006-02-01,318,14270
West End,2006,3,2006-03-01,320,14358
West End,2006,4,2006-04-01,323,17392
West End,2006,5,2006-05-01,364,18225
West End,2006,6,2006-06-01,419,19354
West End,2006,7,2006-07-01,472,22802
West End,2006,8,2006-08-01,418,21308
West End,2006,9,2006-09-01,416,19714
West End,2006,10,2006-10-01,376,19995
West End,2006,11,2006-11-01,349,18055
West End,2006,12,2006-12-01,415,20295
West End,2007,1,2007-01-01,417,19318
West End,2007,2,2007-02-01,287,13743
West End,2007,3,2007-03-01,366,17664
West End,2007,4,2007-04-01,384,19515
West End,2007,5,2007-05-01,376,16519
West End,2007,6,2007-06-01,326,15745
West End,2007,7,2007-07-01,386,17483
West End,2007,8,2007-08-01,456,22830
West End,2007,9,2007-09-01,312,15924
West End,2007,10,2007-10-01,319,15596
West End,2007,11,2007-11-01,325,19109
West End,2007,12,2007-12-01,285,14105
West End,2008,1,2008-01-01,313,15778
West End,2008,2,2008-02-01,364,16517
West End,2008,3,2008-03-01,385,17595
West End,2008,4,2008-04-01,356,17727
West End,2008,5,2008-05-01,361,17176
West End,2008,6,2008-06-01,331,14081
West End,2008,7,2008-07-01,343,15548
West End,2008,8,2008-08-01,366,16881
West End,2008,9,2008-09-01,314,13840
West End,2008,10,2008-10-01,349,17124
West End,2008,11,2008-11-01,322,13319
West End,2008,12,2008-12-01,308,14504
West End,2009,1,2009-01-01,284,12314
West End,2009,2,2009-02-01,289,12393
West End,2009,3,2009-03-01,234,9647
West End,2009,4,2009-04-01,267,11191
West End,2009,5,2009-05-01,296,12405
West End,2009,6,2009-06-01,243,10164
West End,2009,7,2009-07-01,303,12898
West End,2009,8,2009-08-01,318,13529
West End,2009,9,2009-09-01,254,10276
West End,2009,10,2009-10-01,304,14166
West End,2009,11,2009-11-01,242,11333
West End,2009,12,2009-12-01,276,13008
West End,2010,1,2010-01-01,281,12430
West End,2010,2,2010-02-01,243,10726
West End,2010,3,2010-03-01,301,13474
West End,2010,4,2010-04-01,246,12712
West End,2010,5,2010-05-01,247,11527
West End,2010,6,2010-06-01,273,13817
West End,2010,7,2010-07-01,256,10989
West End,2010,8,2010-08-01,333,13245
West End,2010,9,2010-09-01,288,11914
West End,2010,10,2010-10-01,259,11561
West End,2010,11,2010-11-01,194,7712
West End,2010,12,2010-12-01,193,10214
West End,2011,1,2011-01-01,171,8094
West End,2011,2,2011-02-01,190,8180
West End,2011,3,2011-03-01,224,9743
West End,2011,4,2011-04-01,204,8153
West End,2011,5,2011-05-01,222,10373
West End,2011,6,2011-06-01,282,12340
West End,2011,7,2011-07-01,373,15953
West End,2011,8,2011-08-01,292,11495
West End,2011,9,2011-09-01,254,10795
West End,2011,10,2011-10-01,202,7485
West End,2011,11,2011-11-01,200,8795
West End,2011,12,2011-12-01,191,8193
West End,2012,1,2012-01-01,215,9975
West End,2012,2,2012-02-01,219,10225
West End,2012,3,2012-03-01,212,9761
West End,2012,4,2012-04-01,223,10889
West End,2012,5,2012-05-01,235,10258
West End,2012,6,2012-06-01,226,10133
West End,2012,7,2012-07-01,230,9968
West End,2012,8,2012-08-01,289,12880
West End,2012,9,2012-09-01,224,8859
West End,2012,10,2012-10-01,201,9392
West End,2012,11,2012-11-01,237,9653
West End,2012,12,2012-12-01,219,10675
West End,2013,1,2013-01-01,195,8742
West End,2013,2,2013-02-01,172,8166
West End,2013,3,2013-03-01,233,11182
West End,2013,4,2013-04-01,194,8326
West End,2013,5,2013-05-01,280,11082
West End,2013,6,2013-06-01,319,13873
West End,2013,7,2013-07-01,284,11098
West End,2013,8,2013-08-01,293,12317
West End,2013,9,2013-09-01,262,13752
West End,2013,10,2013-10-01,264,10792
West End,2013,11,2013-11-01,206,8864
West End,2013,12,2013-12-01,257,11051
West End,2014,1,2014-01-01,257,11477
West End,2014,2,2014-02-01,197,8101
West End,2014,3,2014-03-01,231,11210
West End,2014,4,2014-04-01,225,10364
West End,2014,5,2014-05-01,259,11476
West End,2014,6,2014-06-01,284,12652
West End,2014,7,2014-07-01,337,14576
West End,2014,8,2014-08-01,347,14345
West End,2014,9,2014-09-01,364,15002
West End,2014,10,2014-10-01,322,14899
West End,2014,11,2014-11-01,221,12191
West End,2014,12,2014-12-01,248,10839
West End,2015,1,2015-01-01,255,12655
West End,2015,2,2015-02-01,252,11754
West End,2015,3,2015-03-01,229,11080
West End,2015,4,2015-04-01,260,11998
West End,2015,5,2015-05-01,258,11211
West End,2015,6,2015-06-01,306,15169
West End,2015,7,2015-07-01,335,15010
West End,2015,8,2015-08-01,315,12721
West End,2015,9,2015-09-01,279,11196
West End,2015,10,2015-10-01,328,14588
West End,2015,11,2015-11-01,280,12007
West End,2015,12,2015-12-01,297,13228
West End,2016,1,2016-01-01,374,16174
West End,2016,2,2016-02-01,245,10801
West End,2016,3,2016-03-01,311,13055
West End,2016,4,2016-04-01,337,14314
West End,2016,5,2016-05-01,343,14790
West End,2016,6,2016-06-01,351,14872
West End,2016,7,2016-07-01,415,16849
West End,2016,8,2016-08-01,351,15800
West End,2016,9,2016-09-01,305,14216
West End,2016,10,2016-10-01,309,13907
West End,2016,11,2016-11-01,260,11658
West End,2016,12,2016-12-01,251,10849
West End,2017,1,2017-01-01,258,11115
West End,2017,2,2017-02-01,215,8612
West End,2017,3,2017-03-01,293,12324
West End,2017,4,2017-04-01,325,13562
West End,2017,5,2017-05-01,330,14653
West End,2017,6,2017-06-01,304,12441
West End,2017,7,2017-07-01,349,14284
West End,2017,8,2017-08-01,363,15490
West End,2017,9,2017-09-01,348,13818
West End,2017,10,2017-10-01,335,12930
West End,2017,11,2017-11-01,327,12702
West End,2017,12,2017-12-01,290,12864
West End,2018,1,2018-01-01,333,14910
West End,2018,2,2018-02-01,257,13332
West End,2018,3,2018-03-01,330,14589
West End,2018,4,2018-04-01,278,11712
West End,2018,5,2018-05-01,273,11020
West End,2018,6,2018-06-01,278,11165
West End,2018,7,2018-07-01,302,10833
West End,2018,8,2018-08-01,334,13208
West End,2018,9,2018-09-01,361,14971
West End,2018,10,2018-10-01,334,12638
West End,2018,11,2018-11-01,326,13477
West End,2018,12,2018-12-01,400,15584
West End,2019,1,2019-01-01,382,14406
West End,2019,2,2019-02-01,280,10477
West End,2019,3,2019-03-01,303,12086
West End,2019,4,2019-04-01,305,12624
West End,2019,5,2019-05-01,353,15689
West End,2019,6,2019-06-01,309,13982
West End,2019,7,2019-07-01,387,14175
West End,2019,8,2019-08-01,425,19206
West End,2019,9,2019-09-01,393,15911
West End,2019,10,2019-10-01,370,14810
West End,2019,11,2019-11-01,327,13881
West End,2019,12,2019-12-01,311,14291
West End,2020,1,2020-01-01,344,13601
West End,2020,2,2020-02-01,331,14733
West End,2020,3,2020-03-01,309,14493
West End,2020,4,2020-04-01,226,10927
West End,2020,5,2020-05-01,208,10550
West End,2020,6,2020-06-01,219,9445
West End,2020,7,2020-07-01,235,10716
West End,2020,8,2020-08-01,229,10865
West End,2020,9,2020-09-01,280,14333
West End,2020,10,2020-10-01,279,13691
West End,2020,11,2020-11-01,202,9594
West End,2020,12,2020-12-01,209,10042
West End,2021,1,2021-01-01,208,8925
West End,2021,2,2021-02-01,203,8602
West End,2021,3,2021-03-01,178,8685
West End,2021,4,2021-04-01,189,8034
West End,2021,5,2021-05-01,225,11024
West End,2021,6,2021-06-01,215,9821
West End,2021,7,2021-07-01,262,11243
West End,2021,8,2021-08-01,283,13004
West End,2021,9,2021-09-01,252,10774
West End,2021,10,2021-10-01,249,10008
West End,2021,11,2021-11-01,276,12304
West End,2021,12,2021-12-01,242,10408
West End,2023,1,2023-01-01,203,10496
West End,2023,2,2023-02-01,199,8159
West End,2023,3,2023-03-01,204,10021
West End,2023,4,2023-04-01,197,7792
West End,2023,5,2023-05-01,231,8817
West End,2023,6,2023-06-01,249,10115
West End,2023,7,2023-07-01,272,11122
West End,2023,8,2023-08-01,278,11723
West End,2023,9,2023-09-01,276,11916
West End,2023,10,2023-10-01,248,10216
West End,2023,11,2023-11-01,200,9386
West End,2023,12,2023-12-01,221,9156
West End,2024,1,2024-01-01,199,8400
West End,2024,2,2024-02-01,193,8892
West End,2024,3,2024-03-01,214,8401
West End,2024,4,2024-04-01,205,8636
West End,2024,5,2024-05-01,257,9717
West End,2024,6,2024-06-01,218,8826
West End,2024,7,2024-07-01,258,9485
West End,2024,8,2024-08-01,289,10889
West End,2024,9,2024-09-01,208,8597
West End,2024,10,2024-10-01,175,7318
West End,2024,11,2024-11-01,204,8524
West End,2024,12,2024-12-01,228,9862
West End,2025,1,2025-01-01,221,9627
West End,2025,2,2025-02-01,202,7858
West End,2025,3,2025-03-01,220,9111
West End,2025,4,2025-04-01,213,8606
West End,2025,5,2025-05-01,234,9540
West End,2025,6,2025-06-01,230,9702
West End,2025,7,2025-07-01,236,8978
West End,2025,8,2025-08-01,229,8773
West End,2025,9,2025-09-01,235,9229
West End,2025,10,2025-10-01,204,8422
West End,2025,11,2025-11-01,199,8069
West End,2025,12,2025-12-01,201,8057
West End,2026,1,2026-01-01,221,8259
West End,2026,2,2026-02-01,234,8555
West End,2026,3,2026-03-01,215,8317
West End,2026,4,2026-04-01,208,7409
West End,2026,5,2026-05-01,227,9449
West End,2026,6,2026-06-01,208,8166
West End,2026,7,2026-07-01,236,8568
West End,2026,8,2026-08-01,260,9176
West End,2026,9,2026-09-01,202,7320
West Point Grey,2003,1,2003-01-01,58,4826
West Point Grey,2003,2,2003-02-01,29,1821
West Point Grey,2003,3,2003-03-01,40,2308
West Point Grey,2003,4,2003-04-01,51,3559
West Point Grey,2003,5,2003-05-01,71,4382
West Point Grey,2003,6,2003-06-01,73,4827
West Point Grey,2003,7,2003-07-01,70,4328
West Point Grey,2003,8,2003-08-01,37,2442
West Point Grey,2003,9,2003-09-01,53,3611
West Point Grey,2003,10,2003-10-01,62,3878
West Point Grey,2003,11,2003-11-01,43,2419
West Point Grey,2003,12,2003-12-01,48,3181
West Point Grey,2004,1,2004-01-01,62,4590
West Point Grey,2004,2,2004-02-01,54,4312
West Point Grey,2004,3,2004-03-01,56,4106
West Point Grey,2004,4,2004-04-01,55,3692
West Point Grey,2004,5,2004-05-01,59,3281
West Point Grey,2004,6,2004-06-01,51,3602
West Point Grey,2004,7,2004-07-01,57,3346
West Point Grey,2004,8,2004-08-01,67,4058
West Point Grey,2004,9,2004-09-01,83,4226
West Point Grey,2004,10,2004-10-01,77,4581
West Point Grey,2004,11,2004-11-01,78,4625
West Point Grey,2004,12,2004-12-01,58,3785
West Point Grey,2005,1,2005-01-01,73,4820
West Point Grey,2005,2,2005-02-01,50,3136
West Point Grey,2005,3,2005-03-01,71,5133
West Point Grey,2005,4,2005-04-01,93,4589
West Point Grey,2005,5,2005-05-01,65,3401
West Point Grey,2005,6,2005-06-01,49,3397
West Point Grey,2005,7,2005-07-01,52,2900
West Point Grey,2005,8,2005-08-01,64,3826
West Point Grey,2005,9,2005-09-01,54,3035
West Point Grey,2005,10,2005-10-01,49,3337
West Point Grey,2005,11,2005-11-01,38,2782
West Point Grey,2005,12,2005-12-01,49,3275
West Point Grey,2006,1,2006-01-01,40,3282
West Point Grey,2006,2,2006-02-01,43,2782
West Point Grey,2006,3,2006-03-01,49,3212
West Point Grey,2006,4,2006-04-01,39,2664
West Point Grey,2006,5,2006-05-01,43,2605
West Point Grey,2006,6,2006-06-01,50,2618
West Point Grey,2006,7,2006-07-01,57,3031
West Point Grey,2006,8,2006-08-01,61,3551
West Point Grey,2006,9,2006-09-01,50,2818
West Point Grey,2006,10,2006-10-01,44,3489
West Point Grey,2006,11,2006-11-01,32,2096
West Point Grey,2006,12,2006-12-01,43,2800
West Point Grey,2007,1,2007-01-01,40,2558
West Point Grey,2007,2,2007-02-01,33,1921
West Point Grey,2007,3,2007-03-01,50,2609
West Point Grey,2007,4,2007-04-01,31,1420
West Point Grey,2007,5,2007-05-01,47,3029
West Point Grey,2007,6,2007-06-01,42,2268
West Point Grey,2007,7,2007-07-01,29,1926
West Point Grey,2007,8,2007-08-01,48,2532
West Point Grey,2007,9,2007-09-01,43,2457
West Point Grey,2007,10,2007-10-01,27,1495
West Point Grey,2007,11,2007-11-01,28,1898
West Point Grey,2007,12,2007-12-01,26,1730
West Point Grey,2008,1,2008-01-01,33,2007
West Point Grey,2008,2,2008-02-01,21,1519
West Point Grey,2008,3,2008-03-01,18,965
West Point Grey,2008,4,2008-04-01,39,2090
West Point Grey,2008,5,2008-05-01,26,1552
West Point Grey,2008,6,2008-06-01,32,1910
West Point Grey,2008,7,2008-07-01,55,3126
West Point Grey,2008,8,2008-08-01,30,1989
West Point Grey,2008,9,2008-09-01,22,1261
West Point Grey,2008,10,2008-10-01,41,2479
West Point Grey,2008,11,2008-11-01,34,1758
West Point Grey,2008,12,2008-12-01,17,1291
West Point Grey,2009,1,2009-01-01,41,2675
West Point Grey,2009,2,2009-02-01,43,2354
West Point Grey,2009,3,2009-03-01,23,919
West Point Grey,2009,4,2009-04-01,27,1264
West Point Grey,2009,5,2009-05-01,34,1800
West Point Grey,2009,6,2009-06-01,49,2982
West Point Grey,2009,7,2009-07-01,40,2473
West Point Grey,2009,8,2009-08-01,41,3055
West Point Grey,2009,9,2009-09-01,31,1603
West Point Grey,2009,10,2009-10-01,26,2115
West Point Grey,2009,11,2009-11-01,43,3163
West Point Grey,2009,12,2009-12-01,30,2001
West Point Grey,2010,1,2010-01-01,43,1958
West Point Grey,2010,2,2010-02-01,22,1106
West Point Grey,2010,3,2010-03-01,18,1052
West Point Grey,2010,4,2010-04-01,25,1506
West Point Grey,2010,5,2010-05-01,28,1668
West Point Grey,2010,6,2010-06-01,54,3373
West Point Grey,2010,7,2010-07-01,48,1644
West Point Grey,2010,8,2010-08-01,48,2261
West Point Grey,2010,9,2010-09-01,29,1721
West Point Grey,2010,10,2010-10-01,35,2326
West Point Grey,2010,11,2010-11-01,37,1748
West Point Grey,2010,12,2010-12-01,27,1513
West Point Grey,2011,1,2011-01-01,24,1448
West Point Grey,2011,2,2011-02-01,21,820
West Point Grey,2011,3,2011-03-01,25,1424
West Point Grey,2011,4,2011-04-01,24,1841
West Point Grey,2011,5,2011-05-01,34,2318
West Point Grey,2011,6,2011-06-01,43,2202
West Point Grey,2011,7,2011-07-01,53,2025
West Point Grey,2011,8,2011-08-01,30,1408
West Point Grey,2011,9,2011-09-01,40,2217
West Point Grey,2011,10,2011-10-01,35,2183
West Point Grey,2011,11,2011-11-01,30,1302
West Point Grey,2011,12,2011-12-01,20,1084
West Point Grey,2012,1,2012-01-01,15,652
West Point Grey,2012,2,2012-02-01,20,1268
West Point Grey,2012,3,2012-03-01,28,1178
West Point Grey,2012,4,2012-04-01,43,2234
West Point Grey,2012,5,2012-05-01,15,637
West Point Grey,2012,6,2012-06-01,38,1440
West Point Grey,2012,7,2012-07-01,48,2447
West Point Grey,2012,8,2012-08-01,43,2004
West Point Grey,2012,9,2012-09-01,47,3949
West Point Grey,2012,10,2012-10-01,32,2268
West Point Grey,2012,11,2012-11-01,23,1037
West Point Grey,2012,12,2012-12-01,30,1791
West Point Grey,2013,1,2013-01-01,21,1401
West Point Grey,2013,2,2013-02-01,11,786
West Point Grey,2013,3,2013-03-01,21,1698
West Point Grey,2013,4,2013-04-01,24,1290
West Point Grey,2013,5,2013-05-01,26,1546
West Point Grey,2013,6,2013-06-01,27,1616
West Point Grey,2013,7,2013-07-01,39,1896
West Point Grey,2013,8,2013-08-01,36,2074
West Point Grey,2013,9,2013-09-01,23,1653
West Point Grey,2013,10,2013-10-01,31,1634
West Point Grey,2013,11,2013-11-01,15,702
West Point Grey,2013,12,2013-12-01,34,1797
West Point Grey,2014,1,2014-01-01,31,2116
West Point Grey,2014,2,2014-02-01,22,1045
West Point Grey,2014,3,2014-03-01,20,1105
West Point Grey,2014,4,2014-04-01,24,1325
West Point Grey,2014,5,2014-05-01,38,2271
West Point Grey,2014,6,2014-06-01,35,2843
West Point Grey,2014,7,2014-07-01,47,3254
West Point Grey,2014,8,2014-08-01,58,3816
West Point Grey,2014,9,2014-09-01,34,1270
West Point Grey,2014,10,2014-10-01,54,3463
West Point Grey,2014,11,2014-11-01,24,1688
West Point Grey,2014,12,2014-12-01,25,1428
West Point Grey,2015,1,2015-01-01,31,2322
West Point Grey,2015,2,2015-02-01,24,907
West Point Grey,2015,3,2015-03-01,21,1364
West Point Grey,2015,4,2015-04-01,25,987
West Point Grey,2015,5,2015-05-01,26,2059
West Point Grey,2015,6,2015-06-01,41,2025
West Point Grey,2015,7,2015-07-01,44,1859
West Point Grey,2015,8,2015-08-01,44,3593
West Point Grey,2015,9,2015-09-01,47,2187
West Point Grey,2015,10,2015-10-01,37,1342
West Point Grey,2015,11,2015-11-01,46,3482
West Point Grey,2015,12,2015-12-01,34,2178
West Point Grey,2016,1,2016-01-01,38,2673
West Point Grey,2016,2,2016-02-01,36,2061
West Point Grey,2016,3,2016-03-01,29,1961
West Point Grey,2016,4,2016-04-01,44,2243
West Point Grey,2016,5,2016-05-01,33,2149
West Point Grey,2016,6,2016-06-01,55,2915
West Point Grey,2016,7,2016-07-01,36,2343
West Point Grey,2016,8,2016-08-01,43,2449
West Point Grey,2016,9,2016-09-01,23,1376
West Point Grey,2016,10,2016-10-01,35,2345
West Point Grey,2016,11,2016-11-01,36,2777
West Point Grey,2016,12,2016-12-01,33,2179
West Point Grey,2017,1,2017-01-01,43,2926
West Point Grey,2017,2,2017-02-01,24,1678
West Point Grey,2017,3,2017-03-01,37,2555
West Point Grey,2017,4,2017-04-01,28,2036
West Point Grey,2017,5,2017-05-01,44,2239
West Point Grey,2017,6,2017-06-01,35,1412
West Point Grey,2017,7,2017-07-01,55,2896
West Point Grey,2017,8,2017-08-01,36,1427
West Point Grey,2017,9,2017-09-01,31,1870
West Point Grey,2017,10,2017-10-01,53,2167
West Point Grey,2017,11,2017-11-01,37,1773
West Point Grey,2017,12,2017-12-01,26,1502
West Point Grey,2018,1,2018-01-01,30,2210
West Point Grey,2018,2,2018-02-01,24,1205
West Point Grey,2018,3,2018-03-01,31,1972
West Point Grey,2018,4,2018-04-01,33,1599
West Point Grey,2018,5,2018-05-01,30,1824
West Point Grey,2018,6,2018-06-01,30,1353
West Point Grey,2018,7,2018-07-01,33,1377
West Point Grey,2018,8,2018-08-01,36,1527
West Point Grey,2018,9,2018-09-01,37,2801
West Point Grey,2018,10,2018-10-01,38,1730
West Point Grey,2018,11,2018-11-01,37,2484
West Point Grey,2018,12,2018-12-01,42,2671
West Point Grey,2019,1,2019-01-01,24,1231
West Point Grey,2019,2,2019-02-01,15,697
West Point Grey,2019,3,2019-03-01,29,1035
West Point Grey,2019,4,2019-04-01,23,1150
West Point Grey,2019,5,2019-05-01,42,1379
West Point Grey,2019,6,2019-06-01,38,1894
West Point Grey,2019,7,2019-07-01,50,2241
West Point Grey,2019,8,2019-08-01,48,2454
West Point Grey,2019,9,2019-09-01,48,2544
West Point Grey,2019,10,2019-10-01,47,2277
West Point Grey,2019,11,2019-11-01,33,2143
West Point Grey,2019,12,2019-12-01,44,2483
West Point Grey,2020,1,2020-01-01,27,2026
West Point Grey,2020,2,2020-02-01,38,2242
West Point Grey,2020,3,2020-03-01,33,2504
West Point Grey,2020,4,2020-04-01,26,1478
West Point Grey,2020,5,2020-05-01,44,3197
West Point Grey,2020,6,2020-06-01,35,1669
West Point Grey,2020,7,2020-07-01,40,2366
West Point Grey,2020,8,2020-08-01,63,2875
West Point Grey,2020,9,2020-09-01,49,3558
West Point Grey,2020,10,2020-10-01,44,2304
West Point Grey,2020,11,2020-11-01,42,2404
West Point Grey,2020,12,2020-12-01,23,1663
West Point Grey,2021,1,2021-01-01,37,1993
West Point Grey,2021,2,2021-02-01,34,2413
West Point Grey,2021,3,2021-03-01,21,1139
West Point Grey,2021,4,2021-04-01,24,1502
West Point Grey,2021,5,2021-05-01,47,2645
West Point Grey,2021,6,2021-06-01,53,3048
West Point Grey,2021,7,2021-07-01,22,1399
West Point Grey,2021,8,2021-08-01,32,1592
West Point Grey,2021,9,2021-09-01,17,1028
West Point Grey,2021,10,2021-10-01,13,665
West Point Grey,2021,11,2021-11-01,25,1025
West Point Grey,2021,12,2021-12-01,14,668
West Point Grey,2023,1,2023-01-01,24,1103
West Point Grey,2023,2,2023-02-01,16,588
West Point Grey,2023,3,2023-03-01,23,1018
West Point Grey,2023,4,2023-04-01,18,762
West Point Grey,2023,5,2023-05-01,25,1332
West Point Grey,2023,6,2023-06-01,27,1966
West Point Grey,2023,7,2023-07-01,35,1833
West Point Grey,2023,8,2023-08-01,20,935
West Point Grey,2023,9,2023-09-01,20,791
West Point Grey,2023,10,2023-10-01,16,680
West Point Grey,2023,11,2023-11-01,19,824
West Point Grey,2023,12,2023-12-01,16,620
West Point Grey,2024,1,2024-01-01,25,1172
West Point Grey,2024,2,2024-02-01,25,1107
West Point Grey,2024,3,2024-03-01,19,538
West Point Grey,2024,4,2024-04-01,16,700
West Point Grey,2024,5,2024-05-01,27,1051
West Point Grey,2024,6,2024-06-01,30,1263
West Point Grey,2024,7,2024-07-01,21,730
West Point Grey,2024,8,2024-08-01,20,1301
West Point Grey,2024,9,2024-09-01,10,280
West Point Grey,2024,10,2024-10-01,18,1000
West Point Grey,2024,11,2024-11-01,16,845
West Point Grey,2024,12,2024-12-01,17,669
West Point Grey,2025,1,2025-01-01,15,730
West Point Grey,2025,2,2025-02-01,15,1020
West Point Grey,2025,3,2025-03-01,11,458
West Point Grey,2025,4,2025-04-01,16,568
West Point Grey,2025,5,2025-05-01,19,818
West Point Grey,2025,6,2025-06-01,28,1229
West Point Grey,2025,7,2025-07-01,13,558
West Point Grey,2025,8,2025-08-01,25,1041
West Point Grey,2025,9,2025-09-01,32,1401
West Point Grey,2025,10,2025-10-01,19,892
West Point Grey,2025,11,2025-11-01,25,1265
West Point Grey,2025,12,2025-12-01,16,1080
West Point Grey,2026,1,2026-01-01,18,887
West Point Grey,2026,2,2026-02-01,18,748
West Point Grey,2026,3,2026-03-01,25,1054
West Point Grey,2026,4,2026-04-01,27,1348
West Point Grey,2026,5,2026-05-01,35,1175
West Point Grey,2026,6,2026-06-01,27,958
West Point Grey,2026,7,2026-07-01,20,1182
West Point Grey,2026,8,2026-08-01,10,327
West Point Grey,2026,9,2026-09-01,9,324
