year,month,month_str,neighbourhood,incident_count,other_theft,theft_from_vehicle,mischief,offence_against_a_person,break_and_enter_residential_other,break_and_enter_commercial,theft_of_vehicle,theft_of_bicycle,is_partial
2003,1,2003-01,Arbutus Ridge,85,13,15,6,4,32,2,12,1,0
2003,2,2003-02,Arbutus Ridge,54,11,17,10,1,11,1,3,0,0
2003,3,2003-03,Arbutus Ridge,69,11,20,10,3,8,5,12,0,0
2003,4,2003-04,Arbutus Ridge,70,13,18,9,2,16,4,8,0,0
2003,5,2003-05,Arbutus Ridge,53,16,12,6,1,9,3,4,2,0
2003,6,2003-06,Arbutus Ridge,65,15,12,8,2,13,5,9,1,0
2003,7,2003-07,Arbutus Ridge,52,13,11,9,2,10,3,4,0,0
2003,8,2003-08,Arbutus Ridge,66,10,19,8,3,10,4,8,4,0
2003,9,2003-09,Arbutus Ridge,48,8,16,3,1,8,2,9,1,0
2003,10,2003-10,Arbutus Ridge,39,8,12,4,3,4,1,6,1,0
2003,11,2003-11,Arbutus Ridge,52,8,9,15,3,9,2,6,0,0
2003,12,2003-12,Arbutus Ridge,59,10,16,7,3,11,2,10,0,0
2004,1,2004-01,Arbutus Ridge,64,12,9,13,2,15,2,10,1,0
2004,2,2004-02,Arbutus Ridge,73,9,17,11,2,20,4,10,0,0
2004,3,2004-03,Arbutus Ridge,55,5,23,5,0,6,3,13,0,0
2004,4,2004-04,Arbutus Ridge,55,8,13,5,2,15,3,8,1,0
2004,5,2004-05,Arbutus Ridge,72,11,22,11,1,16,1,7,3,0
2004,6,2004-06,Arbutus Ridge,61,9,14,13,1,14,0,9,1,0
2004,7,2004-07,Arbutus Ridge,47,11,10,13,1,4,3,4,1,0
2004,8,2004-08,Arbutus Ridge,43,6,8,11,2,8,1,6,1,0
2004,9,2004-09,Arbutus Ridge,58,7,21,8,1,9,3,9,0,0
2004,10,2004-10,Arbutus Ridge,82,9,26,9,0,12,5,19,2,0
2004,11,2004-11,Arbutus Ridge,57,7,19,10,2,10,3,6,0,0
2004,12,2004-12,Arbutus Ridge,66,8,25,5,2,15,3,8,0,0
2005,1,2005-01,Arbutus Ridge,73,8,28,4,1,21,1,10,0,0
2005,2,2005-02,Arbutus Ridge,63,5,30,6,1,8,4,9,0,0
2005,3,2005-03,Arbutus Ridge,66,8,19,17,2,12,2,6,0,0
2005,4,2005-04,Arbutus Ridge,58,5,24,11,1,8,3,6,0,0
2005,5,2005-05,Arbutus Ridge,78,6,34,12,3,12,2,9,0,0
2005,6,2005-06,Arbutus Ridge,48,6,16,6,0,7,3,8,2,0
2005,7,2005-07,Arbutus Ridge,59,13,16,10,4,6,4,5,1,0
2005,8,2005-08,Arbutus Ridge,48,5,13,7,2,9,2,9,1,0
2005,9,2005-09,Arbutus Ridge,53,3,21,6,1,9,2,9,2,0
2005,10,2005-10,Arbutus Ridge,55,8,9,11,7,15,3,2,0,0
2005,11,2005-11,Arbutus Ridge,37,5,16,8,1,5,1,1,0,0
2005,12,2005-12,Arbutus Ridge,39,9,7,9,0,9,2,2,1,0
2006,1,2006-01,Arbutus Ridge,55,5,19,9,2,17,0,3,0,0
2006,2,2006-02,Arbutus Ridge,45,9,10,15,1,6,2,2,0,0
2006,3,2006-03,Arbutus Ridge,58,12,15,13,0,13,3,1,1,0
2006,4,2006-04,Arbutus Ridge,35,6,5,7,3,9,1,4,0,0
2006,5,2006-05,Arbutus Ridge,35,7,7,6,4,4,2,3,2,0
2006,6,2006-06,Arbutus Ridge,47,8,10,9,4,9,2,3,2,0
2006,7,2006-07,Arbutus Ridge,29,9,4,3,0,8,2,1,2,0
2006,8,2006-08,Arbutus Ridge,47,11,6,6,3,14,6,1,0,0
2006,9,2006-09,Arbutus Ridge,51,8,7,4,3,20,0,8,1,0
2006,10,2006-10,Arbutus Ridge,51,8,15,5,5,14,0,4,0,0
2006,11,2006-11,Arbutus Ridge,37,5,4,7,3,7,5,5,1,0
2006,12,2006-12,Arbutus Ridge,41,8,9,6,1,12,3,2,0,0
2007,1,2007-01,Arbutus Ridge,42,7,12,3,2,10,4,4,0,0
2007,2,2007-02,Arbutus Ridge,38,6,8,4,4,7,4,5,0,0
2007,3,2007-03,Arbutus Ridge,42,9,7,5,3,11,3,4,0,0
2007,4,2007-04,Arbutus Ridge,34,7,6,7,1,9,2,0,2,0
2007,5,2007-05,Arbutus Ridge,40,4,5,9,1,16,2,2,1,0
2007,6,2007-06,Arbutus Ridge,38,7,6,6,1,11,3,3,1,0
2007,7,2007-07,Arbutus Ridge,27,10,3,4,1,4,3,2,0,0
2007,8,2007-08,Arbutus Ridge,37,8,8,5,2,7,0,6,1,0
2007,9,2007-09,Arbutus Ridge,43,7,15,5,1,10,3,2,0,0
2007,10,2007-10,Arbutus Ridge,33,3,2,6,3,8,3,5,3,0
2007,11,2007-11,Arbutus Ridge,29,3,2,10,4,6,2,2,0,0
2007,12,2007-12,Arbutus Ridge,34,9,5,6,2,5,3,4,0,0
2008,1,2008-01,Arbutus Ridge,27,9,3,6,3,6,0,0,0,0
2008,2,2008-02,Arbutus Ridge,20,8,2,4,3,1,2,0,0,0
2008,3,2008-03,Arbutus Ridge,33,5,11,1,2,8,4,2,0,0
2008,4,2008-04,Arbutus Ridge,29,4,3,10,6,5,1,0,0,0
2008,5,2008-05,Arbutus Ridge,43,7,10,9,0,10,0,5,2,0
2008,6,2008-06,Arbutus Ridge,50,7,18,5,1,14,1,3,1,0
2008,7,2008-07,Arbutus Ridge,42,11,2,3,0,15,5,5,1,0
2008,8,2008-08,Arbutus Ridge,17,1,3,3,0,3,3,2,2,0
2008,9,2008-09,Arbutus Ridge,33,7,2,3,3,15,1,1,1,0
2008,10,2008-10,Arbutus Ridge,42,11,5,6,3,13,1,3,0,0
2008,11,2008-11,Arbutus Ridge,30,7,4,3,1,11,3,1,0,0
2008,12,2008-12,Arbutus Ridge,45,10,4,5,4,18,0,4,0,0
2009,1,2009-01,Arbutus Ridge,46,8,14,4,2,15,2,1,0,0
2009,2,2009-02,Arbutus Ridge,24,8,4,3,0,8,0,1,0,0
2009,3,2009-03,Arbutus Ridge,36,3,4,10,1,11,1,6,0,0
2009,4,2009-04,Arbutus Ridge,42,12,6,4,1,14,2,2,1,0
2009,5,2009-05,Arbutus Ridge,39,7,10,6,2,8,2,4,0,0
2009,6,2009-06,Arbutus Ridge,41,8,17,7,0,7,1,1,0,0
2009,7,2009-07,Arbutus Ridge,28,9,7,5,0,5,0,2,0,0
2009,8,2009-08,Arbutus Ridge,42,13,6,7,3,8,1,3,1,0
2009,9,2009-09,Arbutus Ridge,37,7,6,1,3,14,3,2,1,0
2009,10,2009-10,Arbutus Ridge,34,8,1,5,3,11,4,1,1,0
2009,11,2009-11,Arbutus Ridge,40,5,4,3,2,18,6,1,1,0
2009,12,2009-12,Arbutus Ridge,25,7,4,3,1,6,2,2,0,0
2010,1,2010-01,Arbutus Ridge,25,5,4,6,0,6,3,1,0,0
2010,2,2010-02,Arbutus Ridge,28,7,2,5,0,10,1,2,1,0
2010,3,2010-03,Arbutus Ridge,40,14,4,3,2,12,2,1,2,0
2010,4,2010-04,Arbutus Ridge,33,9,3,7,1,9,2,1,1,0
2010,5,2010-05,Arbutus Ridge,19,3,1,1,1,8,4,0,1,0
2010,6,2010-06,Arbutus Ridge,38,11,11,3,2,7,1,3,0,0
2010,7,2010-07,Arbutus Ridge,34,6,7,2,4,12,0,1,2,0
2010,8,2010-08,Arbutus Ridge,35,4,12,5,3,9,0,2,0,0
2010,9,2010-09,Arbutus Ridge,27,8,8,0,0,7,2,1,1,0
2010,10,2010-10,Arbutus Ridge,29,1,3,8,2,11,1,3,0,0
2010,11,2010-11,Arbutus Ridge,40,7,10,1,2,18,1,1,0,0
2010,12,2010-12,Arbutus Ridge,33,2,6,5,5,13,0,1,1,0
2011,1,2011-01,Arbutus Ridge,34,6,3,5,4,14,0,2,0,0
2011,2,2011-02,Arbutus Ridge,15,0,4,6,0,4,0,0,1,0
2011,3,2011-03,Arbutus Ridge,19,1,6,3,1,5,0,2,1,0
2011,4,2011-04,Arbutus Ridge,19,3,5,5,1,5,0,0,0,0
2011,5,2011-05,Arbutus Ridge,29,8,9,2,1,8,0,1,0,0
2011,6,2011-06,Arbutus Ridge,33,9,4,6,0,11,1,1,1,0
2011,7,2011-07,Arbutus Ridge,32,5,10,3,0,11,1,1,1,0
2011,8,2011-08,Arbutus Ridge,33,5,10,3,1,9,2,0,3,0
2011,9,2011-09,Arbutus Ridge,35,5,7,3,2,13,4,1,0,0
2011,10,2011-10,Arbutus Ridge,32,6,14,3,1,7,0,1,0,0
2011,11,2011-11,Arbutus Ridge,35,8,9,4,0,12,2,0,0,0
2011,12,2011-12,Arbutus Ridge,25,2,13,1,0,9,0,0,0,0
2012,1,2012-01,Arbutus Ridge,20,6,2,2,2,8,0,0,0,0
2012,2,2012-02,Arbutus Ridge,25,4,9,1,1,8,0,0,2,0
2012,3,2012-03,Arbutus Ridge,20,4,5,1,0,7,2,1,0,0
2012,4,2012-04,Arbutus Ridge,42,6,20,3,1,9,0,3,0,0
2012,5,2012-05,Arbutus Ridge,23,5,7,3,0,7,0,1,0,0
2012,6,2012-06,Arbutus Ridge,43,10,9,9,3,7,2,1,2,0
2012,7,2012-07,Arbutus Ridge,29,3,12,3,2,8,1,0,0,0
2012,8,2012-08,Arbutus Ridge,43,6,22,1,1,10,1,0,2,0
2012,9,2012-09,Arbutus Ridge,29,3,15,1,0,4,3,3,0,0
2012,10,2012-10,Arbutus Ridge,20,6,2,3,1,7,0,1,0,0
2012,11,2012-11,Arbutus Ridge,43,6,14,4,4,10,3,0,2,0
2012,12,2012-12,Arbutus Ridge,54,10,13,3,0,22,2,3,1,0
2013,1,2013-01,Arbutus Ridge,23,6,3,3,0,10,0,0,1,0
2013,2,2013-02,Arbutus Ridge,31,7,9,3,0,7,3,0,2,0
2013,3,2013-03,Arbutus Ridge,34,6,4,9,3,7,2,1,2,0
2013,4,2013-04,Arbutus Ridge,37,6,13,8,0,9,0,0,1,0
2013,5,2013-05,Arbutus Ridge,38,9,14,7,0,6,1,1,0,0
2013,6,2013-06,Arbutus Ridge,23,6,3,3,2,7,0,2,0,0
2013,7,2013-07,Arbutus Ridge,17,1,4,3,1,6,1,0,1,0
2013,8,2013-08,Arbutus Ridge,18,3,3,4,3,4,0,0,1,0
2013,9,2013-09,Arbutus Ridge,23,7,6,4,1,4,0,0,1,0
2013,10,2013-10,Arbutus Ridge,20,4,5,6,1,3,0,0,1,0
2013,11,2013-11,Arbutus Ridge,42,2,24,3,2,10,0,0,1,0
2013,12,2013-12,Arbutus Ridge,42,4,12,4,3,16,2,1,0,0
2014,1,2014-01,Arbutus Ridge,34,7,10,3,1,10,2,0,1,0
2014,2,2014-02,Arbutus Ridge,26,2,12,2,1,8,0,1,0,0
2014,3,2014-03,Arbutus Ridge,21,4,4,2,0,6,3,0,2,0
2014,4,2014-04,Arbutus Ridge,38,6,13,3,3,10,2,0,1,0
2014,5,2014-05,Arbutus Ridge,40,3,15,2,2,12,3,2,1,0
2014,6,2014-06,Arbutus Ridge,48,3,19,1,2,17,3,1,2,0
2014,7,2014-07,Arbutus Ridge,36,3,17,4,0,4,5,1,2,0
2014,8,2014-08,Arbutus Ridge,25,3,7,2,1,6,3,2,1,0
2014,9,2014-09,Arbutus Ridge,51,13,9,8,1,11,4,2,3,0
2014,10,2014-10,Arbutus Ridge,46,6,15,4,1,14,2,1,3,0
2014,11,2014-11,Arbutus Ridge,42,7,12,1,1,17,1,3,0,0
2014,12,2014-12,Arbutus Ridge,31,4,7,3,1,14,0,1,1,0
2015,1,2015-01,Arbutus Ridge,33,8,10,3,2,7,2,1,0,0
2015,2,2015-02,Arbutus Ridge,24,6,10,1,1,3,1,2,0,0
2015,3,2015-03,Arbutus Ridge,31,13,5,5,0,6,0,1,1,0
2015,4,2015-04,Arbutus Ridge,29,9,10,2,0,7,0,0,1,0
2015,5,2015-05,Arbutus Ridge,34,8,11,6,3,4,0,1,1,0
2015,6,2015-06,Arbutus Ridge,31,5,7,5,3,7,2,1,1,0
2015,7,2015-07,Arbutus Ridge,39,6,19,1,0,10,0,1,2,0
2015,8,2015-08,Arbutus Ridge,27,9,5,1,0,7,0,2,3,0
2015,9,2015-09,Arbutus Ridge,39,5,6,4,1,17,1,2,3,0
2015,10,2015-10,Arbutus Ridge,57,10,20,6,3,12,2,0,4,0
2015,11,2015-11,Arbutus Ridge,32,5,10,2,0,10,1,1,3,0
2015,12,2015-12,Arbutus Ridge,40,2,15,2,2,13,3,3,0,0
2016,1,2016-01,Arbutus Ridge,51,11,11,7,0,18,2,1,1,0
2016,2,2016-02,Arbutus Ridge,36,6,16,1,1,10,1,0,1,0
2016,3,2016-03,Arbutus Ridge,36,13,11,1,2,6,1,1,1,0
2016,4,2016-04,Arbutus Ridge,28,8,6,3,1,7,2,1,0,0
2016,5,2016-05,Arbutus Ridge,35,11,10,4,1,5,1,0,3,0
2016,6,2016-06,Arbutus Ridge,58,10,20,10,0,9,5,1,3,0
2016,7,2016-07,Arbutus Ridge,55,6,28,5,1,7,4,1,3,0
2016,8,2016-08,Arbutus Ridge,42,9,14,6,0,6,3,1,3,0
2016,9,2016-09,Arbutus Ridge,34,5,15,2,3,4,4,1,0,0
2016,10,2016-10,Arbutus Ridge,27,8,7,2,2,2,3,0,3,0
2016,11,2016-11,Arbutus Ridge,30,8,8,3,2,3,3,1,2,0
2016,12,2016-12,Arbutus Ridge,34,7,10,3,0,6,3,2,3,0
2017,1,2017-01,Arbutus Ridge,23,2,9,3,2,5,0,1,1,0
2017,2,2017-02,Arbutus Ridge,35,2,15,1,0,12,1,3,1,0
2017,3,2017-03,Arbutus Ridge,35,4,11,4,1,9,1,2,3,0
2017,4,2017-04,Arbutus Ridge,40,8,11,14,0,7,0,0,0,0
2017,5,2017-05,Arbutus Ridge,39,7,12,8,1,4,1,3,3,0
2017,6,2017-06,Arbutus Ridge,38,5,15,8,0,5,1,2,2,0
2017,7,2017-07,Arbutus Ridge,47,10,16,3,1,12,2,0,3,0
2017,8,2017-08,Arbutus Ridge,36,3,13,8,0,7,1,0,4,0
2017,9,2017-09,Arbutus Ridge,23,3,7,4,0,4,1,0,4,0
2017,10,2017-10,Arbutus Ridge,29,2,11,4,0,9,1,0,2,0
2017,11,2017-11,Arbutus Ridge,26,11,6,3,2,2,2,0,0,0
2017,12,2017-12,Arbutus Ridge,36,5,15,4,0,8,0,3,1,0
2018,1,2018-01,Arbutus Ridge,18,2,5,3,1,4,1,2,0,0
2018,2,2018-02,Arbutus Ridge,25,2,9,0,0,8,4,1,1,0
2018,3,2018-03,Arbutus Ridge,35,11,11,10,0,2,0,1,0,0
2018,4,2018-04,Arbutus Ridge,28,5,12,4,1,5,1,0,0,0
2018,5,2018-05,Arbutus Ridge,43,9,12,6,1,12,1,2,0,0
2018,6,2018-06,Arbutus Ridge,32,1,13,4,2,8,1,3,0,0
2018,7,2018-07,Arbutus Ridge,25,6,5,8,1,1,0,1,3,0
2018,8,2018-08,Arbutus Ridge,13,1,6,2,1,2,0,0,1,0
2018,9,2018-09,Arbutus Ridge,29,4,10,2,0,10,1,1,1,0
2018,10,2018-10,Arbutus Ridge,28,1,7,5,2,11,0,1,1,0
2018,11,2018-11,Arbutus Ridge,42,12,14,2,1,8,2,0,3,0
2018,12,2018-12,Arbutus Ridge,27,6,7,3,1,7,1,0,2,0
2019,1,2019-01,Arbutus Ridge,24,10,6,2,0,5,1,0,0,0
2019,2,2019-02,Arbutus Ridge,25,8,7,4,2,3,1,0,0,0
2019,3,2019-03,Arbutus Ridge,28,6,8,5,3,6,0,0,0,0
2019,4,2019-04,Arbutus Ridge,30,6,13,3,1,4,0,2,1,0
2019,5,2019-05,Arbutus Ridge,26,4,7,2,3,5,2,1,2,0
2019,6,2019-06,Arbutus Ridge,30,5,12,4,0,3,0,2,4,0
2019,7,2019-07,Arbutus Ridge,31,6,9,5,2,3,0,1,5,0
2019,8,2019-08,Arbutus Ridge,46,8,16,4,3,8,1,2,4,0
2019,9,2019-09,Arbutus Ridge,33,7,7,3,3,6,1,2,4,0
2019,10,2019-10,Arbutus Ridge,26,4,7,2,1,8,2,1,1,0
2019,11,2019-11,Arbutus Ridge,32,7,4,2,0,14,2,1,2,0
2019,12,2019-12,Arbutus Ridge,19,5,5,2,0,5,0,1,1,0
2020,1,2020-01,Arbutus Ridge,31,5,9,4,2,7,0,2,2,0
2020,2,2020-02,Arbutus Ridge,26,3,11,3,0,8,0,1,0,0
2020,3,2020-03,Arbutus Ridge,37,7,16,5,1,5,1,0,2,0
2020,4,2020-04,Arbutus Ridge,36,5,7,8,2,6,6,0,2,0
2020,5,2020-05,Arbutus Ridge,21,2,9,3,1,4,1,0,1,0
2020,6,2020-06,Arbutus Ridge,42,4,9,4,2,18,4,1,0,0
2020,7,2020-07,Arbutus Ridge,27,4,6,4,1,9,0,1,2,0
2020,8,2020-08,Arbutus Ridge,32,5,10,5,2,6,1,1,2,0
2020,9,2020-09,Arbutus Ridge,33,2,13,5,2,7,1,1,2,0
2020,10,2020-10,Arbutus Ridge,26,5,8,3,2,3,3,0,2,0
2020,11,2020-11,Arbutus Ridge,19,3,6,3,0,3,0,2,2,0
2020,12,2020-12,Arbutus Ridge,23,0,5,4,0,12,1,0,1,0
2021,1,2021-01,Arbutus Ridge,34,7,12,5,0,4,2,0,4,0
2021,2,2021-02,Arbutus Ridge,21,8,3,2,1,4,1,1,1,0
2021,3,2021-03,Arbutus Ridge,19,4,8,4,1,0,2,0,0,0
2021,4,2021-04,Arbutus Ridge,22,4,7,7,0,2,1,0,1,0
2021,5,2021-05,Arbutus Ridge,27,13,3,2,1,5,1,1,1,0
2021,6,2021-06,Arbutus Ridge,19,9,2,1,1,1,3,0,2,0
2021,7,2021-07,Arbutus Ridge,18,5,2,4,2,3,2,0,0,0
2021,8,2021-08,Arbutus Ridge,19,1,11,5,0,2,0,0,0,0
2021,9,2021-09,Arbutus Ridge,25,6,8,3,2,3,1,0,2,0
2021,10,2021-10,Arbutus Ridge,21,3,7,5,1,2,0,2,1,0
2021,11,2021-11,Arbutus Ridge,16,1,7,1,0,3,1,0,3,0
2021,12,2021-12,Arbutus Ridge,26,7,8,2,2,5,1,1,0,0
2022,1,2022-01,Arbutus Ridge,31,12,4,4,5,1,2,1,2,0
2022,2,2022-02,Arbutus Ridge,33,6,5,7,1,4,6,3,1,0
2022,3,2022-03,Arbutus Ridge,29,10,0,7,1,1,4,0,6,0
2022,4,2022-04,Arbutus Ridge,27,11,3,2,3,2,2,1,3,0
2022,5,2022-05,Arbutus Ridge,31,8,13,4,1,3,0,1,1,0
2022,6,2022-06,Arbutus Ridge,28,2,6,7,3,4,1,2,3,0
2022,7,2022-07,Arbutus Ridge,31,16,7,3,1,1,1,1,1,0
2022,8,2022-08,Arbutus Ridge,29,3,11,4,3,2,2,4,0,0
2022,9,2022-09,Arbutus Ridge,38,7,12,5,2,5,3,2,2,0
2022,10,2022-10,Arbutus Ridge,22,4,4,5,3,2,1,1,2,0
2022,11,2022-11,Arbutus Ridge,18,5,4,3,2,2,1,0,1,0
2022,12,2022-12,Arbutus Ridge,20,8,2,3,1,3,1,0,2,0
2023,1,2023-01,Arbutus Ridge,22,3,6,6,1,3,1,1,1,0
2023,2,2023-02,Arbutus Ridge,23,4,5,5,4,1,4,0,0,0
2023,3,2023-03,Arbutus Ridge,42,11,7,14,1,8,1,0,0,0
2023,4,2023-04,Arbutus Ridge,14,6,1,1,0,1,2,1,2,0
2023,5,2023-05,Arbutus Ridge,24,7,5,2,1,8,1,0,0,0
2023,6,2023-06,Arbutus Ridge,17,5,5,2,2,1,0,1,1,0
2023,7,2023-07,Arbutus Ridge,15,4,4,2,2,2,0,0,1,0
2023,8,2023-08,Arbutus Ridge,27,5,8,5,2,2,2,3,0,0
2023,9,2023-09,Arbutus Ridge,18,3,7,5,0,2,0,0,1,0
2023,10,2023-10,Arbutus Ridge,25,6,11,5,1,1,0,0,1,0
2023,11,2023-11,Arbutus Ridge,21,7,5,1,4,2,1,1,0,0
2023,12,2023-12,Arbutus Ridge,17,5,7,2,0,3,0,0,0,0
2024,1,2024-01,Arbutus Ridge,28,8,10,4,2,2,0,2,0,0
2024,2,2024-02,Arbutus Ridge,21,7,5,2,1,3,1,2,0,0
2024,3,2024-03,Arbutus Ridge,19,8,6,2,1,1,0,0,1,0
2024,4,2024-04,Arbutus Ridge,31,7,18,1,3,1,1,0,0,0
2024,5,2024-05,Arbutus Ridge,27,11,6,5,2,1,0,2,0,0
2024,6,2024-06,Arbutus Ridge,18,5,7,1,2,1,0,0,2,0
2024,7,2024-07,Arbutus Ridge,19,11,2,4,0,1,1,0,0,0
2024,8,2024-08,Arbutus Ridge,20,6,7,4,0,2,1,0,0,0
2024,9,2024-09,Arbutus Ridge,16,3,3,4,2,1,0,1,2,0
2024,10,2024-10,Arbutus Ridge,24,17,1,4,2,0,0,0,0,0
2024,11,2024-11,Arbutus Ridge,18,10,1,6,0,0,0,1,0,0
2024,12,2024-12,Arbutus Ridge,18,7,5,3,0,0,1,2,0,0
2025,1,2025-01,Arbutus Ridge,19,11,1,1,3,1,1,1,0,0
2025,2,2025-02,Arbutus Ridge,17,5,6,4,0,1,1,0,0,0
2025,3,2025-03,Arbutus Ridge,21,5,3,9,2,1,0,0,1,0
2025,4,2025-04,Arbutus Ridge,13,8,0,2,1,1,1,0,0,0
2025,5,2025-05,Arbutus Ridge,17,5,3,3,1,0,2,2,1,0
2025,6,2025-06,Arbutus Ridge,14,3,4,3,1,3,0,0,0,0
2025,7,2025-07,Arbutus Ridge,16,5,3,2,1,2,1,1,1,0
2025,8,2025-08,Arbutus Ridge,18,5,5,6,0,0,0,0,2,0
2025,9,2025-09,Arbutus Ridge,14,3,8,1,1,0,0,0,1,0
2025,10,2025-10,Arbutus Ridge,21,3,9,3,0,2,1,2,1,0
2025,11,2025-11,Arbutus Ridge,25,9,5,2,4,4,1,0,0,0
2025,12,2025-12,Arbutus Ridge,18,5,3,5,0,2,1,1,1,0
2026,1,2026-01,Arbutus Ridge,9,8,1,0,0,0,0,0,0,0
2026,2,2026-02,Arbutus Ridge,17,6,3,3,1,2,1,0,1,0
2026,3,2026-03,Arbutus Ridge,11,4,4,1,0,1,0,0,1,0
2026,4,2026-04,Arbutus Ridge,12,5,3,1,3,0,0,0,0,0
2026,5,2026-05,Arbutus Ridge,24,5,6,5,0,7,0,1,0,0
2026,6,2026-06,Arbutus Ridge,24,12,4,7,0,0,0,0,1,0
2026,7,2026-07,Arbutus Ridge,18,7,5,5,0,0,0,0,1,0
2026,8,2026-08,Arbutus Ridge,17,3,5,1,2,2,4,0,0,0
2026,9,2026-09,Arbutus Ridge,17,6,7,1,1,1,0,1,0,1
2003,1,2003-01,Central Business District,1163,283,452,137,76,23,98,78,16,0
2003,2,2003-02,Central Business District,861,262,251,101,67,31,63,71,15,0
2003,3,2003-03,Central Business District,959,254,361,113,78,31,57,52,13,0
2003,4,2003-04,Central Business District,1047,243,474,111,45,40,67,49,18,0
2003,5,2003-05,Central Business District,1236,238,624,134,92,31,54,35,28,0
2003,6,2003-06,Central Business District,1118,285,478,101,75,27,61,51,40,0
2003,7,2003-07,Central Business District,1135,302,464,88,57,36,62,72,54,0
2003,8,2003-08,Central Business District,1208,268,583,110,66,32,56,61,32,0
2003,9,2003-09,Central Business District,931,235,392,85,55,39,53,50,22,0
2003,10,2003-10,Central Business District,1132,295,446,128,56,40,75,63,29,0
2003,11,2003-11,Central Business District,986,302,381,85,63,32,62,51,10,0
2003,12,2003-12,Central Business District,1034,271,434,94,59,31,72,63,10,0
2004,1,2004-01,Central Business District,917,291,327,87,73,32,58,46,3,0
2004,2,2004-02,Central Business District,951,292,352,74,56,22,88,55,12,0
2004,3,2004-03,Central Business District,1017,276,424,95,77,20,54,49,22,0
2004,4,2004-04,Central Business District,1130,267,494,109,77,22,83,45,33,0
2004,5,2004-05,Central Business District,939,291,340,97,62,27,71,27,24,0
2004,6,2004-06,Central Business District,887,286,259,89,62,39,85,39,28,0
2004,7,2004-07,Central Business District,1093,283,405,113,81,30,89,35,57,0
2004,8,2004-08,Central Business District,1121,317,453,95,79,25,65,38,49,0
2004,9,2004-09,Central Business District,1071,288,441,97,78,33,62,46,26,0
2004,10,2004-10,Central Business District,1011,346,330,82,69,45,71,51,17,0
2004,11,2004-11,Central Business District,860,305,282,78,63,34,59,23,16,0
2004,12,2004-12,Central Business District,909,325,311,81,50,20,81,30,11,0
2005,1,2005-01,Central Business District,812,276,296,60,70,20,45,34,11,0
2005,2,2005-02,Central Business District,921,317,297,81,75,17,84,31,19,0
2005,3,2005-03,Central Business District,974,340,353,94,62,27,59,26,13,0
2005,4,2005-04,Central Business District,828,292,302,59,57,30,34,36,18,0
2005,5,2005-05,Central Business District,982,318,355,88,74,30,35,55,27,0
2005,6,2005-06,Central Business District,962,309,345,83,69,28,55,38,35,0
2005,7,2005-07,Central Business District,991,325,366,70,84,25,55,27,39,0
2005,8,2005-08,Central Business District,899,303,305,82,79,13,47,32,38,0
2005,9,2005-09,Central Business District,970,331,324,87,73,25,46,35,49,0
2005,10,2005-10,Central Business District,905,354,246,71,77,19,43,38,57,0
2005,11,2005-11,Central Business District,862,254,292,64,81,18,77,38,38,0
2005,12,2005-12,Central Business District,896,287,299,81,86,16,57,49,21,0
2006,1,2006-01,Central Business District,885,271,292,95,98,20,56,39,14,0
2006,2,2006-02,Central Business District,870,304,291,70,86,9,51,29,30,0
2006,3,2006-03,Central Business District,1037,345,347,97,97,34,57,33,27,0
2006,4,2006-04,Central Business District,803,265,245,75,79,18,68,33,20,0
2006,5,2006-05,Central Business District,959,288,339,77,82,30,78,32,33,0
2006,6,2006-06,Central Business District,998,283,363,81,82,29,53,33,74,0
2006,7,2006-07,Central Business District,1118,304,421,115,99,42,52,24,61,0
2006,8,2006-08,Central Business District,1071,291,404,101,98,23,44,53,57,0
2006,9,2006-09,Central Business District,976,276,323,84,97,51,64,54,27,0
2006,10,2006-10,Central Business District,897,234,246,102,90,89,68,40,28,0
2006,11,2006-11,Central Business District,906,232,392,80,69,24,65,30,14,0
2006,12,2006-12,Central Business District,1026,276,420,101,87,45,51,33,13,0
2007,1,2007-01,Central Business District,989,256,396,89,89,33,80,27,19,0
2007,2,2007-02,Central Business District,924,272,357,93,83,34,48,21,16,0
2007,3,2007-03,Central Business District,949,291,336,80,95,27,90,18,12,0
2007,4,2007-04,Central Business District,916,247,352,88,102,21,69,21,16,0
2007,5,2007-05,Central Business District,975,260,374,95,95,28,64,33,26,0
2007,6,2007-06,Central Business District,963,310,284,83,95,28,81,44,38,0
2007,7,2007-07,Central Business District,876,284,234,76,97,30,68,42,45,0
2007,8,2007-08,Central Business District,1031,339,290,98,104,27,71,58,44,0
2007,9,2007-09,Central Business District,972,289,304,96,98,26,69,54,36,0
2007,10,2007-10,Central Business District,956,300,327,87,95,24,51,48,24,0
2007,11,2007-11,Central Business District,905,258,311,100,97,25,51,52,11,0
2007,12,2007-12,Central Business District,817,229,305,89,94,19,40,33,8,0
2008,1,2008-01,Central Business District,872,258,256,95,106,36,60,51,10,0
2008,2,2008-02,Central Business District,897,252,332,107,84,28,43,43,8,0
2008,3,2008-03,Central Business District,1026,262,388,116,103,36,67,42,12,0
2008,4,2008-04,Central Business District,858,257,242,129,80,30,52,50,18,0
2008,5,2008-05,Central Business District,984,320,338,95,92,26,41,41,31,0
2008,6,2008-06,Central Business District,978,299,340,94,84,23,53,52,33,0
2008,7,2008-07,Central Business District,962,277,298,96,118,26,59,28,60,0
2008,8,2008-08,Central Business District,1016,292,340,101,110,28,54,40,51,0
2008,9,2008-09,Central Business District,1001,286,345,77,111,40,61,27,54,0
2008,10,2008-10,Central Business District,970,276,329,108,110,25,57,20,45,0
2008,11,2008-11,Central Business District,825,240,282,90,88,22,67,25,11,0
2008,12,2008-12,Central Business District,842,214,341,87,91,22,69,13,5,0
2009,1,2009-01,Central Business District,798,268,236,82,105,24,60,18,5,0
2009,2,2009-02,Central Business District,833,262,325,72,73,23,45,24,9,0
2009,3,2009-03,Central Business District,875,306,280,92,89,26,48,21,13,0
2009,4,2009-04,Central Business District,765,251,216,76,109,12,50,11,40,0
2009,5,2009-05,Central Business District,855,258,280,83,107,15,40,12,60,0
2009,6,2009-06,Central Business District,749,274,174,78,87,9,58,17,52,0
2009,7,2009-07,Central Business District,820,251,230,65,114,17,45,13,85,0
2009,8,2009-08,Central Business District,934,289,258,94,99,26,46,17,105,0
2009,9,2009-09,Central Business District,950,280,364,79,93,18,37,17,62,0
2009,10,2009-10,Central Business District,830,310,241,91,78,22,43,17,28,0
2009,11,2009-11,Central Business District,721,279,208,78,71,14,34,13,24,0
2009,12,2009-12,Central Business District,671,264,181,65,93,9,28,13,18,0
2010,1,2010-01,Central Business District,643,274,152,71,76,10,26,20,14,0
2010,2,2010-02,Central Business District,779,375,138,100,101,8,30,4,23,0
2010,3,2010-03,Central Business District,814,325,207,108,74,15,56,3,26,0
2010,4,2010-04,Central Business District,699,284,139,95,72,16,53,10,30,0
2010,5,2010-05,Central Business District,761,301,145,112,86,13,54,11,39,0
2010,6,2010-06,Central Business District,732,301,143,91,101,28,24,10,34,0
2010,7,2010-07,Central Business District,831,298,209,81,113,19,43,9,59,0
2010,8,2010-08,Central Business District,892,321,229,92,89,20,47,7,87,0
2010,9,2010-09,Central Business District,743,274,178,85,80,18,26,12,70,0
2010,10,2010-10,Central Business District,752,274,185,96,93,8,44,6,46,0
2010,11,2010-11,Central Business District,582,221,139,83,73,7,34,4,21,0
2010,12,2010-12,Central Business District,687,268,188,68,91,8,42,12,10,0
2011,1,2011-01,Central Business District,720,285,166,81,113,14,47,7,7,0
2011,2,2011-02,Central Business District,609,230,161,82,72,9,39,8,8,0
2011,3,2011-03,Central Business District,670,278,140,95,75,15,43,7,17,0
2011,4,2011-04,Central Business District,636,286,117,78,83,7,38,10,17,0
2011,5,2011-05,Central Business District,721,261,154,104,131,7,34,3,27,0
2011,6,2011-06,Central Business District,1334,348,130,462,105,10,205,19,55,0
2011,7,2011-07,Central Business District,746,257,168,83,108,11,36,11,72,0
2011,8,2011-08,Central Business District,738,301,147,68,115,9,23,5,70,0
2011,9,2011-09,Central Business District,628,262,120,73,77,20,23,13,40,0
2011,10,2011-10,Central Business District,661,268,105,84,107,10,39,12,36,0
2011,11,2011-11,Central Business District,703,330,128,85,89,11,29,5,26,0
2011,12,2011-12,Central Business District,678,297,144,80,93,21,30,3,10,0
2012,1,2012-01,Central Business District,755,281,192,102,89,11,56,6,18,0
2012,2,2012-02,Central Business District,712,276,191,77,97,12,31,5,23,0
2012,3,2012-03,Central Business District,738,289,189,88,101,11,39,2,19,0
2012,4,2012-04,Central Business District,678,283,150,71,82,15,34,9,34,0
2012,5,2012-05,Central Business District,699,320,112,85,78,12,28,9,55,0
2012,6,2012-06,Central Business District,742,317,117,74,100,21,34,6,73,0
2012,7,2012-07,Central Business District,637,256,104,77,85,16,13,9,77,0
2012,8,2012-08,Central Business District,791,301,155,86,126,11,25,9,78,0
2012,9,2012-09,Central Business District,729,305,108,90,114,13,21,8,70,0
2012,10,2012-10,Central Business District,720,313,113,81,98,13,41,11,50,0
2012,11,2012-11,Central Business District,740,292,192,89,81,8,47,8,23,0
2012,12,2012-12,Central Business District,659,295,111,73,101,16,42,10,11,0
2013,1,2013-01,Central Business District,613,296,84,74,85,8,45,10,11,0
2013,2,2013-02,Central Business District,605,281,117,68,63,21,38,4,13,0
2013,3,2013-03,Central Business District,841,339,194,104,101,17,50,8,28,0
2013,4,2013-04,Central Business District,740,285,191,80,90,11,40,11,32,0
2013,5,2013-05,Central Business District,778,331,189,86,96,16,22,8,30,0
2013,6,2013-06,Central Business District,849,367,192,74,80,17,43,10,66,0
2013,7,2013-07,Central Business District,897,359,199,78,115,10,45,7,84,0
2013,8,2013-08,Central Business District,969,351,227,96,120,24,38,11,102,0
2013,9,2013-09,Central Business District,778,298,173,84,98,10,34,15,66,0
2013,10,2013-10,Central Business District,769,333,178,82,85,12,32,8,39,0
2013,11,2013-11,Central Business District,839,328,241,100,86,15,30,11,28,0
2013,12,2013-12,Central Business District,709,317,154,70,82,17,40,8,21,0
2014,1,2014-01,Central Business District,700,311,144,96,76,12,33,7,21,0
2014,2,2014-02,Central Business District,798,301,230,111,71,12,59,4,10,0
2014,3,2014-03,Central Business District,845,359,172,119,91,18,63,7,16,0
2014,4,2014-04,Central Business District,755,276,177,115,90,16,46,3,32,0
2014,5,2014-05,Central Business District,864,341,190,105,91,13,48,12,64,0
2014,6,2014-06,Central Business District,836,326,177,95,89,11,41,9,88,0
2014,7,2014-07,Central Business District,942,307,244,101,75,21,38,10,146,0
2014,8,2014-08,Central Business District,1121,377,372,118,75,13,47,10,109,0
2014,9,2014-09,Central Business District,891,313,260,99,71,14,48,6,80,0
2014,10,2014-10,Central Business District,857,338,205,115,74,14,41,14,56,0
2014,11,2014-11,Central Business District,910,370,243,112,71,27,50,8,29,0
2014,12,2014-12,Central Business District,786,318,212,103,63,17,56,4,13,0
2015,1,2015-01,Central Business District,818,311,230,109,80,10,55,9,14,0
2015,2,2015-02,Central Business District,759,286,210,96,65,6,69,6,21,0
2015,3,2015-03,Central Business District,772,316,175,89,73,10,65,6,38,0
2015,4,2015-04,Central Business District,758,291,183,93,64,9,61,7,50,0
2015,5,2015-05,Central Business District,915,317,202,113,109,9,75,12,78,0
2015,6,2015-06,Central Business District,926,321,180,91,94,16,70,8,146,0
2015,7,2015-07,Central Business District,1052,341,229,114,90,14,66,10,188,0
2015,8,2015-08,Central Business District,957,321,229,88,93,14,65,15,132,0
2015,9,2015-09,Central Business District,987,327,264,99,70,16,69,20,122,0
2015,10,2015-10,Central Business District,1047,370,295,107,84,10,81,13,87,0
2015,11,2015-11,Central Business District,1079,332,405,114,85,10,72,14,47,0
2015,12,2015-12,Central Business District,957,301,366,105,87,13,49,12,24,0
2016,1,2016-01,Central Business District,1141,360,447,116,85,12,77,17,27,0
2016,2,2016-02,Central Business District,993,347,371,108,68,9,56,9,25,0
2016,3,2016-03,Central Business District,1125,410,394,113,83,9,66,15,35,0
2016,4,2016-04,Central Business District,1118,362,382,132,86,13,72,17,54,0
2016,5,2016-05,Central Business District,1213,387,420,117,80,11,71,12,115,0
2016,6,2016-06,Central Business District,1170,380,366,127,78,18,76,19,106,0
2016,7,2016-07,Central Business District,1180,396,355,121,116,17,74,21,80,0
2016,8,2016-08,Central Business District,1080,387,308,114,108,8,56,13,86,0
2016,9,2016-09,Central Business District,1026,381,289,109,89,13,66,17,62,0
2016,10,2016-10,Central Business District,1133,403,376,109,102,10,67,21,45,0
2016,11,2016-11,Central Business District,1008,357,344,107,80,10,62,16,32,0
2016,12,2016-12,Central Business District,909,299,334,111,66,15,55,10,19,0
2017,1,2017-01,Central Business District,944,309,349,122,70,10,58,7,19,0
2017,2,2017-02,Central Business District,903,390,265,102,71,12,35,7,21,0
2017,3,2017-03,Central Business District,1071,412,376,121,75,16,48,9,14,0
2017,4,2017-04,Central Business District,1074,421,345,115,91,13,50,11,28,0
2017,5,2017-05,Central Business District,1082,433,318,131,84,14,42,14,46,0
2017,6,2017-06,Central Business District,1083,413,326,123,89,7,43,7,75,0
2017,7,2017-07,Central Business District,1155,413,325,161,91,12,43,17,93,0
2017,8,2017-08,Central Business District,1258,385,430,134,92,14,63,16,124,0
2017,9,2017-09,Central Business District,1214,425,398,119,95,15,50,13,99,0
2017,10,2017-10,Central Business District,1104,367,402,130,74,4,64,10,53,0
2017,11,2017-11,Central Business District,1153,402,412,155,84,11,52,9,28,0
2017,12,2017-12,Central Business District,1130,415,368,163,89,16,54,7,18,0
2018,1,2018-01,Central Business District,1213,409,460,170,84,14,52,8,16,0
2018,2,2018-02,Central Business District,1040,329,381,151,76,13,52,14,24,0
2018,3,2018-03,Central Business District,1085,381,394,143,86,8,36,11,26,0
2018,4,2018-04,Central Business District,1179,399,454,140,85,12,42,16,31,0
2018,5,2018-05,Central Business District,1091,374,364,142,67,9,33,21,81,0
2018,6,2018-06,Central Business District,1188,405,414,152,84,5,44,15,69,0
2018,7,2018-07,Central Business District,1146,359,391,126,87,9,34,18,122,0
2018,8,2018-08,Central Business District,1262,428,440,152,85,8,40,14,95,0
2018,9,2018-09,Central Business District,1264,372,462,157,101,10,60,21,81,0
2018,10,2018-10,Central Business District,1162,364,451,173,69,10,44,4,47,0
2018,11,2018-11,Central Business District,1227,343,521,163,91,12,64,9,24,0
2018,12,2018-12,Central Business District,1230,327,565,139,103,14,48,12,22,0
2019,1,2019-01,Central Business District,1268,359,575,160,81,14,45,9,25,0
2019,2,2019-02,Central Business District,1052,349,443,125,71,10,30,7,17,0
2019,3,2019-03,Central Business District,1230,403,482,154,94,13,49,5,30,0
2019,4,2019-04,Central Business District,1189,392,486,131,81,11,45,9,34,0
2019,5,2019-05,Central Business District,1333,406,519,162,114,9,56,21,46,0
2019,6,2019-06,Central Business District,1206,380,432,143,105,9,49,19,69,0
2019,7,2019-07,Central Business District,1445,415,549,161,136,15,77,19,73,0
2019,8,2019-08,Central Business District,1494,422,545,162,170,16,63,22,94,0
2019,9,2019-09,Central Business District,1386,351,599,142,120,13,57,21,83,0
2019,10,2019-10,Central Business District,1424,414,611,155,104,12,73,16,39,0
2019,11,2019-11,Central Business District,1395,409,585,167,97,15,64,12,46,0
2019,12,2019-12,Central Business District,1338,393,536,204,93,12,61,21,18,0
2020,1,2020-01,Central Business District,1368,413,524,208,113,13,74,10,13,0
2020,2,2020-02,Central Business District,1316,398,525,188,87,17,69,5,27,0
2020,3,2020-03,Central Business District,1080,267,364,179,123,16,94,9,28,0
2020,4,2020-04,Central Business District,765,127,190,186,98,13,119,5,27,0
2020,5,2020-05,Central Business District,520,95,101,134,89,5,77,1,18,0
2020,6,2020-06,Central Business District,586,125,123,135,107,8,55,4,29,0
2020,7,2020-07,Central Business District,704,153,171,156,122,11,47,5,39,0
2020,8,2020-08,Central Business District,826,225,224,130,122,15,47,6,57,0
2020,9,2020-09,Central Business District,783,195,191,145,122,12,55,11,52,0
2020,10,2020-10,Central Business District,902,239,219,191,103,14,82,15,39,0
2020,11,2020-11,Central Business District,694,180,177,137,99,11,55,5,30,0
2020,12,2020-12,Central Business District,688,183,173,145,90,9,66,7,15,0
2021,1,2021-01,Central Business District,805,244,189,160,110,5,77,8,12,0
2021,2,2021-02,Central Business District,647,198,133,151,79,13,43,4,26,0
2021,3,2021-03,Central Business District,619,146,134,147,107,11,60,3,11,0
2021,4,2021-04,Central Business District,639,156,115,154,118,11,56,6,23,0
2021,5,2021-05,Central Business District,629,181,109,149,94,10,48,10,28,0
2021,6,2021-06,Central Business District,647,191,125,139,87,13,50,9,33,0
2021,7,2021-07,Central Business District,794,248,170,137,128,11,55,10,35,0
2021,8,2021-08,Central Business District,892,248,207,189,140,6,46,12,44,0
2021,9,2021-09,Central Business District,819,238,196,178,112,11,43,14,27,0
2021,10,2021-10,Central Business District,825,268,164,163,119,10,67,12,22,0
2021,11,2021-11,Central Business District,885,364,202,142,102,7,47,10,11,0
2021,12,2021-12,Central Business District,792,263,206,136,90,9,61,7,20,0
2022,1,2022-01,Central Business District,831,243,188,184,117,9,70,5,15,0
2022,2,2022-02,Central Business District,771,227,193,161,94,12,61,8,15,0
2022,3,2022-03,Central Business District,888,292,228,177,96,5,62,11,17,0
2022,4,2022-04,Central Business District,867,316,204,147,120,8,45,6,21,0
2022,5,2022-05,Central Business District,875,270,205,194,114,4,39,5,44,0
2022,6,2022-06,Central Business District,835,257,207,158,122,11,40,6,34,0
2022,7,2022-07,Central Business District,946,311,174,196,162,12,33,4,54,0
2022,8,2022-08,Central Business District,989,301,194,218,129,8,62,11,66,0
2022,9,2022-09,Central Business District,961,308,202,193,138,9,51,7,53,0
2022,10,2022-10,Central Business District,950,308,205,214,119,11,45,7,41,0
2022,11,2022-11,Central Business District,736,244,137,166,108,6,44,8,23,0
2022,12,2022-12,Central Business District,849,282,178,177,112,10,62,8,20,0
2023,1,2023-01,Central Business District,853,261,192,222,105,8,43,7,15,0
2023,2,2023-02,Central Business District,896,352,173,215,89,6,43,6,12,0
2023,3,2023-03,Central Business District,1075,353,232,282,107,16,58,13,14,0
2023,4,2023-04,Central Business District,895,312,141,232,134,14,40,8,14,0
2023,5,2023-05,Central Business District,1006,384,203,218,121,11,42,5,22,0
2023,6,2023-06,Central Business District,1092,417,208,226,135,20,55,7,24,0
2023,7,2023-07,Central Business District,1127,384,257,238,144,8,49,11,36,0
2023,8,2023-08,Central Business District,1197,353,326,277,142,6,48,14,31,0
2023,9,2023-09,Central Business District,1049,389,229,224,132,12,36,6,21,0
2023,10,2023-10,Central Business District,1006,323,217,237,133,9,44,16,27,0
2023,11,2023-11,Central Business District,831,333,164,182,91,12,32,5,12,0
2023,12,2023-12,Central Business District,1040,432,200,216,131,4,34,9,14,0
2024,1,2024-01,Central Business District,771,285,172,162,100,11,29,4,8,0
2024,2,2024-02,Central Business District,906,350,182,182,119,11,37,6,19,0
2024,3,2024-03,Central Business District,937,378,177,196,119,10,40,4,13,0
2024,4,2024-04,Central Business District,874,322,172,184,121,10,27,7,31,0
2024,5,2024-05,Central Business District,1000,446,181,198,108,10,25,13,19,0
2024,6,2024-06,Central Business District,937,373,194,175,136,15,17,4,23,0
2024,7,2024-07,Central Business District,1102,445,212,200,151,10,37,9,38,0
2024,8,2024-08,Central Business District,1138,516,219,195,124,10,34,9,31,0
2024,9,2024-09,Central Business District,991,476,174,180,95,7,26,6,27,0
2024,10,2024-10,Central Business District,1111,629,140,151,116,10,32,9,24,0
2024,11,2024-11,Central Business District,935,455,157,160,99,4,45,3,12,0
2024,12,2024-12,Central Business District,1022,425,207,204,133,7,25,6,15,0
2025,1,2025-01,Central Business District,836,386,156,166,80,10,17,3,18,0
2025,2,2025-02,Central Business District,852,403,160,150,81,13,30,5,10,0
2025,3,2025-03,Central Business District,845,392,140,187,69,10,33,5,9,0
2025,4,2025-04,Central Business District,866,348,176,193,81,12,29,5,22,0
2025,5,2025-05,Central Business District,888,423,166,148,93,7,22,8,21,0
2025,6,2025-06,Central Business District,849,381,168,150,101,6,17,3,23,0
2025,7,2025-07,Central Business District,856,412,141,154,87,10,26,6,20,0
2025,8,2025-08,Central Business District,972,453,165,167,109,9,36,9,24,0
2025,9,2025-09,Central Business District,880,385,183,163,71,8,45,9,16,0
2025,10,2025-10,Central Business District,876,432,152,153,80,13,23,6,17,0
2025,11,2025-11,Central Business District,817,383,142,157,93,10,21,1,10,0
2025,12,2025-12,Central Business District,822,404,141,144,84,10,24,6,9,0
2026,1,2026-01,Central Business District,905,451,165,168,77,10,25,2,7,0
2026,2,2026-02,Central Business District,919,473,149,158,86,9,23,4,17,0
2026,3,2026-03,Central Business District,819,351,165,182,76,9,27,4,5,0
2026,4,2026-04,Central Business District,860,401,172,160,87,9,23,1,7,0
2026,5,2026-05,Central Business District,888,411,179,174,79,3,25,4,13,0
2026,6,2026-06,Central Business District,725,328,112,150,86,9,23,5,12,0
2026,7,2026-07,Central Business District,812,370,147,162,80,10,23,2,18,0
2026,8,2026-08,Central Business District,874,431,134,175,72,6,34,2,20,0
2026,9,2026-09,Central Business District,577,287,107,94,37,11,18,6,17,1
2003,1,2003-01,Dunbar-Southlands,73,11,22,8,1,20,2,8,1,0
2003,2,2003-02,Dunbar-Southlands,76,6,30,9,1,20,1,9,0,0
2003,3,2003-03,Dunbar-Southlands,69,4,15,13,1,12,12,10,2,0
2003,4,2003-04,Dunbar-Southlands,104,9,29,26,2,23,2,10,3,0
2003,5,2003-05,Dunbar-Southlands,60,4,29,4,1,11,3,7,1,0
2003,6,2003-06,Dunbar-Southlands,76,3,26,16,0,8,9,13,1,0
2003,7,2003-07,Dunbar-Southlands,61,5,25,8,2,15,1,4,1,0
2003,8,2003-08,Dunbar-Southlands,55,10,14,4,0,9,7,8,3,0
2003,9,2003-09,Dunbar-Southlands,81,8,29,10,0,20,1,12,1,0
2003,10,2003-10,Dunbar-Southlands,74,7,18,14,5,12,2,9,7,0
2003,11,2003-11,Dunbar-Southlands,57,3,9,10,4,14,5,11,1,0
2003,12,2003-12,Dunbar-Southlands,45,7,8,4,1,9,2,14,0,0
2004,1,2004-01,Dunbar-Southlands,56,6,14,10,0,12,3,11,0,0
2004,2,2004-02,Dunbar-Southlands,68,8,21,10,4,10,3,10,2,0
2004,3,2004-03,Dunbar-Southlands,81,1,35,6,5,20,3,11,0,0
2004,4,2004-04,Dunbar-Southlands,83,1,22,13,4,30,4,7,2,0
2004,5,2004-05,Dunbar-Southlands,100,12,29,33,4,13,0,8,1,0
2004,6,2004-06,Dunbar-Southlands,75,6,35,12,2,12,1,7,0,0
2004,7,2004-07,Dunbar-Southlands,58,6,22,8,2,11,0,5,4,0
2004,8,2004-08,Dunbar-Southlands,78,9,29,9,1,21,3,3,3,0
2004,9,2004-09,Dunbar-Southlands,128,8,70,13,1,16,3,12,5,0
2004,10,2004-10,Dunbar-Southlands,103,11,46,20,2,11,1,12,0,0
2004,11,2004-11,Dunbar-Southlands,148,8,78,27,1,20,4,10,0,0
2004,12,2004-12,Dunbar-Southlands,55,6,18,11,0,13,2,4,1,0
2005,1,2005-01,Dunbar-Southlands,59,8,19,8,5,9,2,8,0,0
2005,2,2005-02,Dunbar-Southlands,69,6,31,6,2,7,2,15,0,0
2005,3,2005-03,Dunbar-Southlands,79,7,20,14,5,15,1,15,2,0
2005,4,2005-04,Dunbar-Southlands,98,6,47,20,1,11,2,11,0,0
2005,5,2005-05,Dunbar-Southlands,66,6,24,10,0,13,1,10,2,0
2005,6,2005-06,Dunbar-Southlands,78,4,25,12,1,20,2,12,2,0
2005,7,2005-07,Dunbar-Southlands,59,5,13,13,3,12,1,11,1,0
2005,8,2005-08,Dunbar-Southlands,56,2,24,9,0,12,2,5,2,0
2005,9,2005-09,Dunbar-Southlands,64,6,21,3,4,17,5,7,1,0
2005,10,2005-10,Dunbar-Southlands,66,6,12,18,5,15,2,8,0,0
2005,11,2005-11,Dunbar-Southlands,54,4,23,16,0,5,2,4,0,0
2005,12,2005-12,Dunbar-Southlands,24,2,9,3,1,4,0,5,0,0
2006,1,2006-01,Dunbar-Southlands,68,9,20,8,4,17,2,5,3,0
2006,2,2006-02,Dunbar-Southlands,60,5,23,11,0,13,3,5,0,0
2006,3,2006-03,Dunbar-Southlands,74,8,22,14,4,19,1,4,2,0
2006,4,2006-04,Dunbar-Southlands,41,4,8,7,1,13,4,1,3,0
2006,5,2006-05,Dunbar-Southlands,47,6,12,8,3,10,3,4,1,0
2006,6,2006-06,Dunbar-Southlands,55,5,16,10,1,17,2,3,1,0
2006,7,2006-07,Dunbar-Southlands,38,5,9,8,2,6,2,3,3,0
2006,8,2006-08,Dunbar-Southlands,45,3,16,8,4,9,2,1,2,0
2006,9,2006-09,Dunbar-Southlands,58,5,15,12,2,12,3,8,1,0
2006,10,2006-10,Dunbar-Southlands,42,4,3,6,1,19,1,7,1,0
2006,11,2006-11,Dunbar-Southlands,34,4,6,7,1,14,1,1,0,0
2006,12,2006-12,Dunbar-Southlands,38,4,4,7,1,13,6,2,1,0
2007,1,2007-01,Dunbar-Southlands,59,7,13,4,2,24,4,3,2,0
2007,2,2007-02,Dunbar-Southlands,43,4,9,6,2,15,2,5,0,0
2007,3,2007-03,Dunbar-Southlands,39,3,8,3,2,19,2,1,1,0
2007,4,2007-04,Dunbar-Southlands,48,8,16,5,0,11,5,2,1,0
2007,5,2007-05,Dunbar-Southlands,38,7,8,10,4,5,2,1,1,0
2007,6,2007-06,Dunbar-Southlands,29,2,9,2,3,6,2,4,1,0
2007,7,2007-07,Dunbar-Southlands,30,3,8,9,3,4,1,1,1,0
2007,8,2007-08,Dunbar-Southlands,43,5,12,6,2,11,1,2,4,0
2007,9,2007-09,Dunbar-Southlands,58,10,9,12,3,17,1,6,0,0
2007,10,2007-10,Dunbar-Southlands,51,5,24,7,2,8,0,2,3,0
2007,11,2007-11,Dunbar-Southlands,38,8,12,3,1,7,1,4,2,0
2007,12,2007-12,Dunbar-Southlands,21,5,2,5,0,3,3,2,1,0
2008,1,2008-01,Dunbar-Southlands,31,4,5,4,0,12,2,4,0,0
2008,2,2008-02,Dunbar-Southlands,29,2,5,11,0,5,3,2,1,0
2008,3,2008-03,Dunbar-Southlands,42,4,11,11,6,3,4,3,0,0
2008,4,2008-04,Dunbar-Southlands,46,3,15,9,4,10,3,1,1,0
2008,5,2008-05,Dunbar-Southlands,31,3,9,4,1,10,1,1,2,0
2008,6,2008-06,Dunbar-Southlands,51,11,7,7,2,18,0,1,5,0
2008,7,2008-07,Dunbar-Southlands,44,2,5,13,7,5,7,4,1,0
2008,8,2008-08,Dunbar-Southlands,26,3,3,6,2,5,0,5,2,0
2008,9,2008-09,Dunbar-Southlands,20,1,2,4,1,9,1,2,0,0
2008,10,2008-10,Dunbar-Southlands,49,6,13,16,0,8,1,1,4,0
2008,11,2008-11,Dunbar-Southlands,30,2,7,10,1,5,0,5,0,0
2008,12,2008-12,Dunbar-Southlands,16,2,4,1,0,7,1,0,1,0
2009,1,2009-01,Dunbar-Southlands,26,1,16,4,0,3,1,1,0,0
2009,2,2009-02,Dunbar-Southlands,43,5,14,7,2,7,0,6,2,0
2009,3,2009-03,Dunbar-Southlands,17,1,5,6,1,3,0,1,0,0
2009,4,2009-04,Dunbar-Southlands,36,4,15,8,1,4,0,4,0,0
2009,5,2009-05,Dunbar-Southlands,42,8,11,5,3,10,2,1,2,0
2009,6,2009-06,Dunbar-Southlands,46,11,11,8,1,7,1,3,4,0
2009,7,2009-07,Dunbar-Southlands,36,5,10,7,1,4,3,4,2,0
2009,8,2009-08,Dunbar-Southlands,55,5,10,6,4,20,1,4,5,0
2009,9,2009-09,Dunbar-Southlands,46,4,14,7,2,12,3,1,3,0
2009,10,2009-10,Dunbar-Southlands,30,4,7,5,3,8,1,1,1,0
2009,11,2009-11,Dunbar-Southlands,38,3,6,3,4,17,2,3,0,0
2009,12,2009-12,Dunbar-Southlands,28,1,8,6,0,9,0,4,0,0
2010,1,2010-01,Dunbar-Southlands,39,4,9,10,0,10,2,3,1,0
2010,2,2010-02,Dunbar-Southlands,23,2,4,2,1,9,1,4,0,0
2010,3,2010-03,Dunbar-Southlands,28,4,7,5,1,7,1,1,2,0
2010,4,2010-04,Dunbar-Southlands,45,9,17,7,3,5,1,2,1,0
2010,5,2010-05,Dunbar-Southlands,48,12,15,5,3,5,0,6,2,0
2010,6,2010-06,Dunbar-Southlands,61,7,28,8,1,10,1,4,2,0
2010,7,2010-07,Dunbar-Southlands,39,4,13,9,4,5,1,2,1,0
2010,8,2010-08,Dunbar-Southlands,17,1,5,4,0,4,0,1,2,0
2010,9,2010-09,Dunbar-Southlands,32,7,14,2,0,4,0,3,2,0
2010,10,2010-10,Dunbar-Southlands,41,1,12,7,2,15,1,0,3,0
2010,11,2010-11,Dunbar-Southlands,43,4,29,1,1,5,0,2,1,0
2010,12,2010-12,Dunbar-Southlands,40,3,22,5,1,5,4,0,0,0
2011,1,2011-01,Dunbar-Southlands,46,7,17,11,1,8,1,1,0,0
2011,2,2011-02,Dunbar-Southlands,19,2,8,3,0,5,0,1,0,0
2011,3,2011-03,Dunbar-Southlands,37,5,10,6,0,13,0,2,1,0
2011,4,2011-04,Dunbar-Southlands,46,16,16,5,0,9,0,0,0,0
2011,5,2011-05,Dunbar-Southlands,40,5,15,4,1,9,1,3,2,0
2011,6,2011-06,Dunbar-Southlands,39,3,13,8,0,8,2,3,2,0
2011,7,2011-07,Dunbar-Southlands,45,5,23,5,0,7,1,1,3,0
2011,8,2011-08,Dunbar-Southlands,57,3,33,9,0,7,3,1,1,0
2011,9,2011-09,Dunbar-Southlands,54,3,31,6,3,8,1,1,1,0
2011,10,2011-10,Dunbar-Southlands,48,3,27,5,1,9,1,1,1,0
2011,11,2011-11,Dunbar-Southlands,61,5,32,5,3,12,0,2,2,0
2011,12,2011-12,Dunbar-Southlands,49,2,29,9,0,4,2,2,1,0
2012,1,2012-01,Dunbar-Southlands,32,5,9,6,2,5,2,2,1,0
2012,2,2012-02,Dunbar-Southlands,50,2,30,3,1,12,2,0,0,0
2012,3,2012-03,Dunbar-Southlands,70,3,37,8,1,15,1,4,1,0
2012,4,2012-04,Dunbar-Southlands,60,4,36,8,1,6,2,3,0,0
2012,5,2012-05,Dunbar-Southlands,46,6,18,11,2,4,1,2,2,0
2012,6,2012-06,Dunbar-Southlands,59,18,17,5,2,11,2,3,1,0
2012,7,2012-07,Dunbar-Southlands,34,3,12,10,0,7,0,1,1,0
2012,8,2012-08,Dunbar-Southlands,60,7,20,9,2,16,0,5,1,0
2012,9,2012-09,Dunbar-Southlands,46,5,14,6,2,10,3,1,5,0
2012,10,2012-10,Dunbar-Southlands,54,3,23,7,3,14,2,2,0,0
2012,11,2012-11,Dunbar-Southlands,39,4,15,9,0,8,1,2,0,0
2012,12,2012-12,Dunbar-Southlands,49,6,13,3,3,19,1,0,4,0
2013,1,2013-01,Dunbar-Southlands,50,9,10,13,3,7,2,4,2,0
2013,2,2013-02,Dunbar-Southlands,28,5,9,6,0,5,2,0,1,0
2013,3,2013-03,Dunbar-Southlands,28,3,10,3,2,6,1,2,1,0
2013,4,2013-04,Dunbar-Southlands,39,2,18,8,1,7,2,1,0,0
2013,5,2013-05,Dunbar-Southlands,34,1,11,8,2,9,2,0,1,0
2013,6,2013-06,Dunbar-Southlands,31,2,12,9,1,3,1,2,1,0
2013,7,2013-07,Dunbar-Southlands,44,11,13,4,1,9,0,0,6,0
2013,8,2013-08,Dunbar-Southlands,28,5,3,5,4,10,0,0,1,0
2013,9,2013-09,Dunbar-Southlands,38,4,23,5,1,4,0,1,0,0
2013,10,2013-10,Dunbar-Southlands,41,7,15,6,0,12,0,0,1,0
2013,11,2013-11,Dunbar-Southlands,46,7,14,5,0,12,4,3,1,0
2013,12,2013-12,Dunbar-Southlands,31,6,13,2,1,5,3,0,1,0
2014,1,2014-01,Dunbar-Southlands,25,0,12,1,1,8,2,0,1,0
2014,2,2014-02,Dunbar-Southlands,36,2,11,8,1,11,1,1,1,0
2014,3,2014-03,Dunbar-Southlands,35,5,7,6,1,10,1,3,2,0
2014,4,2014-04,Dunbar-Southlands,49,5,15,10,0,11,2,2,4,0
2014,5,2014-05,Dunbar-Southlands,40,6,17,7,1,9,0,0,0,0
2014,6,2014-06,Dunbar-Southlands,50,4,15,6,0,17,1,4,3,0
2014,7,2014-07,Dunbar-Southlands,67,5,27,10,3,15,2,2,3,0
2014,8,2014-08,Dunbar-Southlands,50,7,23,6,0,9,1,1,3,0
2014,9,2014-09,Dunbar-Southlands,36,6,8,1,1,11,2,4,3,0
2014,10,2014-10,Dunbar-Southlands,48,9,10,6,2,16,1,4,0,0
2014,11,2014-11,Dunbar-Southlands,37,7,5,7,1,11,2,2,2,0
2014,12,2014-12,Dunbar-Southlands,43,3,17,8,1,11,0,2,1,0
2015,1,2015-01,Dunbar-Southlands,48,2,25,4,3,8,2,4,0,0
2015,2,2015-02,Dunbar-Southlands,34,5,13,4,2,9,1,0,0,0
2015,3,2015-03,Dunbar-Southlands,33,4,6,1,2,14,2,4,0,0
2015,4,2015-04,Dunbar-Southlands,50,4,15,14,1,8,2,6,0,0
2015,5,2015-05,Dunbar-Southlands,45,15,7,8,2,6,2,4,1,0
2015,6,2015-06,Dunbar-Southlands,42,4,20,4,3,6,1,1,3,0
2015,7,2015-07,Dunbar-Southlands,63,6,30,4,1,18,0,2,2,0
2015,8,2015-08,Dunbar-Southlands,51,6,19,5,4,14,1,0,2,0
2015,9,2015-09,Dunbar-Southlands,39,7,13,1,1,14,1,0,2,0
2015,10,2015-10,Dunbar-Southlands,53,4,19,11,0,16,0,2,1,0
2015,11,2015-11,Dunbar-Southlands,75,6,26,3,3,30,0,7,0,0
2015,12,2015-12,Dunbar-Southlands,64,7,27,5,1,20,1,2,1,0
2016,1,2016-01,Dunbar-Southlands,40,5,16,1,2,13,1,0,2,0
2016,2,2016-02,Dunbar-Southlands,45,5,19,5,0,13,1,1,1,0
2016,3,2016-03,Dunbar-Southlands,33,4,17,1,0,7,2,1,1,0
2016,4,2016-04,Dunbar-Southlands,37,5,15,8,2,4,2,1,0,0
2016,5,2016-05,Dunbar-Southlands,46,3,26,7,1,7,2,0,0,0
2016,6,2016-06,Dunbar-Southlands,38,6,14,5,1,7,2,2,1,0
2016,7,2016-07,Dunbar-Southlands,42,6,18,5,0,9,2,2,0,0
2016,8,2016-08,Dunbar-Southlands,28,4,14,2,0,5,0,0,3,0
2016,9,2016-09,Dunbar-Southlands,37,6,17,8,2,2,1,0,1,0
2016,10,2016-10,Dunbar-Southlands,29,7,9,3,2,7,0,0,1,0
2016,11,2016-11,Dunbar-Southlands,37,3,16,3,0,11,2,1,1,0
2016,12,2016-12,Dunbar-Southlands,27,4,6,5,0,9,0,2,1,0
2017,1,2017-01,Dunbar-Southlands,41,5,15,7,3,8,2,1,0,0
2017,2,2017-02,Dunbar-Southlands,27,2,9,4,3,7,1,1,0,0
2017,3,2017-03,Dunbar-Southlands,37,7,7,3,1,14,1,1,3,0
2017,4,2017-04,Dunbar-Southlands,46,7,11,10,0,12,2,4,0,0
2017,5,2017-05,Dunbar-Southlands,35,1,11,12,1,8,0,0,2,0
2017,6,2017-06,Dunbar-Southlands,41,9,5,15,2,3,0,4,3,0
2017,7,2017-07,Dunbar-Southlands,44,3,16,9,2,8,1,2,3,0
2017,8,2017-08,Dunbar-Southlands,45,4,19,6,2,9,2,1,2,0
2017,9,2017-09,Dunbar-Southlands,32,6,10,3,0,12,0,0,1,0
2017,10,2017-10,Dunbar-Southlands,56,8,20,9,1,10,1,2,5,0
2017,11,2017-11,Dunbar-Southlands,51,8,26,6,0,8,0,1,2,0
2017,12,2017-12,Dunbar-Southlands,40,5,18,7,0,8,0,2,0,0
2018,1,2018-01,Dunbar-Southlands,43,6,18,3,1,13,0,1,1,0
2018,2,2018-02,Dunbar-Southlands,40,9,16,6,0,5,2,1,1,0
2018,3,2018-03,Dunbar-Southlands,39,3,18,10,1,5,1,1,0,0
2018,4,2018-04,Dunbar-Southlands,43,6,19,6,1,10,1,0,0,0
2018,5,2018-05,Dunbar-Southlands,31,4,8,9,0,9,0,1,0,0
2018,6,2018-06,Dunbar-Southlands,52,2,15,12,4,11,2,3,3,0
2018,7,2018-07,Dunbar-Southlands,45,5,12,11,3,10,1,2,1,0
2018,8,2018-08,Dunbar-Southlands,49,6,27,5,2,7,0,0,2,0
2018,9,2018-09,Dunbar-Southlands,35,5,14,3,1,9,0,0,3,0
2018,10,2018-10,Dunbar-Southlands,33,4,12,9,1,5,0,0,2,0
2018,11,2018-11,Dunbar-Southlands,43,3,22,1,2,12,1,0,2,0
2018,12,2018-12,Dunbar-Southlands,42,6,18,6,1,10,0,0,1,0
2019,1,2019-01,Dunbar-Southlands,27,6,11,4,2,2,1,0,1,0
2019,2,2019-02,Dunbar-Southlands,28,7,12,2,3,4,0,0,0,0
2019,3,2019-03,Dunbar-Southlands,36,9,17,7,0,1,0,1,1,0
2019,4,2019-04,Dunbar-Southlands,28,9,5,9,1,4,0,0,0,0
2019,5,2019-05,Dunbar-Southlands,27,1,8,5,2,8,1,1,1,0
2019,6,2019-06,Dunbar-Southlands,29,4,11,4,1,5,0,2,2,0
2019,7,2019-07,Dunbar-Southlands,45,8,17,7,1,4,4,2,2,0
2019,8,2019-08,Dunbar-Southlands,59,8,26,3,3,8,2,4,5,0
2019,9,2019-09,Dunbar-Southlands,45,7,22,4,2,7,1,0,2,0
2019,10,2019-10,Dunbar-Southlands,44,7,20,1,1,5,1,1,8,0
2019,11,2019-11,Dunbar-Southlands,43,7,10,10,0,11,1,0,4,0
2019,12,2019-12,Dunbar-Southlands,51,9,17,8,0,13,4,0,0,0
2020,1,2020-01,Dunbar-Southlands,51,7,11,11,1,18,0,2,1,0
2020,2,2020-02,Dunbar-Southlands,34,7,16,5,1,4,0,1,0,0
2020,3,2020-03,Dunbar-Southlands,37,8,17,4,0,6,0,1,1,0
2020,4,2020-04,Dunbar-Southlands,55,7,21,7,5,6,0,1,8,0
2020,5,2020-05,Dunbar-Southlands,34,5,9,7,3,8,1,0,1,0
2020,6,2020-06,Dunbar-Southlands,48,10,13,8,2,7,0,3,5,0
2020,7,2020-07,Dunbar-Southlands,55,19,18,3,2,5,0,0,8,0
2020,8,2020-08,Dunbar-Southlands,50,8,18,8,1,6,3,2,4,0
2020,9,2020-09,Dunbar-Southlands,40,5,13,4,2,9,1,2,4,0
2020,10,2020-10,Dunbar-Southlands,41,9,14,3,0,8,1,0,6,0
2020,11,2020-11,Dunbar-Southlands,28,1,13,4,2,5,2,0,1,0
2020,12,2020-12,Dunbar-Southlands,28,8,5,4,2,8,1,0,0,0
2021,1,2021-01,Dunbar-Southlands,48,15,13,13,4,2,1,0,0,0
2021,2,2021-02,Dunbar-Southlands,28,4,6,8,4,3,3,0,0,0
2021,3,2021-03,Dunbar-Southlands,21,5,2,8,1,4,0,1,0,0
2021,4,2021-04,Dunbar-Southlands,14,5,1,2,1,4,1,0,0,0
2021,5,2021-05,Dunbar-Southlands,25,5,10,5,1,3,0,0,1,0
2021,6,2021-06,Dunbar-Southlands,24,4,10,2,2,5,0,0,1,0
2021,7,2021-07,Dunbar-Southlands,32,3,10,8,2,7,0,0,2,0
2021,8,2021-08,Dunbar-Southlands,29,2,15,3,0,8,0,1,0,0
2021,9,2021-09,Dunbar-Southlands,25,5,8,2,2,5,1,2,0,0
2021,10,2021-10,Dunbar-Southlands,35,4,8,13,3,2,1,3,1,0
2021,11,2021-11,Dunbar-Southlands,20,2,6,6,2,3,0,0,1,0
2021,12,2021-12,Dunbar-Southlands,11,4,1,4,1,0,0,1,0,0
2022,1,2022-01,Dunbar-Southlands,21,2,8,7,1,0,3,0,0,0
2022,2,2022-02,Dunbar-Southlands,19,3,6,8,0,1,1,0,0,0
2022,3,2022-03,Dunbar-Southlands,17,7,2,2,0,2,2,1,1,0
2022,4,2022-04,Dunbar-Southlands,27,6,5,4,1,6,1,0,4,0
2022,5,2022-05,Dunbar-Southlands,31,8,5,1,1,5,3,4,4,0
2022,6,2022-06,Dunbar-Southlands,17,6,6,2,1,1,0,1,0,0
2022,7,2022-07,Dunbar-Southlands,37,12,14,6,3,1,0,0,1,0
2022,8,2022-08,Dunbar-Southlands,29,7,10,3,0,4,2,2,1,0
2022,9,2022-09,Dunbar-Southlands,27,4,16,2,1,0,0,4,0,0
2022,10,2022-10,Dunbar-Southlands,26,6,7,4,6,2,0,1,0,0
2022,11,2022-11,Dunbar-Southlands,29,12,9,1,0,5,0,0,2,0
2022,12,2022-12,Dunbar-Southlands,27,6,5,3,3,4,6,0,0,0
2023,1,2023-01,Dunbar-Southlands,28,7,5,5,6,3,2,0,0,0
2023,2,2023-02,Dunbar-Southlands,28,10,3,6,4,4,0,1,0,0
2023,3,2023-03,Dunbar-Southlands,30,8,7,3,4,7,0,1,0,0
2023,4,2023-04,Dunbar-Southlands,29,14,4,3,2,3,0,3,0,0
2023,5,2023-05,Dunbar-Southlands,27,10,8,2,1,4,2,0,0,0
2023,6,2023-06,Dunbar-Southlands,43,12,13,2,4,12,0,0,0,0
2023,7,2023-07,Dunbar-Southlands,30,6,9,6,2,5,2,0,0,0
2023,8,2023-08,Dunbar-Southlands,45,9,17,3,3,9,0,1,3,0
2023,9,2023-09,Dunbar-Southlands,22,5,9,3,1,2,1,1,0,0
2023,10,2023-10,Dunbar-Southlands,35,14,13,2,0,6,0,0,0,0
2023,11,2023-11,Dunbar-Southlands,31,7,7,7,4,3,1,2,0,0
2023,12,2023-12,Dunbar-Southlands,12,6,3,1,0,2,0,0,0,0
2024,1,2024-01,Dunbar-Southlands,18,2,8,1,3,2,0,0,2,0
2024,2,2024-02,Dunbar-Southlands,23,7,7,4,1,3,0,0,1,0
2024,3,2024-03,Dunbar-Southlands,31,8,13,6,1,2,0,1,0,0
2024,4,2024-04,Dunbar-Southlands,27,6,14,3,0,2,0,1,1,0
2024,5,2024-05,Dunbar-Southlands,20,9,4,5,1,1,0,0,0,0
2024,6,2024-06,Dunbar-Southlands,21,5,9,3,2,0,1,0,1,0
2024,7,2024-07,Dunbar-Southlands,15,9,3,2,0,0,0,1,0,0
2024,8,2024-08,Dunbar-Southlands,21,4,1,6,1,7,0,1,1,0
2024,9,2024-09,Dunbar-Southlands,30,9,11,6,1,3,0,0,0,0
2024,10,2024-10,Dunbar-Southlands,20,12,6,1,0,1,0,0,0,0
2024,11,2024-11,Dunbar-Southlands,22,4,9,6,2,1,0,0,0,0
2024,12,2024-12,Dunbar-Southlands,13,1,0,9,0,2,1,0,0,0
2025,1,2025-01,Dunbar-Southlands,14,5,5,3,1,0,0,0,0,0
2025,2,2025-02,Dunbar-Southlands,9,2,3,1,1,2,0,0,0,0
2025,3,2025-03,Dunbar-Southlands,29,12,7,4,2,4,0,0,0,0
2025,4,2025-04,Dunbar-Southlands,17,4,4,2,3,2,0,0,2,0
2025,5,2025-05,Dunbar-Southlands,17,5,5,3,2,0,1,0,1,0
2025,6,2025-06,Dunbar-Southlands,31,5,13,5,5,3,0,0,0,0
2025,7,2025-07,Dunbar-Southlands,17,8,3,2,2,1,1,0,0,0
2025,8,2025-08,Dunbar-Southlands,24,5,9,4,3,2,0,1,0,0
2025,9,2025-09,Dunbar-Southlands,33,7,13,3,4,4,1,1,0,0
2025,10,2025-10,Dunbar-Southlands,19,6,4,4,2,2,0,1,0,0
2025,11,2025-11,Dunbar-Southlands,25,7,9,3,1,3,0,2,0,0
2025,12,2025-12,Dunbar-Southlands,15,7,6,1,1,0,0,0,0,0
2026,1,2026-01,Dunbar-Southlands,16,4,3,3,0,4,1,1,0,0
2026,2,2026-02,Dunbar-Southlands,19,7,8,1,1,1,1,0,0,0
2026,3,2026-03,Dunbar-Southlands,21,6,2,6,4,1,1,0,1,0
2026,4,2026-04,Dunbar-Southlands,17,5,5,1,1,1,3,0,1,0
2026,5,2026-05,Dunbar-Southlands,35,14,10,6,0,3,0,1,1,0
2026,6,2026-06,Dunbar-Southlands,21,7,8,3,2,1,0,0,0,0
2026,7,2026-07,Dunbar-Southlands,22,8,5,6,0,3,0,0,0,0
2026,8,2026-08,Dunbar-Southlands,28,6,11,3,2,3,1,1,1,0
2026,9,2026-09,Dunbar-Southlands,12,5,4,3,0,0,0,0,0,1
2003,1,2003-01,Fairview,313,67,80,30,9,54,19,44,10,0
2003,2,2003-02,Fairview,333,94,68,26,19,51,33,38,4,0
2003,3,2003-03,Fairview,343,77,96,41,12,30,31,44,12,0
2003,4,2003-04,Fairview,364,81,134,36,3,42,24,34,10,0
2003,5,2003-05,Fairview,394,86,149,30,6,52,23,29,19,0
2003,6,2003-06,Fairview,417,85,143,36,13,45,36,47,12,0
2003,7,2003-07,Fairview,363,84,116,41,9,36,28,30,19,0
2003,8,2003-08,Fairview,354,87,111,33,7,36,22,25,33,0
2003,9,2003-09,Fairview,352,81,96,33,10,56,24,28,24,0
2003,10,2003-10,Fairview,406,83,140,37,6,50,39,29,22,0
2003,11,2003-11,Fairview,358,82,108,19,8,71,28,32,10,0
2003,12,2003-12,Fairview,288,69,87,19,5,62,20,20,6,0
2004,1,2004-01,Fairview,284,70,81,19,8,53,18,32,3,0
2004,2,2004-02,Fairview,249,50,71,24,9,47,20,22,6,0
2004,3,2004-03,Fairview,302,78,92,12,14,25,38,23,20,0
2004,4,2004-04,Fairview,274,74,99,14,6,20,29,24,8,0
2004,5,2004-05,Fairview,245,63,78,21,7,23,17,23,13,0
2004,6,2004-06,Fairview,303,74,103,20,10,26,30,25,15,0
2004,7,2004-07,Fairview,352,84,128,36,10,31,17,26,20,0
2004,8,2004-08,Fairview,297,73,107,21,10,30,16,26,14,0
2004,9,2004-09,Fairview,403,79,154,27,10,41,38,38,16,0
2004,10,2004-10,Fairview,400,75,163,21,7,52,18,44,20,0
2004,11,2004-11,Fairview,330,60,121,24,12,35,32,23,23,0
2004,12,2004-12,Fairview,335,73,98,22,14,49,34,38,7,0
2005,1,2005-01,Fairview,335,72,129,21,6,49,20,26,12,0
2005,2,2005-02,Fairview,298,79,116,16,7,31,19,26,4,0
2005,3,2005-03,Fairview,314,86,109,15,4,42,18,30,10,0
2005,4,2005-04,Fairview,416,75,183,31,10,57,16,35,9,0
2005,5,2005-05,Fairview,369,74,141,24,11,54,23,25,17,0
2005,6,2005-06,Fairview,344,79,147,24,4,44,20,13,13,0
2005,7,2005-07,Fairview,273,73,93,19,9,23,19,16,21,0
2005,8,2005-08,Fairview,335,75,90,19,13,54,20,35,29,0
2005,9,2005-09,Fairview,309,76,91,25,10,39,30,20,18,0
2005,10,2005-10,Fairview,309,78,89,22,11,35,40,18,16,0
2005,11,2005-11,Fairview,252,74,68,27,11,20,28,17,7,0
2005,12,2005-12,Fairview,263,57,95,33,13,19,19,17,10,0
2006,1,2006-01,Fairview,314,83,123,16,17,10,33,22,10,0
2006,2,2006-02,Fairview,294,81,106,24,3,22,20,27,11,0
2006,3,2006-03,Fairview,329,70,167,23,5,21,13,17,13,0
2006,4,2006-04,Fairview,227,57,67,24,6,29,17,13,14,0
2006,5,2006-05,Fairview,237,52,80,13,7,40,18,18,9,0
2006,6,2006-06,Fairview,271,62,76,18,6,39,23,22,25,0
2006,7,2006-07,Fairview,268,69,63,24,8,33,18,13,40,0
2006,8,2006-08,Fairview,229,57,55,12,7,26,12,20,40,0
2006,9,2006-09,Fairview,238,54,72,22,14,17,14,16,29,0
2006,10,2006-10,Fairview,269,48,98,17,9,28,34,16,19,0
2006,11,2006-11,Fairview,258,63,88,19,8,35,17,14,14,0
2006,12,2006-12,Fairview,288,53,114,26,11,30,25,19,10,0
2007,1,2007-01,Fairview,334,67,139,29,8,44,18,24,5,0
2007,2,2007-02,Fairview,234,55,80,18,13,25,18,17,8,0
2007,3,2007-03,Fairview,190,67,42,21,7,19,16,8,10,0
2007,4,2007-04,Fairview,214,67,57,25,9,20,18,6,12,0
2007,5,2007-05,Fairview,213,48,74,13,10,22,6,19,21,0
2007,6,2007-06,Fairview,240,52,53,16,9,38,20,24,28,0
2007,7,2007-07,Fairview,256,65,58,19,12,25,19,30,28,0
2007,8,2007-08,Fairview,278,64,64,28,13,27,24,30,28,0
2007,9,2007-09,Fairview,293,75,94,14,12,37,22,24,15,0
2007,10,2007-10,Fairview,276,63,71,16,13,49,22,26,16,0
2007,11,2007-11,Fairview,206,40,55,12,10,41,24,17,7,0
2007,12,2007-12,Fairview,231,57,68,23,7,29,27,11,9,0
2008,1,2008-01,Fairview,223,62,56,14,17,49,10,7,8,0
2008,2,2008-02,Fairview,247,53,72,18,8,48,26,9,13,0
2008,3,2008-03,Fairview,269,69,100,15,8,25,23,15,14,0
2008,4,2008-04,Fairview,207,42,74,17,6,18,26,14,10,0
2008,5,2008-05,Fairview,191,57,38,13,7,22,20,16,18,0
2008,6,2008-06,Fairview,200,36,81,19,3,29,8,11,13,0
2008,7,2008-07,Fairview,195,51,48,13,12,28,13,13,17,0
2008,8,2008-08,Fairview,198,58,53,24,7,18,13,11,14,0
2008,9,2008-09,Fairview,211,74,56,19,8,30,7,6,11,0
2008,10,2008-10,Fairview,214,50,69,16,11,31,20,4,13,0
2008,11,2008-11,Fairview,196,49,79,22,8,22,5,5,6,0
2008,12,2008-12,Fairview,208,53,67,21,9,33,14,10,1,0
2009,1,2009-01,Fairview,214,39,67,21,4,48,15,14,6,0
2009,2,2009-02,Fairview,254,58,75,17,9,49,29,7,10,0
2009,3,2009-03,Fairview,210,51,82,18,9,25,18,5,2,0
2009,4,2009-04,Fairview,195,69,42,14,8,22,9,8,23,0
2009,5,2009-05,Fairview,199,54,48,16,6,12,25,3,35,0
2009,6,2009-06,Fairview,209,60,83,8,9,5,13,8,23,0
2009,7,2009-07,Fairview,193,59,48,15,9,4,11,5,42,0
2009,8,2009-08,Fairview,259,63,72,13,17,12,19,8,55,0
2009,9,2009-09,Fairview,218,60,72,21,10,14,12,3,26,0
2009,10,2009-10,Fairview,205,52,75,16,7,13,22,1,19,0
2009,11,2009-11,Fairview,224,57,87,22,12,14,15,6,11,0
2009,12,2009-12,Fairview,154,42,50,11,7,8,22,6,8,0
2010,1,2010-01,Fairview,133,48,46,13,6,4,6,7,3,0
2010,2,2010-02,Fairview,194,55,70,21,14,11,12,2,9,0
2010,3,2010-03,Fairview,172,50,52,18,9,14,16,3,10,0
2010,4,2010-04,Fairview,200,57,61,23,10,16,12,5,16,0
2010,5,2010-05,Fairview,222,54,77,12,13,19,15,6,26,0
2010,6,2010-06,Fairview,164,50,36,13,7,8,17,4,29,0
2010,7,2010-07,Fairview,199,58,42,15,11,7,17,6,43,0
2010,8,2010-08,Fairview,210,43,54,16,10,8,25,7,47,0
2010,9,2010-09,Fairview,159,42,37,11,5,9,17,3,35,0
2010,10,2010-10,Fairview,175,45,64,14,6,11,18,4,13,0
2010,11,2010-11,Fairview,169,50,72,22,2,4,3,4,12,0
2010,12,2010-12,Fairview,155,44,44,10,8,9,23,10,7,0
2011,1,2011-01,Fairview,163,61,41,14,9,9,14,9,6,0
2011,2,2011-02,Fairview,170,53,56,18,12,8,14,0,9,0
2011,3,2011-03,Fairview,169,55,46,15,10,11,17,6,9,0
2011,4,2011-04,Fairview,141,41,38,15,3,15,12,5,12,0
2011,5,2011-05,Fairview,174,66,44,18,10,11,6,4,15,0
2011,6,2011-06,Fairview,163,54,45,18,13,4,11,3,15,0
2011,7,2011-07,Fairview,205,58,50,17,9,6,20,5,40,0
2011,8,2011-08,Fairview,182,52,40,19,2,8,20,2,39,0
2011,9,2011-09,Fairview,155,44,39,15,2,20,15,1,19,0
2011,10,2011-10,Fairview,148,51,39,13,7,6,15,3,14,0
2011,11,2011-11,Fairview,105,37,29,11,7,3,7,3,8,0
2011,12,2011-12,Fairview,135,45,40,11,4,9,12,5,9,0
2012,1,2012-01,Fairview,190,58,62,17,8,8,19,2,16,0
2012,2,2012-02,Fairview,140,49,34,12,6,6,9,4,20,0
2012,3,2012-03,Fairview,182,59,58,12,7,4,21,5,16,0
2012,4,2012-04,Fairview,184,60,43,20,7,9,21,4,20,0
2012,5,2012-05,Fairview,168,38,57,14,10,7,19,0,23,0
2012,6,2012-06,Fairview,167,57,30,15,8,14,18,7,18,0
2012,7,2012-07,Fairview,181,49,34,12,5,30,17,1,33,0
2012,8,2012-08,Fairview,204,56,30,9,10,32,11,5,51,0
2012,9,2012-09,Fairview,193,61,33,18,5,30,9,7,30,0
2012,10,2012-10,Fairview,175,64,29,17,2,27,14,1,21,0
2012,11,2012-11,Fairview,251,73,93,18,5,34,15,3,10,0
2012,12,2012-12,Fairview,182,53,45,24,9,33,10,5,3,0
2013,1,2013-01,Fairview,167,47,34,16,11,33,15,4,7,0
2013,2,2013-02,Fairview,124,52,17,14,8,20,5,2,6,0
2013,3,2013-03,Fairview,139,51,25,15,7,12,13,4,12,0
2013,4,2013-04,Fairview,151,44,24,19,6,18,16,6,18,0
2013,5,2013-05,Fairview,168,63,38,10,5,8,10,2,32,0
2013,6,2013-06,Fairview,184,75,42,8,8,7,8,2,34,0
2013,7,2013-07,Fairview,180,62,37,15,6,17,8,2,33,0
2013,8,2013-08,Fairview,199,55,51,12,5,14,13,3,46,0
2013,9,2013-09,Fairview,162,63,44,10,8,6,9,4,18,0
2013,10,2013-10,Fairview,179,46,53,18,10,8,17,3,24,0
2013,11,2013-11,Fairview,168,36,53,11,8,23,18,1,18,0
2013,12,2013-12,Fairview,200,54,64,21,7,13,21,3,17,0
2014,1,2014-01,Fairview,176,40,52,14,13,13,18,6,20,0
2014,2,2014-02,Fairview,165,56,35,12,4,18,19,4,17,0
2014,3,2014-03,Fairview,163,52,36,22,5,8,24,4,12,0
2014,4,2014-04,Fairview,199,66,47,17,6,9,24,3,27,0
2014,5,2014-05,Fairview,265,80,69,18,12,9,35,7,35,0
2014,6,2014-06,Fairview,218,58,78,12,12,7,17,7,27,0
2014,7,2014-07,Fairview,247,63,86,23,10,10,14,4,37,0
2014,8,2014-08,Fairview,259,77,87,16,4,7,24,2,42,0
2014,9,2014-09,Fairview,265,79,98,16,3,6,21,2,40,0
2014,10,2014-10,Fairview,204,47,72,17,4,5,29,6,24,0
2014,11,2014-11,Fairview,183,67,60,15,5,8,14,2,12,0
2014,12,2014-12,Fairview,160,60,52,8,8,6,15,5,6,0
2015,1,2015-01,Fairview,186,52,66,19,11,14,11,3,10,0
2015,2,2015-02,Fairview,175,78,35,12,4,16,18,4,8,0
2015,3,2015-03,Fairview,185,65,51,9,3,16,19,6,16,0
2015,4,2015-04,Fairview,176,56,37,15,5,14,21,3,25,0
2015,5,2015-05,Fairview,217,71,42,15,5,4,20,2,58,0
2015,6,2015-06,Fairview,219,50,32,14,5,32,22,2,62,0
2015,7,2015-07,Fairview,221,51,57,20,6,16,12,4,55,0
2015,8,2015-08,Fairview,228,59,46,23,0,9,16,4,71,0
2015,9,2015-09,Fairview,199,52,52,22,5,12,16,6,34,0
2015,10,2015-10,Fairview,189,38,55,10,8,20,22,11,25,0
2015,11,2015-11,Fairview,169,44,54,11,11,12,14,10,13,0
2015,12,2015-12,Fairview,204,50,63,21,8,16,27,5,14,0
2016,1,2016-01,Fairview,210,66,77,15,3,5,29,3,12,0
2016,2,2016-02,Fairview,206,67,41,18,12,8,33,7,20,0
2016,3,2016-03,Fairview,205,82,52,12,6,8,26,2,17,0
2016,4,2016-04,Fairview,199,66,57,18,5,4,11,2,36,0
2016,5,2016-05,Fairview,251,57,84,21,6,8,21,6,48,0
2016,6,2016-06,Fairview,183,60,36,10,8,5,19,4,41,0
2016,7,2016-07,Fairview,206,47,56,26,7,8,18,8,36,0
2016,8,2016-08,Fairview,174,68,37,10,9,5,12,5,28,0
2016,9,2016-09,Fairview,190,51,47,17,9,10,19,7,30,0
2016,10,2016-10,Fairview,146,58,34,9,7,9,16,3,10,0
2016,11,2016-11,Fairview,169,63,30,18,9,12,19,3,15,0
2016,12,2016-12,Fairview,179,62,57,11,8,8,25,1,7,0
2017,1,2017-01,Fairview,130,46,29,19,13,2,14,3,4,0
2017,2,2017-02,Fairview,156,54,34,21,8,7,25,0,7,0
2017,3,2017-03,Fairview,159,56,39,16,6,8,26,2,6,0
2017,4,2017-04,Fairview,176,49,47,23,4,3,24,2,24,0
2017,5,2017-05,Fairview,159,48,37,13,2,8,20,1,30,0
2017,6,2017-06,Fairview,188,64,47,16,5,10,14,5,27,0
2017,7,2017-07,Fairview,174,59,45,11,7,2,11,5,34,0
2017,8,2017-08,Fairview,209,65,58,18,10,9,11,7,31,0
2017,9,2017-09,Fairview,195,61,50,24,9,5,18,2,26,0
2017,10,2017-10,Fairview,192,51,56,23,9,5,19,9,20,0
2017,11,2017-11,Fairview,184,49,61,29,6,7,19,4,9,0
2017,12,2017-12,Fairview,175,46,48,27,6,5,27,7,9,0
2018,1,2018-01,Fairview,197,60,74,16,11,4,14,6,12,0
2018,2,2018-02,Fairview,178,62,67,21,4,5,10,4,5,0
2018,3,2018-03,Fairview,197,81,52,22,4,10,9,6,13,0
2018,4,2018-04,Fairview,172,58,50,16,3,6,15,6,18,0
2018,5,2018-05,Fairview,178,49,57,14,8,5,12,1,32,0
2018,6,2018-06,Fairview,197,55,47,24,6,10,19,5,31,0
2018,7,2018-07,Fairview,201,50,71,23,5,0,13,2,37,0
2018,8,2018-08,Fairview,192,49,61,18,7,5,11,6,35,0
2018,9,2018-09,Fairview,167,42,55,18,6,7,7,5,27,0
2018,10,2018-10,Fairview,179,53,60,21,4,9,8,4,20,0
2018,11,2018-11,Fairview,163,54,53,18,6,3,11,9,9,0
2018,12,2018-12,Fairview,136,40,45,20,6,9,8,2,6,0
2019,1,2019-01,Fairview,199,68,74,28,4,7,10,3,5,0
2019,2,2019-02,Fairview,145,49,54,14,3,8,10,2,5,0
2019,3,2019-03,Fairview,231,72,76,30,8,9,22,3,11,0
2019,4,2019-04,Fairview,231,69,85,17,11,4,18,5,22,0
2019,5,2019-05,Fairview,215,61,83,17,7,2,16,2,27,0
2019,6,2019-06,Fairview,205,61,70,18,9,4,20,4,19,0
2019,7,2019-07,Fairview,202,53,67,18,9,6,16,1,32,0
2019,8,2019-08,Fairview,260,70,87,34,9,1,15,8,36,0
2019,9,2019-09,Fairview,239,74,59,30,1,15,24,9,27,0
2019,10,2019-10,Fairview,254,71,85,29,7,14,27,0,21,0
2019,11,2019-11,Fairview,224,56,82,19,5,8,29,5,20,0
2019,12,2019-12,Fairview,215,68,68,29,7,7,25,3,8,0
2020,1,2020-01,Fairview,187,40,72,30,7,8,19,5,6,0
2020,2,2020-02,Fairview,190,48,71,33,11,4,14,3,6,0
2020,3,2020-03,Fairview,231,49,87,30,5,9,35,4,12,0
2020,4,2020-04,Fairview,192,25,65,20,7,5,42,6,22,0
2020,5,2020-05,Fairview,130,22,33,14,8,3,23,5,22,0
2020,6,2020-06,Fairview,133,25,30,19,7,1,19,1,31,0
2020,7,2020-07,Fairview,174,29,33,21,9,25,15,2,40,0
2020,8,2020-08,Fairview,180,43,50,18,7,14,17,2,29,0
2020,9,2020-09,Fairview,163,41,40,18,7,3,19,3,32,0
2020,10,2020-10,Fairview,188,34,59,28,7,2,23,3,32,0
2020,11,2020-11,Fairview,182,38,53,31,4,14,20,1,21,0
2020,12,2020-12,Fairview,142,35,37,23,11,5,17,1,13,0
2021,1,2021-01,Fairview,149,34,32,22,13,6,31,2,9,0
2021,2,2021-02,Fairview,117,28,29,21,8,6,16,3,6,0
2021,3,2021-03,Fairview,130,33,32,23,11,3,16,1,11,0
2021,4,2021-04,Fairview,114,23,32,19,8,3,10,3,16,0
2021,5,2021-05,Fairview,152,31,34,17,12,3,19,2,34,0
2021,6,2021-06,Fairview,141,36,24,22,7,5,18,4,25,0
2021,7,2021-07,Fairview,153,41,42,23,4,3,14,4,22,0
2021,8,2021-08,Fairview,143,37,35,20,14,1,13,4,19,0
2021,9,2021-09,Fairview,114,30,32,16,7,2,9,5,13,0
2021,10,2021-10,Fairview,99,36,22,16,8,1,7,1,8,0
2021,11,2021-11,Fairview,104,41,28,12,4,0,8,2,9,0
2021,12,2021-12,Fairview,125,42,35,14,5,4,16,1,8,0
2022,1,2022-01,Fairview,138,58,22,13,12,9,14,2,8,0
2022,2,2022-02,Fairview,156,49,32,26,8,13,12,2,14,0
2022,3,2022-03,Fairview,126,45,33,20,2,10,7,3,6,0
2022,4,2022-04,Fairview,136,50,34,23,2,7,5,4,11,0
2022,5,2022-05,Fairview,150,51,30,24,8,7,14,4,12,0
2022,6,2022-06,Fairview,117,32,24,15,10,1,9,5,21,0
2022,7,2022-07,Fairview,120,46,14,11,14,7,4,2,22,0
2022,8,2022-08,Fairview,182,54,25,26,16,1,17,6,37,0
2022,9,2022-09,Fairview,138,48,26,23,5,2,12,3,19,0
2022,10,2022-10,Fairview,160,52,29,25,8,2,15,2,27,0
2022,11,2022-11,Fairview,106,38,12,11,5,2,16,6,16,0
2022,12,2022-12,Fairview,102,39,19,20,6,3,9,2,4,0
2023,1,2023-01,Fairview,119,38,23,25,8,6,5,4,10,0
2023,2,2023-02,Fairview,127,61,22,18,3,5,13,3,2,0
2023,3,2023-03,Fairview,178,66,37,24,6,6,26,4,9,0
2023,4,2023-04,Fairview,153,64,28,24,7,4,14,0,12,0
2023,5,2023-05,Fairview,171,70,26,22,9,7,12,2,23,0
2023,6,2023-06,Fairview,169,83,26,15,10,5,9,3,18,0
2023,7,2023-07,Fairview,180,66,23,24,14,8,13,3,29,0
2023,8,2023-08,Fairview,164,73,27,19,9,6,8,1,21,0
2023,9,2023-09,Fairview,135,51,20,20,12,8,14,2,8,0
2023,10,2023-10,Fairview,134,53,34,13,8,2,15,2,7,0
2023,11,2023-11,Fairview,119,44,20,26,10,3,6,2,8,0
2023,12,2023-12,Fairview,120,46,22,25,12,3,7,1,4,0
2024,1,2024-01,Fairview,104,26,23,32,5,1,7,6,4,0
2024,2,2024-02,Fairview,129,61,13,19,10,7,9,1,9,0
2024,3,2024-03,Fairview,135,67,13,15,8,6,11,3,12,0
2024,4,2024-04,Fairview,117,43,25,19,6,2,9,0,13,0
2024,5,2024-05,Fairview,148,66,28,21,6,3,7,4,13,0
2024,6,2024-06,Fairview,114,61,19,9,6,1,5,3,10,0
2024,7,2024-07,Fairview,143,54,28,29,7,2,7,2,14,0
2024,8,2024-08,Fairview,141,74,22,20,5,2,11,1,6,0
2024,9,2024-09,Fairview,125,74,17,11,7,1,4,1,10,0
2024,10,2024-10,Fairview,119,52,19,22,6,3,8,1,8,0
2024,11,2024-11,Fairview,93,39,13,15,8,3,8,4,3,0
2024,12,2024-12,Fairview,136,61,21,25,8,5,11,2,3,0
2025,1,2025-01,Fairview,127,61,26,15,7,0,10,5,3,0
2025,2,2025-02,Fairview,100,60,9,14,6,3,7,0,1,0
2025,3,2025-03,Fairview,131,50,21,30,7,2,16,0,5,0
2025,4,2025-04,Fairview,110,51,16,22,2,0,11,0,8,0
2025,5,2025-05,Fairview,120,59,16,20,2,2,10,1,10,0
2025,6,2025-06,Fairview,130,66,16,15,5,2,11,0,15,0
2025,7,2025-07,Fairview,148,70,22,19,7,2,8,2,18,0
2025,8,2025-08,Fairview,142,51,28,18,9,7,10,2,17,0
2025,9,2025-09,Fairview,145,56,32,15,9,6,10,2,15,0
2025,10,2025-10,Fairview,118,43,26,19,10,6,9,0,5,0
2025,11,2025-11,Fairview,110,55,16,22,7,1,6,0,3,0
2025,12,2025-12,Fairview,117,68,4,32,2,2,5,0,4,0
2026,1,2026-01,Fairview,99,39,14,25,4,3,8,2,4,0
2026,2,2026-02,Fairview,102,52,16,13,9,2,6,1,3,0
2026,3,2026-03,Fairview,112,50,18,15,12,4,4,0,9,0
2026,4,2026-04,Fairview,129,71,12,19,6,2,10,1,8,0
2026,5,2026-05,Fairview,154,70,21,17,10,2,16,2,16,0
2026,6,2026-06,Fairview,117,64,11,22,3,0,4,2,11,0
2026,7,2026-07,Fairview,128,56,18,16,7,1,11,0,19,0
2026,8,2026-08,Fairview,145,69,15,22,7,2,7,3,20,0
2026,9,2026-09,Fairview,74,39,5,9,2,1,2,2,14,1
2003,1,2003-01,Grandview-Woodland,334,49,80,46,35,46,13,59,6,0
2003,2,2003-02,Grandview-Woodland,324,53,79,43,34,42,22,44,7,0
2003,3,2003-03,Grandview-Woodland,345,57,51,49,29,61,38,57,3,0
2003,4,2003-04,Grandview-Woodland,333,58,54,52,34,70,30,31,4,0
2003,5,2003-05,Grandview-Woodland,368,51,77,54,33,55,24,65,9,0
2003,6,2003-06,Grandview-Woodland,319,56,76,37,35,46,12,46,11,0
2003,7,2003-07,Grandview-Woodland,293,67,53,29,35,40,13,47,9,0
2003,8,2003-08,Grandview-Woodland,282,67,59,28,33,27,14,47,7,0
2003,9,2003-09,Grandview-Woodland,346,60,88,42,32,59,15,38,12,0
2003,10,2003-10,Grandview-Woodland,390,59,93,31,34,76,41,45,11,0
2003,11,2003-11,Grandview-Woodland,321,52,65,38,30,72,23,37,4,0
2003,12,2003-12,Grandview-Woodland,299,53,58,23,33,65,18,45,4,0
2004,1,2004-01,Grandview-Woodland,290,59,69,29,33,40,8,49,3,0
2004,2,2004-02,Grandview-Woodland,301,61,68,30,34,35,16,52,5,0
2004,3,2004-03,Grandview-Woodland,307,66,74,21,27,32,21,57,9,0
2004,4,2004-04,Grandview-Woodland,282,62,62,31,24,43,18,37,5,0
2004,5,2004-05,Grandview-Woodland,286,53,77,19,25,56,13,38,5,0
2004,6,2004-06,Grandview-Woodland,251,57,43,37,38,26,7,35,8,0
2004,7,2004-07,Grandview-Woodland,242,50,45,32,27,30,11,41,6,0
2004,8,2004-08,Grandview-Woodland,332,61,77,31,42,52,19,43,7,0
2004,9,2004-09,Grandview-Woodland,320,58,65,32,43,50,19,47,6,0
2004,10,2004-10,Grandview-Woodland,283,41,73,32,24,38,26,45,4,0
2004,11,2004-11,Grandview-Woodland,303,57,66,20,37,64,18,39,2,0
2004,12,2004-12,Grandview-Woodland,277,53,75,35,32,37,12,31,2,0
2005,1,2005-01,Grandview-Woodland,257,42,74,31,37,36,10,27,0,0
2005,2,2005-02,Grandview-Woodland,256,61,54,35,28,41,10,23,4,0
2005,3,2005-03,Grandview-Woodland,229,61,53,26,21,27,10,27,4,0
2005,4,2005-04,Grandview-Woodland,237,54,44,28,37,34,7,29,4,0
2005,5,2005-05,Grandview-Woodland,233,62,49,37,32,20,8,20,5,0
2005,6,2005-06,Grandview-Woodland,237,63,34,23,33,29,17,31,7,0
2005,7,2005-07,Grandview-Woodland,289,65,46,41,35,41,15,40,6,0
2005,8,2005-08,Grandview-Woodland,270,70,40,25,33,35,9,48,10,0
2005,9,2005-09,Grandview-Woodland,269,48,53,34,47,36,15,27,9,0
2005,10,2005-10,Grandview-Woodland,280,50,64,40,31,37,19,24,15,0
2005,11,2005-11,Grandview-Woodland,246,46,36,22,43,19,22,51,7,0
2005,12,2005-12,Grandview-Woodland,288,29,84,47,31,39,13,41,4,0
2006,1,2006-01,Grandview-Woodland,207,34,40,26,33,29,18,22,5,0
2006,2,2006-02,Grandview-Woodland,200,42,29,34,37,26,12,16,4,0
2006,3,2006-03,Grandview-Woodland,248,54,54,24,37,28,22,23,6,0
2006,4,2006-04,Grandview-Woodland,239,41,55,30,40,23,21,24,5,0
2006,5,2006-05,Grandview-Woodland,197,44,42,24,31,19,13,17,7,0
2006,6,2006-06,Grandview-Woodland,209,41,42,28,33,29,13,12,11,0
2006,7,2006-07,Grandview-Woodland,225,53,34,35,34,23,22,14,10,0
2006,8,2006-08,Grandview-Woodland,260,58,44,36,41,35,13,23,10,0
2006,9,2006-09,Grandview-Woodland,262,40,55,36,35,55,9,27,5,0
2006,10,2006-10,Grandview-Woodland,240,48,40,36,37,32,15,25,7,0
2006,11,2006-11,Grandview-Woodland,243,48,45,12,37,59,11,24,7,0
2006,12,2006-12,Grandview-Woodland,240,36,36,30,33,59,19,23,4,0
2007,1,2007-01,Grandview-Woodland,284,31,81,25,42,52,22,27,4,0
2007,2,2007-02,Grandview-Woodland,175,29,40,18,34,26,4,19,5,0
2007,3,2007-03,Grandview-Woodland,229,31,53,35,44,33,8,23,2,0
2007,4,2007-04,Grandview-Woodland,264,64,40,34,37,52,6,27,4,0
2007,5,2007-05,Grandview-Woodland,199,34,32,32,35,29,8,28,1,0
2007,6,2007-06,Grandview-Woodland,213,40,42,31,31,32,8,25,4,0
2007,7,2007-07,Grandview-Woodland,231,45,40,26,50,33,11,15,11,0
2007,8,2007-08,Grandview-Woodland,302,50,60,34,63,51,14,16,14,0
2007,9,2007-09,Grandview-Woodland,227,52,36,36,28,32,12,23,8,0
2007,10,2007-10,Grandview-Woodland,211,33,43,25,36,29,20,20,5,0
2007,11,2007-11,Grandview-Woodland,241,40,52,27,39,35,16,26,6,0
2007,12,2007-12,Grandview-Woodland,213,43,49,34,30,35,4,15,3,0
2008,1,2008-01,Grandview-Woodland,172,34,36,25,35,25,6,9,2,0
2008,2,2008-02,Grandview-Woodland,195,39,29,25,30,41,16,13,2,0
2008,3,2008-03,Grandview-Woodland,200,41,43,43,32,21,7,9,4,0
2008,4,2008-04,Grandview-Woodland,171,43,32,29,19,17,9,13,9,0
2008,5,2008-05,Grandview-Woodland,189,30,31,32,31,23,12,22,8,0
2008,6,2008-06,Grandview-Woodland,195,29,30,48,36,28,16,6,2,0
2008,7,2008-07,Grandview-Woodland,182,35,25,40,30,21,9,13,9,0
2008,8,2008-08,Grandview-Woodland,249,38,45,41,26,60,8,18,13,0
2008,9,2008-09,Grandview-Woodland,238,43,39,39,42,40,3,17,15,0
2008,10,2008-10,Grandview-Woodland,228,47,40,44,22,36,13,15,11,0
2008,11,2008-11,Grandview-Woodland,182,27,25,38,34,32,5,11,10,0
2008,12,2008-12,Grandview-Woodland,145,40,24,12,22,28,6,8,5,0
2009,1,2009-01,Grandview-Woodland,150,44,17,19,31,22,3,12,2,0
2009,2,2009-02,Grandview-Woodland,126,44,23,27,18,7,4,3,0,0
2009,3,2009-03,Grandview-Woodland,181,45,29,36,30,22,9,8,2,0
2009,4,2009-04,Grandview-Woodland,177,34,29,29,25,31,9,15,5,0
2009,5,2009-05,Grandview-Woodland,175,41,31,28,30,14,8,16,7,0
2009,6,2009-06,Grandview-Woodland,129,22,25,21,30,15,2,11,3,0
2009,7,2009-07,Grandview-Woodland,178,38,26,33,33,17,5,10,16,0
2009,8,2009-08,Grandview-Woodland,140,25,27,15,24,22,8,15,4,0
2009,9,2009-09,Grandview-Woodland,187,28,28,21,20,56,13,10,11,0
2009,10,2009-10,Grandview-Woodland,257,42,55,33,36,52,9,21,9,0
2009,11,2009-11,Grandview-Woodland,165,33,48,22,27,13,4,13,5,0
2009,12,2009-12,Grandview-Woodland,150,32,36,23,16,21,5,10,7,0
2010,1,2010-01,Grandview-Woodland,136,25,23,23,27,18,5,11,4,0
2010,2,2010-02,Grandview-Woodland,141,27,33,14,28,21,6,9,3,0
2010,3,2010-03,Grandview-Woodland,139,31,13,19,30,23,10,8,5,0
2010,4,2010-04,Grandview-Woodland,146,24,26,21,31,24,6,5,9,0
2010,5,2010-05,Grandview-Woodland,156,37,19,31,25,21,6,10,7,0
2010,6,2010-06,Grandview-Woodland,149,38,20,23,19,25,10,8,6,0
2010,7,2010-07,Grandview-Woodland,149,28,17,28,31,22,8,6,9,0
2010,8,2010-08,Grandview-Woodland,190,35,27,33,29,26,10,19,11,0
2010,9,2010-09,Grandview-Woodland,171,20,42,39,26,13,9,12,10,0
2010,10,2010-10,Grandview-Woodland,188,21,59,28,30,21,7,9,13,0
2010,11,2010-11,Grandview-Woodland,161,28,48,17,21,22,9,13,3,0
2010,12,2010-12,Grandview-Woodland,186,32,45,24,28,28,4,21,4,0
2011,1,2011-01,Grandview-Woodland,190,31,33,33,44,31,4,10,4,0
2011,2,2011-02,Grandview-Woodland,145,39,30,26,19,15,8,5,3,0
2011,3,2011-03,Grandview-Woodland,161,46,29,22,25,23,5,5,6,0
2011,4,2011-04,Grandview-Woodland,149,38,21,24,22,22,8,6,8,0
2011,5,2011-05,Grandview-Woodland,151,29,31,25,28,13,10,7,8,0
2011,6,2011-06,Grandview-Woodland,148,36,19,28,19,16,10,8,12,0
2011,7,2011-07,Grandview-Woodland,163,34,20,24,33,15,14,7,16,0
2011,8,2011-08,Grandview-Woodland,146,31,13,26,26,13,15,10,12,0
2011,9,2011-09,Grandview-Woodland,141,25,31,22,24,12,12,11,4,0
2011,10,2011-10,Grandview-Woodland,183,45,39,23,34,19,5,11,7,0
2011,11,2011-11,Grandview-Woodland,138,27,22,27,29,19,3,8,3,0
2011,12,2011-12,Grandview-Woodland,140,34,18,21,30,19,7,6,5,0
2012,1,2012-01,Grandview-Woodland,146,39,21,22,36,14,4,6,4,0
2012,2,2012-02,Grandview-Woodland,132,50,22,18,14,13,7,4,4,0
2012,3,2012-03,Grandview-Woodland,149,36,24,27,27,12,10,9,4,0
2012,4,2012-04,Grandview-Woodland,180,67,17,19,33,12,20,6,6,0
2012,5,2012-05,Grandview-Woodland,147,44,22,28,19,14,10,6,4,0
2012,6,2012-06,Grandview-Woodland,175,36,31,38,31,13,6,15,5,0
2012,7,2012-07,Grandview-Woodland,160,49,34,27,21,8,8,8,5,0
2012,8,2012-08,Grandview-Woodland,180,53,20,20,25,36,7,8,11,0
2012,9,2012-09,Grandview-Woodland,145,35,17,32,19,12,8,13,9,0
2012,10,2012-10,Grandview-Woodland,168,50,29,24,23,11,13,10,8,0
2012,11,2012-11,Grandview-Woodland,178,53,35,28,19,13,15,9,6,0
2012,12,2012-12,Grandview-Woodland,120,33,9,24,20,17,11,4,2,0
2013,1,2013-01,Grandview-Woodland,156,41,32,29,27,11,8,2,6,0
2013,2,2013-02,Grandview-Woodland,148,30,32,22,11,10,22,17,4,0
2013,3,2013-03,Grandview-Woodland,178,38,38,25,28,8,16,7,18,0
2013,4,2013-04,Grandview-Woodland,189,36,44,28,12,16,27,10,16,0
2013,5,2013-05,Grandview-Woodland,189,43,33,34,26,13,7,13,20,0
2013,6,2013-06,Grandview-Woodland,192,55,24,35,27,25,12,3,11,0
2013,7,2013-07,Grandview-Woodland,203,31,34,35,24,38,16,12,13,0
2013,8,2013-08,Grandview-Woodland,193,36,26,33,33,31,11,11,12,0
2013,9,2013-09,Grandview-Woodland,164,40,28,26,22,21,5,11,11,0
2013,10,2013-10,Grandview-Woodland,190,43,32,37,24,21,11,12,10,0
2013,11,2013-11,Grandview-Woodland,152,27,36,27,24,17,7,10,4,0
2013,12,2013-12,Grandview-Woodland,159,22,46,29,27,14,10,6,5,0
2014,1,2014-01,Grandview-Woodland,127,34,24,23,16,9,12,6,3,0
2014,2,2014-02,Grandview-Woodland,140,39,27,21,14,14,8,10,7,0
2014,3,2014-03,Grandview-Woodland,166,42,32,32,23,17,6,11,3,0
2014,4,2014-04,Grandview-Woodland,167,38,33,34,15,16,12,8,11,0
2014,5,2014-05,Grandview-Woodland,186,39,54,28,18,10,13,11,13,0
2014,6,2014-06,Grandview-Woodland,176,45,35,27,25,13,8,8,15,0
2014,7,2014-07,Grandview-Woodland,173,54,32,23,20,3,10,5,26,0
2014,8,2014-08,Grandview-Woodland,191,66,41,25,18,10,9,2,20,0
2014,9,2014-09,Grandview-Woodland,147,35,27,27,18,15,10,3,12,0
2014,10,2014-10,Grandview-Woodland,208,49,61,23,22,14,12,9,18,0
2014,11,2014-11,Grandview-Woodland,164,44,38,22,17,12,15,3,13,0
2014,12,2014-12,Grandview-Woodland,183,38,47,27,26,15,10,16,4,0
2015,1,2015-01,Grandview-Woodland,183,35,52,16,30,21,19,6,4,0
2015,2,2015-02,Grandview-Woodland,152,31,49,18,20,7,10,8,9,0
2015,3,2015-03,Grandview-Woodland,166,32,35,27,22,14,15,14,7,0
2015,4,2015-04,Grandview-Woodland,160,48,34,21,28,6,6,8,9,0
2015,5,2015-05,Grandview-Woodland,171,38,37,27,20,18,9,9,13,0
2015,6,2015-06,Grandview-Woodland,169,41,31,26,27,14,7,9,14,0
2015,7,2015-07,Grandview-Woodland,175,43,41,16,20,21,13,11,10,0
2015,8,2015-08,Grandview-Woodland,144,39,29,23,16,10,8,9,10,0
2015,9,2015-09,Grandview-Woodland,165,38,41,14,26,9,15,7,15,0
2015,10,2015-10,Grandview-Woodland,200,35,54,25,28,18,18,12,10,0
2015,11,2015-11,Grandview-Woodland,198,44,66,27,18,18,5,13,7,0
2015,12,2015-12,Grandview-Woodland,197,26,42,15,31,14,26,29,14,0
2016,1,2016-01,Grandview-Woodland,166,42,40,27,18,15,15,1,8,0
2016,2,2016-02,Grandview-Woodland,172,53,34,21,13,23,14,7,7,0
2016,3,2016-03,Grandview-Woodland,208,43,69,24,25,19,14,10,4,0
2016,4,2016-04,Grandview-Woodland,177,49,40,32,16,11,15,8,6,0
2016,5,2016-05,Grandview-Woodland,215,56,48,30,24,10,16,12,19,0
2016,6,2016-06,Grandview-Woodland,232,51,56,38,26,12,13,11,25,0
2016,7,2016-07,Grandview-Woodland,217,48,59,29,14,11,17,12,27,0
2016,8,2016-08,Grandview-Woodland,219,58,58,21,19,15,13,16,19,0
2016,9,2016-09,Grandview-Woodland,215,54,58,26,16,10,11,13,27,0
2016,10,2016-10,Grandview-Woodland,200,68,61,14,22,9,9,4,13,0
2016,11,2016-11,Grandview-Woodland,166,38,48,23,11,14,11,12,9,0
2016,12,2016-12,Grandview-Woodland,145,34,46,17,14,9,15,6,4,0
2017,1,2017-01,Grandview-Woodland,144,37,31,23,16,13,7,10,7,0
2017,2,2017-02,Grandview-Woodland,143,38,37,16,15,13,12,6,6,0
2017,3,2017-03,Grandview-Woodland,193,36,65,31,13,18,11,9,10,0
2017,4,2017-04,Grandview-Woodland,185,51,48,30,18,12,5,11,10,0
2017,5,2017-05,Grandview-Woodland,179,46,40,28,17,7,13,11,17,0
2017,6,2017-06,Grandview-Woodland,172,53,49,11,12,17,12,7,11,0
2017,7,2017-07,Grandview-Woodland,180,61,47,14,12,10,9,13,14,0
2017,8,2017-08,Grandview-Woodland,182,53,49,27,13,11,9,11,9,0
2017,9,2017-09,Grandview-Woodland,227,52,69,30,19,20,12,17,8,0
2017,10,2017-10,Grandview-Woodland,241,48,80,30,18,14,18,23,10,0
2017,11,2017-11,Grandview-Woodland,248,48,84,32,13,19,21,17,14,0
2017,12,2017-12,Grandview-Woodland,226,62,62,27,20,12,21,15,7,0
2018,1,2018-01,Grandview-Woodland,213,49,69,28,17,20,15,10,5,0
2018,2,2018-02,Grandview-Woodland,145,35,45,13,15,16,14,3,4,0
2018,3,2018-03,Grandview-Woodland,248,50,73,35,24,14,26,19,7,0
2018,4,2018-04,Grandview-Woodland,182,43,45,23,19,17,21,7,7,0
2018,5,2018-05,Grandview-Woodland,188,42,61,24,14,15,5,16,11,0
2018,6,2018-06,Grandview-Woodland,164,35,54,19,12,16,6,11,11,0
2018,7,2018-07,Grandview-Woodland,172,37,49,23,20,14,5,5,19,0
2018,8,2018-08,Grandview-Woodland,148,27,43,26,18,4,11,11,8,0
2018,9,2018-09,Grandview-Woodland,202,40,56,31,24,15,16,8,12,0
2018,10,2018-10,Grandview-Woodland,170,47,38,22,17,8,10,15,13,0
2018,11,2018-11,Grandview-Woodland,173,36,50,34,14,10,8,12,9,0
2018,12,2018-12,Grandview-Woodland,149,27,50,22,16,13,11,6,4,0
2019,1,2019-01,Grandview-Woodland,210,38,70,40,18,17,12,9,6,0
2019,2,2019-02,Grandview-Woodland,134,28,50,14,8,15,4,9,6,0
2019,3,2019-03,Grandview-Woodland,168,34,44,28,25,11,8,11,7,0
2019,4,2019-04,Grandview-Woodland,170,55,43,35,11,6,7,5,8,0
2019,5,2019-05,Grandview-Woodland,178,40,58,29,17,13,5,8,8,0
2019,6,2019-06,Grandview-Woodland,206,47,64,30,15,13,13,11,13,0
2019,7,2019-07,Grandview-Woodland,190,31,64,27,18,10,11,10,19,0
2019,8,2019-08,Grandview-Woodland,226,41,74,36,16,11,18,7,23,0
2019,9,2019-09,Grandview-Woodland,210,43,60,31,24,10,14,17,11,0
2019,10,2019-10,Grandview-Woodland,222,47,63,28,18,20,18,15,13,0
2019,11,2019-11,Grandview-Woodland,175,30,43,38,10,8,21,16,9,0
2019,12,2019-12,Grandview-Woodland,184,37,57,32,14,4,25,5,10,0
2020,1,2020-01,Grandview-Woodland,168,35,51,31,17,9,18,6,1,0
2020,2,2020-02,Grandview-Woodland,191,50,37,47,19,15,9,6,8,0
2020,3,2020-03,Grandview-Woodland,176,46,35,32,14,18,14,10,7,0
2020,4,2020-04,Grandview-Woodland,186,31,51,31,17,10,19,10,17,0
2020,5,2020-05,Grandview-Woodland,134,22,32,23,23,9,14,4,7,0
2020,6,2020-06,Grandview-Woodland,118,23,18,21,21,9,13,6,7,0
2020,7,2020-07,Grandview-Woodland,153,31,24,24,31,13,7,6,17,0
2020,8,2020-08,Grandview-Woodland,151,21,51,27,18,2,12,7,13,0
2020,9,2020-09,Grandview-Woodland,157,28,48,21,22,8,11,7,12,0
2020,10,2020-10,Grandview-Woodland,157,27,44,33,19,6,12,9,7,0
2020,11,2020-11,Grandview-Woodland,160,30,41,42,25,4,5,8,5,0
2020,12,2020-12,Grandview-Woodland,141,31,36,27,16,8,13,6,4,0
2021,1,2021-01,Grandview-Woodland,143,23,34,36,12,8,18,4,8,0
2021,2,2021-02,Grandview-Woodland,110,17,30,22,16,6,8,4,7,0
2021,3,2021-03,Grandview-Woodland,115,26,25,22,17,11,7,3,4,0
2021,4,2021-04,Grandview-Woodland,138,27,28,24,18,13,13,7,8,0
2021,5,2021-05,Grandview-Woodland,111,19,30,18,15,11,4,6,8,0
2021,6,2021-06,Grandview-Woodland,113,25,19,21,18,8,8,2,12,0
2021,7,2021-07,Grandview-Woodland,140,19,43,24,17,9,13,6,9,0
2021,8,2021-08,Grandview-Woodland,129,28,32,28,15,6,7,5,8,0
2021,9,2021-09,Grandview-Woodland,160,30,46,28,26,4,12,10,4,0
2021,10,2021-10,Grandview-Woodland,132,36,26,29,15,8,11,6,1,0
2021,11,2021-11,Grandview-Woodland,134,30,25,30,20,7,14,1,7,0
2021,12,2021-12,Grandview-Woodland,111,38,25,18,14,3,7,3,3,0
2022,1,2022-01,Grandview-Woodland,138,40,29,22,16,9,14,7,1,0
2022,2,2022-02,Grandview-Woodland,100,24,18,21,19,6,6,5,1,0
2022,3,2022-03,Grandview-Woodland,153,50,29,24,24,8,7,5,6,0
2022,4,2022-04,Grandview-Woodland,131,27,34,30,16,6,11,4,3,0
2022,5,2022-05,Grandview-Woodland,142,33,29,30,12,8,10,10,10,0
2022,6,2022-06,Grandview-Woodland,145,46,30,25,22,7,6,5,4,0
2022,7,2022-07,Grandview-Woodland,145,43,20,23,25,12,11,6,5,0
2022,8,2022-08,Grandview-Woodland,110,26,25,23,8,4,16,4,4,0
2022,9,2022-09,Grandview-Woodland,109,25,17,13,29,4,4,10,7,0
2022,10,2022-10,Grandview-Woodland,129,28,28,29,24,7,7,3,3,0
2022,11,2022-11,Grandview-Woodland,105,29,25,21,16,4,5,3,2,0
2022,12,2022-12,Grandview-Woodland,98,15,19,14,20,12,6,6,6,0
2023,1,2023-01,Grandview-Woodland,146,31,40,27,19,8,14,7,0,0
2023,2,2023-02,Grandview-Woodland,127,34,25,16,17,9,14,9,3,0
2023,3,2023-03,Grandview-Woodland,149,39,20,33,22,12,7,11,5,0
2023,4,2023-04,Grandview-Woodland,151,33,26,36,21,8,12,7,8,0
2023,5,2023-05,Grandview-Woodland,111,36,13,23,20,4,6,3,6,0
2023,6,2023-06,Grandview-Woodland,147,48,30,27,21,3,8,6,4,0
2023,7,2023-07,Grandview-Woodland,151,46,26,33,22,4,10,6,4,0
2023,8,2023-08,Grandview-Woodland,153,43,26,33,22,9,8,8,4,0
2023,9,2023-09,Grandview-Woodland,136,24,24,32,30,11,5,5,5,0
2023,10,2023-10,Grandview-Woodland,128,32,35,19,21,6,6,1,8,0
2023,11,2023-11,Grandview-Woodland,102,29,15,20,21,5,3,5,4,0
2023,12,2023-12,Grandview-Woodland,140,37,26,29,24,7,10,5,2,0
2024,1,2024-01,Grandview-Woodland,133,28,27,34,26,6,9,1,2,0
2024,2,2024-02,Grandview-Woodland,110,25,23,29,16,4,6,3,4,0
2024,3,2024-03,Grandview-Woodland,116,29,16,29,21,5,8,6,2,0
2024,4,2024-04,Grandview-Woodland,120,24,28,21,21,3,7,9,7,0
2024,5,2024-05,Grandview-Woodland,111,30,17,26,18,6,7,5,2,0
2024,6,2024-06,Grandview-Woodland,116,35,24,21,22,2,5,5,2,0
2024,7,2024-07,Grandview-Woodland,124,32,25,25,26,3,4,7,2,0
2024,8,2024-08,Grandview-Woodland,138,45,17,26,28,3,7,5,7,0
2024,9,2024-09,Grandview-Woodland,126,36,16,30,22,6,10,3,3,0
2024,10,2024-10,Grandview-Woodland,115,29,20,30,17,4,5,7,3,0
2024,11,2024-11,Grandview-Woodland,89,30,12,22,14,2,3,4,2,0
2024,12,2024-12,Grandview-Woodland,98,34,12,16,16,7,6,5,2,0
2025,1,2025-01,Grandview-Woodland,137,45,15,26,28,5,8,5,5,0
2025,2,2025-02,Grandview-Woodland,81,23,9,24,12,3,6,2,2,0
2025,3,2025-03,Grandview-Woodland,103,28,22,19,21,3,3,3,4,0
2025,4,2025-04,Grandview-Woodland,129,33,17,32,25,5,8,7,2,0
2025,5,2025-05,Grandview-Woodland,140,49,25,25,16,5,7,10,3,0
2025,6,2025-06,Grandview-Woodland,135,54,15,20,23,4,9,3,7,0
2025,7,2025-07,Grandview-Woodland,125,41,23,27,16,7,4,5,2,0
2025,8,2025-08,Grandview-Woodland,156,65,27,27,14,4,8,7,4,0
2025,9,2025-09,Grandview-Woodland,131,48,26,26,16,4,6,4,1,0
2025,10,2025-10,Grandview-Woodland,116,43,18,20,16,7,2,7,3,0
2025,11,2025-11,Grandview-Woodland,113,49,22,24,7,2,5,3,1,0
2025,12,2025-12,Grandview-Woodland,107,46,11,22,9,3,9,7,0,0
2026,1,2026-01,Grandview-Woodland,124,36,19,44,16,1,7,1,0,0
2026,2,2026-02,Grandview-Woodland,152,65,28,38,10,3,3,3,2,0
2026,3,2026-03,Grandview-Woodland,91,34,20,14,14,3,4,2,0,0
2026,4,2026-04,Grandview-Woodland,92,26,16,16,18,7,3,5,1,0
2026,5,2026-05,Grandview-Woodland,99,29,24,22,15,2,2,1,4,0
2026,6,2026-06,Grandview-Woodland,122,37,18,30,23,4,7,3,0,0
2026,7,2026-07,Grandview-Woodland,140,49,29,30,18,1,6,2,5,0
2026,8,2026-08,Grandview-Woodland,114,46,18,21,11,8,4,2,4,0
2026,9,2026-09,Grandview-Woodland,76,25,12,17,3,5,3,4,7,1
2003,1,2003-01,Hastings-Sunrise,171,21,37,23,13,26,20,30,1,0
2003,2,2003-02,Hastings-Sunrise,161,23,29,25,9,29,15,30,1,0
2003,3,2003-03,Hastings-Sunrise,184,31,33,29,12,33,18,27,1,0
2003,4,2003-04,Hastings-Sunrise,196,21,56,26,8,48,13,23,1,0
2003,5,2003-05,Hastings-Sunrise,175,28,39,15,5,40,15,30,3,0
2003,6,2003-06,Hastings-Sunrise,190,30,53,26,5,20,15,38,3,0
2003,7,2003-07,Hastings-Sunrise,147,20,24,27,10,17,10,37,2,0
2003,8,2003-08,Hastings-Sunrise,180,32,48,16,10,27,11,35,1,0
2003,9,2003-09,Hastings-Sunrise,177,30,47,20,19,27,10,22,2,0
2003,10,2003-10,Hastings-Sunrise,173,29,30,16,13,28,17,39,1,0
2003,11,2003-11,Hastings-Sunrise,215,26,58,25,12,32,22,35,5,0
2003,12,2003-12,Hastings-Sunrise,165,22,51,10,12,17,13,39,1,0
2004,1,2004-01,Hastings-Sunrise,182,28,52,20,12,32,5,33,0,0
2004,2,2004-02,Hastings-Sunrise,132,12,32,18,5,16,15,34,0,0
2004,3,2004-03,Hastings-Sunrise,178,30,36,21,13,19,9,50,0,0
2004,4,2004-04,Hastings-Sunrise,147,16,33,20,10,29,8,31,0,0
2004,5,2004-05,Hastings-Sunrise,167,24,39,15,0,44,5,40,0,0
2004,6,2004-06,Hastings-Sunrise,197,31,67,23,8,30,4,34,0,0
2004,7,2004-07,Hastings-Sunrise,198,32,60,17,4,38,7,38,2,0
2004,8,2004-08,Hastings-Sunrise,230,29,64,28,16,33,8,47,5,0
2004,9,2004-09,Hastings-Sunrise,189,33,54,19,20,26,10,27,0,0
2004,10,2004-10,Hastings-Sunrise,192,29,61,22,14,15,12,39,0,0
2004,11,2004-11,Hastings-Sunrise,183,22,62,21,7,23,16,32,0,0
2004,12,2004-12,Hastings-Sunrise,177,16,42,42,14,30,6,27,0,0
2005,1,2005-01,Hastings-Sunrise,143,19,46,24,7,20,5,21,1,0
2005,2,2005-02,Hastings-Sunrise,135,17,26,26,7,28,1,30,0,0
2005,3,2005-03,Hastings-Sunrise,150,24,42,25,9,17,1,28,4,0
2005,4,2005-04,Hastings-Sunrise,135,21,46,19,8,16,3,21,1,0
2005,5,2005-05,Hastings-Sunrise,158,28,43,21,14,20,8,24,0,0
2005,6,2005-06,Hastings-Sunrise,142,28,35,13,11,23,7,24,1,0
2005,7,2005-07,Hastings-Sunrise,154,30,40,16,11,24,10,21,2,0
2005,8,2005-08,Hastings-Sunrise,184,41,55,19,10,16,4,35,4,0
2005,9,2005-09,Hastings-Sunrise,120,21,38,12,11,12,6,17,3,0
2005,10,2005-10,Hastings-Sunrise,131,23,38,8,8,19,11,18,6,0
2005,11,2005-11,Hastings-Sunrise,162,29,47,12,13,22,3,34,2,0
2005,12,2005-12,Hastings-Sunrise,152,26,38,29,11,17,9,21,1,0
2006,1,2006-01,Hastings-Sunrise,145,11,50,16,16,13,10,29,0,0
2006,2,2006-02,Hastings-Sunrise,150,28,36,11,16,32,1,25,1,0
2006,3,2006-03,Hastings-Sunrise,104,24,14,18,10,19,4,14,1,0
2006,4,2006-04,Hastings-Sunrise,148,29,27,23,16,19,17,17,0,0
2006,5,2006-05,Hastings-Sunrise,140,20,25,16,14,19,28,18,0,0
2006,6,2006-06,Hastings-Sunrise,166,33,32,31,8,25,15,21,1,0
2006,7,2006-07,Hastings-Sunrise,125,27,31,19,8,19,5,13,3,0
2006,8,2006-08,Hastings-Sunrise,192,35,65,15,18,18,6,34,1,0
2006,9,2006-09,Hastings-Sunrise,168,31,46,24,10,20,1,34,2,0
2006,10,2006-10,Hastings-Sunrise,163,32,38,17,11,36,9,19,1,0
2006,11,2006-11,Hastings-Sunrise,132,15,46,11,12,29,5,14,0,0
2006,12,2006-12,Hastings-Sunrise,147,15,45,7,6,32,19,22,1,0
2007,1,2007-01,Hastings-Sunrise,129,18,31,12,10,28,16,14,0,0
2007,2,2007-02,Hastings-Sunrise,117,26,21,11,11,35,2,10,1,0
2007,3,2007-03,Hastings-Sunrise,123,27,29,15,8,19,4,21,0,0
2007,4,2007-04,Hastings-Sunrise,115,23,35,12,10,20,3,12,0,0
2007,5,2007-05,Hastings-Sunrise,116,21,29,18,7,19,4,16,2,0
2007,6,2007-06,Hastings-Sunrise,108,20,29,17,8,23,3,6,2,0
2007,7,2007-07,Hastings-Sunrise,131,22,40,16,7,21,5,17,3,0
2007,8,2007-08,Hastings-Sunrise,154,27,39,15,14,17,9,27,6,0
2007,9,2007-09,Hastings-Sunrise,123,21,30,21,14,20,4,13,0,0
2007,10,2007-10,Hastings-Sunrise,151,23,38,19,11,19,5,34,2,0
2007,11,2007-11,Hastings-Sunrise,128,15,29,18,14,18,3,29,2,0
2007,12,2007-12,Hastings-Sunrise,97,21,20,14,8,20,3,10,1,0
2008,1,2008-01,Hastings-Sunrise,83,16,20,7,8,14,4,13,1,0
2008,2,2008-02,Hastings-Sunrise,88,20,10,19,10,16,9,4,0,0
2008,3,2008-03,Hastings-Sunrise,82,14,14,28,5,7,5,8,1,0
2008,4,2008-04,Hastings-Sunrise,131,24,17,44,11,8,6,21,0,0
2008,5,2008-05,Hastings-Sunrise,146,26,41,21,11,25,5,14,3,0
2008,6,2008-06,Hastings-Sunrise,105,19,23,18,8,21,5,9,2,0
2008,7,2008-07,Hastings-Sunrise,128,21,47,25,6,12,3,13,1,0
2008,8,2008-08,Hastings-Sunrise,148,24,37,24,13,23,6,14,7,0
2008,9,2008-09,Hastings-Sunrise,153,21,45,28,9,34,8,6,2,0
2008,10,2008-10,Hastings-Sunrise,104,11,48,16,5,13,3,6,2,0
2008,11,2008-11,Hastings-Sunrise,112,22,25,20,8,19,2,15,1,0
2008,12,2008-12,Hastings-Sunrise,99,18,19,16,13,19,4,10,0,0
2009,1,2009-01,Hastings-Sunrise,111,17,22,22,16,18,5,11,0,0
2009,2,2009-02,Hastings-Sunrise,77,11,20,12,7,17,4,6,0,0
2009,3,2009-03,Hastings-Sunrise,101,28,21,13,11,15,2,11,0,0
2009,4,2009-04,Hastings-Sunrise,79,14,10,22,8,11,3,5,6,0
2009,5,2009-05,Hastings-Sunrise,129,19,31,19,13,28,4,14,1,0
2009,6,2009-06,Hastings-Sunrise,104,27,15,18,12,17,3,9,3,0
2009,7,2009-07,Hastings-Sunrise,103,21,18,21,9,22,1,8,3,0
2009,8,2009-08,Hastings-Sunrise,125,23,28,23,10,17,9,13,2,0
2009,9,2009-09,Hastings-Sunrise,129,19,45,19,10,13,4,16,3,0
2009,10,2009-10,Hastings-Sunrise,110,12,21,18,12,30,2,13,2,0
2009,11,2009-11,Hastings-Sunrise,119,15,32,19,14,27,3,7,2,0
2009,12,2009-12,Hastings-Sunrise,98,18,17,18,10,24,1,7,3,0
2010,1,2010-01,Hastings-Sunrise,103,16,19,24,9,24,4,7,0,0
2010,2,2010-02,Hastings-Sunrise,61,14,5,15,9,10,1,7,0,0
2010,3,2010-03,Hastings-Sunrise,77,13,13,9,14,20,1,5,2,0
2010,4,2010-04,Hastings-Sunrise,77,15,20,14,6,10,2,8,2,0
2010,5,2010-05,Hastings-Sunrise,101,13,24,15,12,30,0,7,0,0
2010,6,2010-06,Hastings-Sunrise,103,11,32,19,14,20,1,6,0,0
2010,7,2010-07,Hastings-Sunrise,126,22,34,24,12,25,0,7,2,0
2010,8,2010-08,Hastings-Sunrise,115,34,21,12,16,18,2,10,2,0
2010,9,2010-09,Hastings-Sunrise,105,22,35,16,7,9,2,13,1,0
2010,10,2010-10,Hastings-Sunrise,135,24,52,21,9,17,3,8,1,0
2010,11,2010-11,Hastings-Sunrise,81,18,24,10,6,16,1,5,1,0
2010,12,2010-12,Hastings-Sunrise,79,13,21,10,6,17,1,9,2,0
2011,1,2011-01,Hastings-Sunrise,85,20,15,8,10,20,3,8,1,0
2011,2,2011-02,Hastings-Sunrise,89,14,22,8,10,16,4,13,2,0
2011,3,2011-03,Hastings-Sunrise,78,18,17,11,7,16,2,6,1,0
2011,4,2011-04,Hastings-Sunrise,122,29,26,17,10,30,1,8,1,0
2011,5,2011-05,Hastings-Sunrise,87,23,18,18,7,15,2,3,1,0
2011,6,2011-06,Hastings-Sunrise,98,17,18,17,8,22,5,8,3,0
2011,7,2011-07,Hastings-Sunrise,107,25,39,13,4,18,1,4,3,0
2011,8,2011-08,Hastings-Sunrise,130,33,22,24,12,25,7,5,2,0
2011,9,2011-09,Hastings-Sunrise,115,19,35,25,12,14,3,5,2,0
2011,10,2011-10,Hastings-Sunrise,103,19,25,16,15,11,5,12,0,0
2011,11,2011-11,Hastings-Sunrise,112,24,37,12,9,14,1,14,1,0
2011,12,2011-12,Hastings-Sunrise,100,21,26,12,7,19,6,8,1,0
2012,1,2012-01,Hastings-Sunrise,79,18,15,8,11,15,7,4,1,0
2012,2,2012-02,Hastings-Sunrise,95,25,22,20,9,12,1,4,2,0
2012,3,2012-03,Hastings-Sunrise,108,31,9,13,10,20,7,17,1,0
2012,4,2012-04,Hastings-Sunrise,110,36,33,10,9,15,3,4,0,0
2012,5,2012-05,Hastings-Sunrise,121,29,42,19,8,17,1,5,0,0
2012,6,2012-06,Hastings-Sunrise,132,25,45,12,13,21,2,9,5,0
2012,7,2012-07,Hastings-Sunrise,104,27,30,8,10,10,10,4,5,0
2012,8,2012-08,Hastings-Sunrise,120,23,34,18,15,18,1,10,1,0
2012,9,2012-09,Hastings-Sunrise,110,17,31,20,10,17,5,9,1,0
2012,10,2012-10,Hastings-Sunrise,111,29,14,15,15,16,10,9,3,0
2012,11,2012-11,Hastings-Sunrise,82,16,31,10,5,10,5,4,1,0
2012,12,2012-12,Hastings-Sunrise,75,17,20,10,7,12,7,2,0,0
2013,1,2013-01,Hastings-Sunrise,70,18,13,10,10,16,2,1,0,0
2013,2,2013-02,Hastings-Sunrise,66,21,12,10,9,6,2,5,1,0
2013,3,2013-03,Hastings-Sunrise,84,17,24,14,5,7,6,8,3,0
2013,4,2013-04,Hastings-Sunrise,83,12,28,11,9,16,3,3,1,0
2013,5,2013-05,Hastings-Sunrise,93,24,18,15,13,12,4,7,0,0
2013,6,2013-06,Hastings-Sunrise,90,19,22,13,15,13,2,4,2,0
2013,7,2013-07,Hastings-Sunrise,76,12,13,14,7,19,1,5,5,0
2013,8,2013-08,Hastings-Sunrise,112,32,31,18,15,6,3,4,3,0
2013,9,2013-09,Hastings-Sunrise,89,28,14,13,15,7,5,7,0,0
2013,10,2013-10,Hastings-Sunrise,93,21,25,19,12,4,5,7,0,0
2013,11,2013-11,Hastings-Sunrise,68,22,13,13,5,6,4,3,2,0
2013,12,2013-12,Hastings-Sunrise,100,18,38,8,13,7,3,11,2,0
2014,1,2014-01,Hastings-Sunrise,101,21,28,13,11,21,2,5,0,0
2014,2,2014-02,Hastings-Sunrise,63,10,19,11,3,10,4,4,2,0
2014,3,2014-03,Hastings-Sunrise,99,26,33,13,6,10,3,6,2,0
2014,4,2014-04,Hastings-Sunrise,60,15,16,5,5,11,3,2,3,0
2014,5,2014-05,Hastings-Sunrise,115,32,35,12,11,11,8,3,3,0
2014,6,2014-06,Hastings-Sunrise,108,22,41,15,6,13,3,5,3,0
2014,7,2014-07,Hastings-Sunrise,89,18,35,11,6,5,1,11,2,0
2014,8,2014-08,Hastings-Sunrise,101,23,38,19,9,2,2,6,2,0
2014,9,2014-09,Hastings-Sunrise,96,29,39,10,11,2,2,3,0,0
2014,10,2014-10,Hastings-Sunrise,81,18,28,17,3,1,1,10,3,0
2014,11,2014-11,Hastings-Sunrise,82,15,26,17,8,9,1,4,2,0
2014,12,2014-12,Hastings-Sunrise,96,18,30,10,8,24,3,3,0,0
2015,1,2015-01,Hastings-Sunrise,93,14,28,12,14,19,2,3,1,0
2015,2,2015-02,Hastings-Sunrise,81,16,22,16,4,15,2,5,1,0
2015,3,2015-03,Hastings-Sunrise,109,23,40,12,11,11,3,9,0,0
2015,4,2015-04,Hastings-Sunrise,89,16,26,15,10,11,5,6,0,0
2015,5,2015-05,Hastings-Sunrise,100,20,25,15,11,13,5,9,2,0
2015,6,2015-06,Hastings-Sunrise,83,21,33,7,3,6,3,7,3,0
2015,7,2015-07,Hastings-Sunrise,94,15,36,10,7,9,2,3,12,0
2015,8,2015-08,Hastings-Sunrise,108,17,42,16,6,17,5,5,0,0
2015,9,2015-09,Hastings-Sunrise,99,21,26,17,7,9,5,7,7,0
2015,10,2015-10,Hastings-Sunrise,122,17,59,13,4,12,6,8,3,0
2015,11,2015-11,Hastings-Sunrise,91,18,38,10,6,7,5,6,1,0
2015,12,2015-12,Hastings-Sunrise,133,10,43,26,8,29,6,10,1,0
2016,1,2016-01,Hastings-Sunrise,108,15,32,10,9,29,7,3,3,0
2016,2,2016-02,Hastings-Sunrise,114,23,41,13,6,21,1,9,0,0
2016,3,2016-03,Hastings-Sunrise,121,22,29,24,9,21,3,8,5,0
2016,4,2016-04,Hastings-Sunrise,107,26,35,18,7,15,1,2,3,0
2016,5,2016-05,Hastings-Sunrise,122,11,53,13,10,14,4,5,12,0
2016,6,2016-06,Hastings-Sunrise,102,17,29,15,7,19,2,8,5,0
2016,7,2016-07,Hastings-Sunrise,88,16,29,11,3,18,2,5,4,0
2016,8,2016-08,Hastings-Sunrise,114,32,39,14,7,11,0,6,5,0
2016,9,2016-09,Hastings-Sunrise,106,23,39,15,5,11,4,4,5,0
2016,10,2016-10,Hastings-Sunrise,127,24,51,17,8,14,4,7,2,0
2016,11,2016-11,Hastings-Sunrise,103,13,38,14,6,16,6,9,1,0
2016,12,2016-12,Hastings-Sunrise,79,10,19,15,13,12,2,8,0,0
2017,1,2017-01,Hastings-Sunrise,93,22,31,10,8,12,2,6,2,0
2017,2,2017-02,Hastings-Sunrise,79,11,30,12,5,11,2,8,0,0
2017,3,2017-03,Hastings-Sunrise,140,22,41,19,5,12,6,29,6,0
2017,4,2017-04,Hastings-Sunrise,95,13,30,10,12,17,5,6,2,0
2017,5,2017-05,Hastings-Sunrise,102,22,32,12,9,6,5,13,3,0
2017,6,2017-06,Hastings-Sunrise,102,24,32,11,5,15,1,6,8,0
2017,7,2017-07,Hastings-Sunrise,139,23,40,22,13,19,2,13,7,0
2017,8,2017-08,Hastings-Sunrise,148,18,67,22,3,7,1,17,13,0
2017,9,2017-09,Hastings-Sunrise,92,31,25,7,5,7,4,9,4,0
2017,10,2017-10,Hastings-Sunrise,135,26,48,19,7,12,4,11,8,0
2017,11,2017-11,Hastings-Sunrise,121,16,49,18,5,13,2,15,3,0
2017,12,2017-12,Hastings-Sunrise,112,18,39,16,10,14,7,7,1,0
2018,1,2018-01,Hastings-Sunrise,98,22,34,15,8,12,2,4,1,0
2018,2,2018-02,Hastings-Sunrise,91,21,35,8,7,14,3,1,2,0
2018,3,2018-03,Hastings-Sunrise,120,24,38,23,8,12,5,8,2,0
2018,4,2018-04,Hastings-Sunrise,122,23,51,19,5,10,7,4,3,0
2018,5,2018-05,Hastings-Sunrise,143,20,67,14,13,11,7,7,4,0
2018,6,2018-06,Hastings-Sunrise,142,21,62,17,14,7,8,9,4,0
2018,7,2018-07,Hastings-Sunrise,127,23,46,17,14,9,6,5,7,0
2018,8,2018-08,Hastings-Sunrise,136,32,57,14,4,8,1,12,8,0
2018,9,2018-09,Hastings-Sunrise,125,15,65,19,4,7,2,6,7,0
2018,10,2018-10,Hastings-Sunrise,105,16,44,25,3,7,1,7,2,0
2018,11,2018-11,Hastings-Sunrise,112,14,53,13,8,10,3,5,6,0
2018,12,2018-12,Hastings-Sunrise,116,22,55,11,5,8,3,6,6,0
2019,1,2019-01,Hastings-Sunrise,156,23,80,20,3,10,5,11,4,0
2019,2,2019-02,Hastings-Sunrise,99,18,34,22,15,6,2,1,1,0
2019,3,2019-03,Hastings-Sunrise,104,18,52,12,1,7,2,5,7,0
2019,4,2019-04,Hastings-Sunrise,113,19,50,15,7,3,4,7,8,0
2019,5,2019-05,Hastings-Sunrise,133,17,60,15,5,10,6,9,11,0
2019,6,2019-06,Hastings-Sunrise,137,20,54,22,5,13,8,8,7,0
2019,7,2019-07,Hastings-Sunrise,159,17,65,28,13,17,2,6,11,0
2019,8,2019-08,Hastings-Sunrise,144,23,62,16,7,13,1,14,8,0
2019,9,2019-09,Hastings-Sunrise,150,14,73,25,9,13,3,8,5,0
2019,10,2019-10,Hastings-Sunrise,137,18,56,22,10,16,5,6,4,0
2019,11,2019-11,Hastings-Sunrise,125,12,42,19,10,29,5,6,2,0
2019,12,2019-12,Hastings-Sunrise,98,11,39,18,4,15,3,5,3,0
2020,1,2020-01,Hastings-Sunrise,125,24,49,17,10,14,9,0,2,0
2020,2,2020-02,Hastings-Sunrise,124,24,38,31,10,12,6,3,0,0
2020,3,2020-03,Hastings-Sunrise,121,18,44,26,7,16,1,9,0,0
2020,4,2020-04,Hastings-Sunrise,109,12,38,19,5,16,7,7,5,0
2020,5,2020-05,Hastings-Sunrise,92,14,44,17,4,6,1,5,1,0
2020,6,2020-06,Hastings-Sunrise,105,12,35,25,9,8,7,4,5,0
2020,7,2020-07,Hastings-Sunrise,73,14,20,16,9,1,5,4,4,0
2020,8,2020-08,Hastings-Sunrise,122,14,53,19,11,9,6,5,5,0
2020,9,2020-09,Hastings-Sunrise,105,13,54,15,4,7,2,4,6,0
2020,10,2020-10,Hastings-Sunrise,100,17,35,17,12,7,6,5,1,0
2020,11,2020-11,Hastings-Sunrise,79,14,20,19,9,3,7,4,3,0
2020,12,2020-12,Hastings-Sunrise,89,16,26,19,9,12,2,4,1,0
2021,1,2021-01,Hastings-Sunrise,99,21,26,23,9,5,7,5,3,0
2021,2,2021-02,Hastings-Sunrise,108,13,50,23,6,12,2,0,2,0
2021,3,2021-03,Hastings-Sunrise,94,13,27,26,11,9,1,5,2,0
2021,4,2021-04,Hastings-Sunrise,106,19,44,21,3,11,5,1,2,0
2021,5,2021-05,Hastings-Sunrise,105,15,35,22,4,14,5,8,2,0
2021,6,2021-06,Hastings-Sunrise,112,15,40,14,16,9,7,6,5,0
2021,7,2021-07,Hastings-Sunrise,99,14,29,18,12,11,3,5,7,0
2021,8,2021-08,Hastings-Sunrise,78,13,27,16,6,5,2,4,5,0
2021,9,2021-09,Hastings-Sunrise,92,16,31,27,5,2,2,7,2,0
2021,10,2021-10,Hastings-Sunrise,82,16,33,10,8,4,0,9,2,0
2021,11,2021-11,Hastings-Sunrise,82,12,24,18,10,6,6,4,2,0
2021,12,2021-12,Hastings-Sunrise,61,18,20,9,4,6,1,2,1,0
2022,1,2022-01,Hastings-Sunrise,65,13,14,13,11,4,5,3,2,0
2022,2,2022-02,Hastings-Sunrise,70,17,18,13,8,4,5,3,2,0
2022,3,2022-03,Hastings-Sunrise,61,18,12,14,6,5,3,2,1,0
2022,4,2022-04,Hastings-Sunrise,89,18,27,17,7,5,10,1,4,0
2022,5,2022-05,Hastings-Sunrise,88,14,33,12,10,4,9,5,1,0
2022,6,2022-06,Hastings-Sunrise,67,12,20,11,8,9,2,3,2,0
2022,7,2022-07,Hastings-Sunrise,84,11,27,11,11,4,7,9,4,0
2022,8,2022-08,Hastings-Sunrise,66,10,24,8,10,7,2,2,3,0
2022,9,2022-09,Hastings-Sunrise,90,16,23,22,6,4,9,6,4,0
2022,10,2022-10,Hastings-Sunrise,83,14,23,18,8,7,5,6,2,0
2022,11,2022-11,Hastings-Sunrise,82,17,23,19,10,5,3,5,0,0
2022,12,2022-12,Hastings-Sunrise,52,6,16,12,5,6,3,4,0,0
2023,1,2023-01,Hastings-Sunrise,65,12,18,19,3,5,4,3,1,0
2023,2,2023-02,Hastings-Sunrise,61,13,15,12,5,6,3,7,0,0
2023,3,2023-03,Hastings-Sunrise,94,12,35,12,12,9,9,4,1,0
2023,4,2023-04,Hastings-Sunrise,66,12,11,13,8,12,6,4,0,0
2023,5,2023-05,Hastings-Sunrise,64,11,20,13,6,7,1,3,3,0
2023,6,2023-06,Hastings-Sunrise,77,9,32,10,9,5,4,7,1,0
2023,7,2023-07,Hastings-Sunrise,87,20,25,19,8,6,1,8,0,0
2023,8,2023-08,Hastings-Sunrise,76,11,19,19,15,6,2,2,2,0
2023,9,2023-09,Hastings-Sunrise,77,14,18,17,10,5,8,5,0,0
2023,10,2023-10,Hastings-Sunrise,83,16,35,20,8,2,0,2,0,0
2023,11,2023-11,Hastings-Sunrise,63,15,17,12,10,2,2,4,1,0
2023,12,2023-12,Hastings-Sunrise,79,18,22,21,3,3,8,3,1,0
2024,1,2024-01,Hastings-Sunrise,61,6,18,18,7,4,7,1,0,0
2024,2,2024-02,Hastings-Sunrise,74,10,19,19,13,8,3,1,1,0
2024,3,2024-03,Hastings-Sunrise,79,19,20,17,10,3,7,3,0,0
2024,4,2024-04,Hastings-Sunrise,69,21,18,9,4,7,4,5,1,0
2024,5,2024-05,Hastings-Sunrise,61,15,12,14,9,5,0,4,2,0
2024,6,2024-06,Hastings-Sunrise,67,15,17,16,8,4,4,1,2,0
2024,7,2024-07,Hastings-Sunrise,60,17,16,9,7,6,4,0,1,0
2024,8,2024-08,Hastings-Sunrise,84,20,23,13,7,6,6,5,4,0
2024,9,2024-09,Hastings-Sunrise,63,20,15,18,4,2,3,1,0,0
2024,10,2024-10,Hastings-Sunrise,67,27,14,13,5,5,1,0,2,0
2024,11,2024-11,Hastings-Sunrise,60,25,14,4,6,1,2,6,2,0
2024,12,2024-12,Hastings-Sunrise,57,27,10,7,4,3,4,1,1,0
2025,1,2025-01,Hastings-Sunrise,70,22,14,9,5,6,7,4,3,0
2025,2,2025-02,Hastings-Sunrise,59,22,8,7,11,3,5,3,0,0
2025,3,2025-03,Hastings-Sunrise,66,26,12,13,9,1,3,1,1,0
2025,4,2025-04,Hastings-Sunrise,87,27,25,16,6,3,4,2,4,0
2025,5,2025-05,Hastings-Sunrise,100,33,28,14,5,6,9,3,2,0
2025,6,2025-06,Hastings-Sunrise,68,18,21,10,7,4,2,4,2,0
2025,7,2025-07,Hastings-Sunrise,60,22,16,15,2,4,1,0,0,0
2025,8,2025-08,Hastings-Sunrise,84,33,24,8,6,4,2,3,4,0
2025,9,2025-09,Hastings-Sunrise,98,40,27,14,5,4,2,5,1,0
2025,10,2025-10,Hastings-Sunrise,94,25,29,18,6,4,6,3,3,0
2025,11,2025-11,Hastings-Sunrise,70,23,19,14,5,4,2,1,2,0
2025,12,2025-12,Hastings-Sunrise,52,11,18,15,5,0,3,0,0,0
2026,1,2026-01,Hastings-Sunrise,132,59,19,35,7,5,2,4,1,0
2026,2,2026-02,Hastings-Sunrise,90,58,8,8,6,6,2,1,1,0
2026,3,2026-03,Hastings-Sunrise,52,27,8,7,1,3,4,0,2,0
2026,4,2026-04,Hastings-Sunrise,64,21,16,14,5,2,3,2,1,0
2026,5,2026-05,Hastings-Sunrise,56,25,7,11,6,2,0,3,2,0
2026,6,2026-06,Hastings-Sunrise,87,31,21,19,9,3,0,0,4,0
2026,7,2026-07,Hastings-Sunrise,104,21,38,26,9,5,0,0,5,0
2026,8,2026-08,Hastings-Sunrise,74,19,27,10,3,6,6,2,1,0
2026,9,2026-09,Hastings-Sunrise,49,9,12,15,4,6,2,0,1,1
2003,1,2003-01,Kensington-Cedar Cottage,235,33,54,31,19,37,20,41,0,0
2003,2,2003-02,Kensington-Cedar Cottage,179,33,31,24,18,30,11,31,1,0
2003,3,2003-03,Kensington-Cedar Cottage,216,38,47,26,19,29,9,45,3,0
2003,4,2003-04,Kensington-Cedar Cottage,194,33,47,44,16,23,4,25,2,0
2003,5,2003-05,Kensington-Cedar Cottage,228,50,51,25,10,33,16,42,1,0
2003,6,2003-06,Kensington-Cedar Cottage,257,38,59,30,17,53,12,41,7,0
2003,7,2003-07,Kensington-Cedar Cottage,232,39,36,46,16,45,16,31,3,0
2003,8,2003-08,Kensington-Cedar Cottage,225,40,57,32,20,29,8,38,1,0
2003,9,2003-09,Kensington-Cedar Cottage,213,37,44,34,13,36,13,32,4,0
2003,10,2003-10,Kensington-Cedar Cottage,230,43,56,32,21,37,12,29,0,0
2003,11,2003-11,Kensington-Cedar Cottage,165,36,32,17,8,38,5,28,1,0
2003,12,2003-12,Kensington-Cedar Cottage,233,43,55,25,23,28,6,52,1,0
2004,1,2004-01,Kensington-Cedar Cottage,226,41,52,27,27,29,8,40,2,0
2004,2,2004-02,Kensington-Cedar Cottage,231,48,50,25,21,44,11,32,0,0
2004,3,2004-03,Kensington-Cedar Cottage,215,43,61,16,19,22,14,38,2,0
2004,4,2004-04,Kensington-Cedar Cottage,226,45,49,28,17,41,10,33,3,0
2004,5,2004-05,Kensington-Cedar Cottage,247,40,52,27,30,39,13,41,5,0
2004,6,2004-06,Kensington-Cedar Cottage,223,40,63,17,14,42,8,32,7,0
2004,7,2004-07,Kensington-Cedar Cottage,211,38,55,17,16,22,7,50,6,0
2004,8,2004-08,Kensington-Cedar Cottage,294,47,79,22,31,47,9,54,5,0
2004,9,2004-09,Kensington-Cedar Cottage,260,29,71,35,19,35,19,45,7,0
2004,10,2004-10,Kensington-Cedar Cottage,299,48,87,36,16,45,9,52,6,0
2004,11,2004-11,Kensington-Cedar Cottage,328,42,128,28,23,44,12,50,1,0
2004,12,2004-12,Kensington-Cedar Cottage,256,38,76,31,20,38,4,49,0,0
2005,1,2005-01,Kensington-Cedar Cottage,234,36,69,16,18,40,5,50,0,0
2005,2,2005-02,Kensington-Cedar Cottage,160,32,28,18,13,28,4,36,1,0
2005,3,2005-03,Kensington-Cedar Cottage,201,31,52,23,29,21,6,38,1,0
2005,4,2005-04,Kensington-Cedar Cottage,196,35,57,19,21,31,1,31,1,0
2005,5,2005-05,Kensington-Cedar Cottage,207,41,51,30,21,34,5,24,1,0
2005,6,2005-06,Kensington-Cedar Cottage,216,44,53,17,22,35,10,31,4,0
2005,7,2005-07,Kensington-Cedar Cottage,242,32,74,22,18,42,15,34,5,0
2005,8,2005-08,Kensington-Cedar Cottage,244,36,62,22,28,27,21,43,5,0
2005,9,2005-09,Kensington-Cedar Cottage,181,35,45,18,20,23,5,31,4,0
2005,10,2005-10,Kensington-Cedar Cottage,234,47,47,23,17,47,18,31,4,0
2005,11,2005-11,Kensington-Cedar Cottage,246,48,77,18,21,26,15,36,5,0
2005,12,2005-12,Kensington-Cedar Cottage,199,43,56,18,18,21,16,24,3,0
2006,1,2006-01,Kensington-Cedar Cottage,241,39,76,23,15,36,14,37,1,0
2006,2,2006-02,Kensington-Cedar Cottage,193,37,43,18,21,36,12,25,1,0
2006,3,2006-03,Kensington-Cedar Cottage,223,43,50,23,21,40,18,25,3,0
2006,4,2006-04,Kensington-Cedar Cottage,218,34,49,23,18,28,15,43,8,0
2006,5,2006-05,Kensington-Cedar Cottage,195,50,34,27,26,21,16,20,1,0
2006,6,2006-06,Kensington-Cedar Cottage,198,49,33,26,31,24,14,17,4,0
2006,7,2006-07,Kensington-Cedar Cottage,213,48,43,10,24,32,21,29,6,0
2006,8,2006-08,Kensington-Cedar Cottage,222,47,58,29,31,19,12,22,4,0
2006,9,2006-09,Kensington-Cedar Cottage,178,54,37,27,12,24,5,17,2,0
2006,10,2006-10,Kensington-Cedar Cottage,251,44,76,25,27,37,7,30,5,0
2006,11,2006-11,Kensington-Cedar Cottage,204,37,66,20,13,25,13,30,0,0
2006,12,2006-12,Kensington-Cedar Cottage,176,46,42,13,16,29,13,13,4,0
2007,1,2007-01,Kensington-Cedar Cottage,172,44,27,17,25,22,13,22,2,0
2007,2,2007-02,Kensington-Cedar Cottage,153,36,37,23,12,14,11,20,0,0
2007,3,2007-03,Kensington-Cedar Cottage,175,43,40,25,12,19,7,27,2,0
2007,4,2007-04,Kensington-Cedar Cottage,179,45,39,15,21,24,8,23,4,0
2007,5,2007-05,Kensington-Cedar Cottage,177,43,37,19,23,28,5,19,3,0
2007,6,2007-06,Kensington-Cedar Cottage,183,35,32,44,16,30,6,19,1,0
2007,7,2007-07,Kensington-Cedar Cottage,200,42,40,29,20,43,4,19,3,0
2007,8,2007-08,Kensington-Cedar Cottage,197,41,46,26,26,24,9,21,4,0
2007,9,2007-09,Kensington-Cedar Cottage,183,43,41,18,16,33,7,21,4,0
2007,10,2007-10,Kensington-Cedar Cottage,179,35,39,27,23,26,2,21,6,0
2007,11,2007-11,Kensington-Cedar Cottage,160,25,35,27,19,31,7,15,1,0
2007,12,2007-12,Kensington-Cedar Cottage,158,35,29,26,17,28,8,12,3,0
2008,1,2008-01,Kensington-Cedar Cottage,162,41,35,13,18,31,9,13,2,0
2008,2,2008-02,Kensington-Cedar Cottage,142,37,35,23,14,16,3,12,2,0
2008,3,2008-03,Kensington-Cedar Cottage,163,38,41,18,17,25,6,17,1,0
2008,4,2008-04,Kensington-Cedar Cottage,163,47,23,28,22,22,6,12,3,0
2008,5,2008-05,Kensington-Cedar Cottage,192,54,30,23,22,36,5,19,3,0
2008,6,2008-06,Kensington-Cedar Cottage,155,38,34,18,16,29,3,14,3,0
2008,7,2008-07,Kensington-Cedar Cottage,161,42,22,20,21,39,1,9,7,0
2008,8,2008-08,Kensington-Cedar Cottage,214,49,28,36,32,30,14,18,7,0
2008,9,2008-09,Kensington-Cedar Cottage,156,35,42,29,9,18,6,12,5,0
2008,10,2008-10,Kensington-Cedar Cottage,170,31,43,20,22,24,5,20,5,0
2008,11,2008-11,Kensington-Cedar Cottage,155,33,31,25,27,14,7,15,3,0
2008,12,2008-12,Kensington-Cedar Cottage,148,21,39,12,26,23,6,21,0,0
2009,1,2009-01,Kensington-Cedar Cottage,163,35,34,17,20,29,8,18,2,0
2009,2,2009-02,Kensington-Cedar Cottage,183,39,58,26,19,21,4,15,1,0
2009,3,2009-03,Kensington-Cedar Cottage,125,43,38,13,7,7,2,12,3,0
2009,4,2009-04,Kensington-Cedar Cottage,144,38,33,24,17,14,4,8,6,0
2009,5,2009-05,Kensington-Cedar Cottage,153,35,26,29,10,22,9,9,13,0
2009,6,2009-06,Kensington-Cedar Cottage,150,43,29,24,24,14,3,8,5,0
2009,7,2009-07,Kensington-Cedar Cottage,163,26,48,29,16,13,3,18,10,0
2009,8,2009-08,Kensington-Cedar Cottage,143,30,41,15,17,21,4,8,7,0
2009,9,2009-09,Kensington-Cedar Cottage,157,32,49,20,14,25,1,7,9,0
2009,10,2009-10,Kensington-Cedar Cottage,144,35,27,21,13,24,5,15,4,0
2009,11,2009-11,Kensington-Cedar Cottage,132,33,29,12,13,19,9,14,3,0
2009,12,2009-12,Kensington-Cedar Cottage,136,28,21,24,25,20,4,11,3,0
2010,1,2010-01,Kensington-Cedar Cottage,190,30,78,30,10,25,5,9,3,0
2010,2,2010-02,Kensington-Cedar Cottage,144,34,50,17,13,14,3,10,3,0
2010,3,2010-03,Kensington-Cedar Cottage,165,35,48,21,20,23,6,8,4,0
2010,4,2010-04,Kensington-Cedar Cottage,130,30,25,16,17,24,3,7,8,0
2010,5,2010-05,Kensington-Cedar Cottage,145,39,39,23,14,16,5,3,6,0
2010,6,2010-06,Kensington-Cedar Cottage,122,30,26,20,18,12,5,8,3,0
2010,7,2010-07,Kensington-Cedar Cottage,129,36,28,19,17,17,3,6,3,0
2010,8,2010-08,Kensington-Cedar Cottage,173,34,42,22,13,34,7,11,10,0
2010,9,2010-09,Kensington-Cedar Cottage,143,22,49,21,14,20,2,12,3,0
2010,10,2010-10,Kensington-Cedar Cottage,150,25,42,31,17,19,3,6,7,0
2010,11,2010-11,Kensington-Cedar Cottage,145,26,53,25,10,17,2,9,3,0
2010,12,2010-12,Kensington-Cedar Cottage,138,33,38,22,12,18,0,13,2,0
2011,1,2011-01,Kensington-Cedar Cottage,139,26,41,24,17,23,4,4,0,0
2011,2,2011-02,Kensington-Cedar Cottage,128,34,35,12,20,10,9,6,2,0
2011,3,2011-03,Kensington-Cedar Cottage,154,33,42,26,14,24,5,9,1,0
2011,4,2011-04,Kensington-Cedar Cottage,142,32,34,20,13,26,5,9,3,0
2011,5,2011-05,Kensington-Cedar Cottage,110,33,28,18,8,16,1,3,3,0
2011,6,2011-06,Kensington-Cedar Cottage,107,14,20,22,15,19,6,9,2,0
2011,7,2011-07,Kensington-Cedar Cottage,153,31,36,23,22,20,5,7,9,0
2011,8,2011-08,Kensington-Cedar Cottage,157,37,47,24,14,22,2,5,6,0
2011,9,2011-09,Kensington-Cedar Cottage,136,32,33,21,14,18,5,5,8,0
2011,10,2011-10,Kensington-Cedar Cottage,138,32,39,22,12,18,5,6,4,0
2011,11,2011-11,Kensington-Cedar Cottage,97,29,12,22,9,14,5,2,4,0
2011,12,2011-12,Kensington-Cedar Cottage,121,26,24,20,15,26,4,4,2,0
2012,1,2012-01,Kensington-Cedar Cottage,112,27,24,22,10,14,6,7,2,0
2012,2,2012-02,Kensington-Cedar Cottage,127,25,37,16,12,21,3,9,4,0
2012,3,2012-03,Kensington-Cedar Cottage,129,33,24,22,13,19,5,9,4,0
2012,4,2012-04,Kensington-Cedar Cottage,123,30,32,18,14,10,10,7,2,0
2012,5,2012-05,Kensington-Cedar Cottage,145,39,15,24,26,21,5,8,7,0
2012,6,2012-06,Kensington-Cedar Cottage,127,39,27,19,13,13,7,6,3,0
2012,7,2012-07,Kensington-Cedar Cottage,135,31,27,21,17,17,4,11,7,0
2012,8,2012-08,Kensington-Cedar Cottage,109,28,23,16,9,14,6,6,7,0
2012,9,2012-09,Kensington-Cedar Cottage,152,45,21,23,16,29,3,8,7,0
2012,10,2012-10,Kensington-Cedar Cottage,127,23,30,21,12,21,5,7,8,0
2012,11,2012-11,Kensington-Cedar Cottage,126,31,37,16,16,12,4,7,3,0
2012,12,2012-12,Kensington-Cedar Cottage,141,35,40,19,12,18,8,5,4,0
2013,1,2013-01,Kensington-Cedar Cottage,137,41,37,19,9,19,4,5,3,0
2013,2,2013-02,Kensington-Cedar Cottage,119,37,37,12,9,7,8,6,3,0
2013,3,2013-03,Kensington-Cedar Cottage,152,42,33,22,16,7,9,8,15,0
2013,4,2013-04,Kensington-Cedar Cottage,169,38,44,22,14,22,14,10,5,0
2013,5,2013-05,Kensington-Cedar Cottage,175,50,54,20,13,15,10,6,7,0
2013,6,2013-06,Kensington-Cedar Cottage,169,41,39,26,15,18,12,4,14,0
2013,7,2013-07,Kensington-Cedar Cottage,157,37,37,22,15,28,4,5,9,0
2013,8,2013-08,Kensington-Cedar Cottage,147,38,25,12,25,32,4,3,8,0
2013,9,2013-09,Kensington-Cedar Cottage,148,50,33,16,13,15,4,7,10,0
2013,10,2013-10,Kensington-Cedar Cottage,176,44,47,31,14,17,9,7,7,0
2013,11,2013-11,Kensington-Cedar Cottage,187,30,68,15,18,27,10,8,11,0
2013,12,2013-12,Kensington-Cedar Cottage,175,37,61,17,15,18,18,6,3,0
2014,1,2014-01,Kensington-Cedar Cottage,188,35,56,34,15,20,11,12,5,0
2014,2,2014-02,Kensington-Cedar Cottage,121,32,25,16,12,14,8,13,1,0
2014,3,2014-03,Kensington-Cedar Cottage,139,49,36,7,17,16,3,7,4,0
2014,4,2014-04,Kensington-Cedar Cottage,162,43,47,24,13,7,14,7,7,0
2014,5,2014-05,Kensington-Cedar Cottage,164,53,36,17,14,21,7,10,6,0
2014,6,2014-06,Kensington-Cedar Cottage,181,44,48,20,10,25,7,11,16,0
2014,7,2014-07,Kensington-Cedar Cottage,186,40,54,18,19,26,9,7,13,0
2014,8,2014-08,Kensington-Cedar Cottage,171,42,47,16,14,27,4,10,11,0
2014,9,2014-09,Kensington-Cedar Cottage,156,42,45,23,6,14,7,9,10,0
2014,10,2014-10,Kensington-Cedar Cottage,182,33,60,25,4,33,2,13,12,0
2014,11,2014-11,Kensington-Cedar Cottage,168,39,48,15,20,20,9,13,4,0
2014,12,2014-12,Kensington-Cedar Cottage,120,30,34,18,8,18,5,7,0,0
2015,1,2015-01,Kensington-Cedar Cottage,128,32,36,11,8,13,12,11,5,0
2015,2,2015-02,Kensington-Cedar Cottage,112,34,26,14,13,18,2,4,1,0
2015,3,2015-03,Kensington-Cedar Cottage,146,40,38,20,14,18,5,7,4,0
2015,4,2015-04,Kensington-Cedar Cottage,127,29,37,19,11,15,4,7,5,0
2015,5,2015-05,Kensington-Cedar Cottage,142,38,39,16,8,20,3,10,8,0
2015,6,2015-06,Kensington-Cedar Cottage,168,46,42,14,16,29,4,8,9,0
2015,7,2015-07,Kensington-Cedar Cottage,193,39,70,21,13,24,2,5,19,0
2015,8,2015-08,Kensington-Cedar Cottage,142,34,50,10,8,14,4,8,14,0
2015,9,2015-09,Kensington-Cedar Cottage,119,19,36,12,13,20,1,9,9,0
2015,10,2015-10,Kensington-Cedar Cottage,159,35,46,25,8,25,2,4,14,0
2015,11,2015-11,Kensington-Cedar Cottage,157,35,43,18,14,17,9,12,9,0
2015,12,2015-12,Kensington-Cedar Cottage,126,31,22,13,18,20,8,8,6,0
2016,1,2016-01,Kensington-Cedar Cottage,172,43,65,20,8,21,6,6,3,0
2016,2,2016-02,Kensington-Cedar Cottage,113,26,42,12,9,12,3,4,5,0
2016,3,2016-03,Kensington-Cedar Cottage,179,43,52,21,9,28,15,2,9,0
2016,4,2016-04,Kensington-Cedar Cottage,138,42,43,14,7,14,4,7,7,0
2016,5,2016-05,Kensington-Cedar Cottage,160,33,52,27,12,15,3,6,12,0
2016,6,2016-06,Kensington-Cedar Cottage,147,30,43,16,9,19,8,7,15,0
2016,7,2016-07,Kensington-Cedar Cottage,146,41,31,17,10,19,8,6,14,0
2016,8,2016-08,Kensington-Cedar Cottage,160,34,50,21,12,13,9,14,7,0
2016,9,2016-09,Kensington-Cedar Cottage,143,43,42,17,12,16,5,6,2,0
2016,10,2016-10,Kensington-Cedar Cottage,163,37,56,22,6,20,3,12,7,0
2016,11,2016-11,Kensington-Cedar Cottage,150,22,40,17,17,31,5,11,7,0
2016,12,2016-12,Kensington-Cedar Cottage,119,28,26,15,8,26,5,10,1,0
2017,1,2017-01,Kensington-Cedar Cottage,95,28,23,12,14,8,2,7,1,0
2017,2,2017-02,Kensington-Cedar Cottage,116,36,25,21,16,5,3,5,5,0
2017,3,2017-03,Kensington-Cedar Cottage,118,22,33,15,10,11,8,13,6,0
2017,4,2017-04,Kensington-Cedar Cottage,117,29,32,18,10,11,5,9,3,0
2017,5,2017-05,Kensington-Cedar Cottage,141,32,34,28,8,16,7,9,7,0
2017,6,2017-06,Kensington-Cedar Cottage,151,27,46,23,18,12,7,2,16,0
2017,7,2017-07,Kensington-Cedar Cottage,149,36,48,15,14,8,6,10,12,0
2017,8,2017-08,Kensington-Cedar Cottage,131,27,35,25,5,13,8,13,5,0
2017,9,2017-09,Kensington-Cedar Cottage,141,35,42,25,8,6,5,8,12,0
2017,10,2017-10,Kensington-Cedar Cottage,145,27,54,20,6,18,6,7,7,0
2017,11,2017-11,Kensington-Cedar Cottage,154,35,40,26,10,20,8,4,11,0
2017,12,2017-12,Kensington-Cedar Cottage,135,25,42,28,10,10,7,10,3,0
2018,1,2018-01,Kensington-Cedar Cottage,165,31,65,28,9,16,5,8,3,0
2018,2,2018-02,Kensington-Cedar Cottage,132,31,43,24,8,12,7,1,6,0
2018,3,2018-03,Kensington-Cedar Cottage,124,31,37,23,13,11,4,3,2,0
2018,4,2018-04,Kensington-Cedar Cottage,124,25,43,19,9,14,3,9,2,0
2018,5,2018-05,Kensington-Cedar Cottage,144,26,54,16,15,10,5,7,11,0
2018,6,2018-06,Kensington-Cedar Cottage,134,33,41,17,7,12,6,7,11,0
2018,7,2018-07,Kensington-Cedar Cottage,128,36,29,21,11,13,6,4,8,0
2018,8,2018-08,Kensington-Cedar Cottage,153,25,52,29,11,12,4,11,9,0
2018,9,2018-09,Kensington-Cedar Cottage,138,34,49,17,7,12,4,9,6,0
2018,10,2018-10,Kensington-Cedar Cottage,114,26,38,18,6,11,5,6,4,0
2018,11,2018-11,Kensington-Cedar Cottage,112,24,32,24,14,10,4,2,2,0
2018,12,2018-12,Kensington-Cedar Cottage,130,25,57,15,3,11,9,5,5,0
2019,1,2019-01,Kensington-Cedar Cottage,137,25,65,21,10,2,5,5,4,0
2019,2,2019-02,Kensington-Cedar Cottage,136,31,44,29,7,7,7,8,3,0
2019,3,2019-03,Kensington-Cedar Cottage,124,35,30,21,10,10,5,4,9,0
2019,4,2019-04,Kensington-Cedar Cottage,136,29,44,22,17,8,6,6,4,0
2019,5,2019-05,Kensington-Cedar Cottage,187,25,78,28,15,18,7,7,9,0
2019,6,2019-06,Kensington-Cedar Cottage,157,27,69,22,8,8,6,7,10,0
2019,7,2019-07,Kensington-Cedar Cottage,156,26,58,27,8,15,2,8,12,0
2019,8,2019-08,Kensington-Cedar Cottage,140,29,46,23,15,12,4,4,7,0
2019,9,2019-09,Kensington-Cedar Cottage,184,42,76,25,7,10,11,6,7,0
2019,10,2019-10,Kensington-Cedar Cottage,188,31,80,28,10,18,4,9,8,0
2019,11,2019-11,Kensington-Cedar Cottage,171,41,49,21,10,17,10,11,12,0
2019,12,2019-12,Kensington-Cedar Cottage,140,47,29,22,11,13,4,9,5,0
2020,1,2020-01,Kensington-Cedar Cottage,139,34,43,21,14,14,3,4,6,0
2020,2,2020-02,Kensington-Cedar Cottage,169,50,43,37,5,14,4,8,8,0
2020,3,2020-03,Kensington-Cedar Cottage,138,45,36,20,6,14,6,6,5,0
2020,4,2020-04,Kensington-Cedar Cottage,156,33,54,20,11,15,10,5,8,0
2020,5,2020-05,Kensington-Cedar Cottage,125,28,42,16,13,13,3,3,7,0
2020,6,2020-06,Kensington-Cedar Cottage,100,32,20,11,9,8,4,2,14,0
2020,7,2020-07,Kensington-Cedar Cottage,141,31,40,24,14,14,8,1,9,0
2020,8,2020-08,Kensington-Cedar Cottage,124,30,43,16,9,6,4,5,11,0
2020,9,2020-09,Kensington-Cedar Cottage,122,31,31,17,10,8,7,4,14,0
2020,10,2020-10,Kensington-Cedar Cottage,146,35,45,28,8,13,2,2,13,0
2020,11,2020-11,Kensington-Cedar Cottage,118,42,22,14,11,4,13,8,4,0
2020,12,2020-12,Kensington-Cedar Cottage,130,44,26,20,16,5,7,7,5,0
2021,1,2021-01,Kensington-Cedar Cottage,125,35,39,30,5,9,5,2,0,0
2021,2,2021-02,Kensington-Cedar Cottage,103,28,20,12,10,14,10,5,4,0
2021,3,2021-03,Kensington-Cedar Cottage,115,23,34,21,18,8,1,6,4,0
2021,4,2021-04,Kensington-Cedar Cottage,107,26,24,20,15,6,4,7,5,0
2021,5,2021-05,Kensington-Cedar Cottage,129,22,52,21,7,11,4,3,9,0
2021,6,2021-06,Kensington-Cedar Cottage,132,29,35,25,8,9,8,10,8,0
2021,7,2021-07,Kensington-Cedar Cottage,154,34,59,29,12,3,2,6,9,0
2021,8,2021-08,Kensington-Cedar Cottage,123,46,30,14,13,9,0,4,7,0
2021,9,2021-09,Kensington-Cedar Cottage,103,29,28,19,9,9,5,1,3,0
2021,10,2021-10,Kensington-Cedar Cottage,109,23,33,15,10,9,4,8,7,0
2021,11,2021-11,Kensington-Cedar Cottage,85,21,23,16,9,6,5,4,1,0
2021,12,2021-12,Kensington-Cedar Cottage,108,34,26,17,8,5,12,4,2,0
2022,1,2022-01,Kensington-Cedar Cottage,112,34,28,18,6,3,13,8,2,0
2022,2,2022-02,Kensington-Cedar Cottage,122,37,32,20,8,5,8,9,3,0
2022,3,2022-03,Kensington-Cedar Cottage,141,32,36,29,17,5,8,5,9,0
2022,4,2022-04,Kensington-Cedar Cottage,117,34,27,21,12,6,9,4,4,0
2022,5,2022-05,Kensington-Cedar Cottage,109,38,19,13,12,4,10,10,3,0
2022,6,2022-06,Kensington-Cedar Cottage,142,38,36,27,13,7,12,4,5,0
2022,7,2022-07,Kensington-Cedar Cottage,117,28,29,21,16,10,4,4,5,0
2022,8,2022-08,Kensington-Cedar Cottage,84,23,20,17,11,5,1,4,3,0
2022,9,2022-09,Kensington-Cedar Cottage,109,31,21,26,12,7,3,5,4,0
2022,10,2022-10,Kensington-Cedar Cottage,127,37,29,26,16,4,1,7,7,0
2022,11,2022-11,Kensington-Cedar Cottage,100,25,31,18,8,4,4,7,3,0
2022,12,2022-12,Kensington-Cedar Cottage,103,27,23,24,12,8,4,3,2,0
2023,1,2023-01,Kensington-Cedar Cottage,124,30,43,23,10,8,4,5,1,0
2023,2,2023-02,Kensington-Cedar Cottage,91,30,16,16,11,4,5,4,5,0
2023,3,2023-03,Kensington-Cedar Cottage,125,39,34,23,11,8,4,5,1,0
2023,4,2023-04,Kensington-Cedar Cottage,104,24,39,18,5,6,8,4,0,0
2023,5,2023-05,Kensington-Cedar Cottage,125,26,37,14,23,6,6,7,6,0
2023,6,2023-06,Kensington-Cedar Cottage,128,42,29,14,18,9,3,5,8,0
2023,7,2023-07,Kensington-Cedar Cottage,125,31,27,31,13,5,8,4,6,0
2023,8,2023-08,Kensington-Cedar Cottage,149,35,55,19,11,11,5,7,6,0
2023,9,2023-09,Kensington-Cedar Cottage,196,70,39,41,14,11,14,4,3,0
2023,10,2023-10,Kensington-Cedar Cottage,130,30,44,21,6,8,15,2,4,0
2023,11,2023-11,Kensington-Cedar Cottage,104,25,27,22,12,8,7,1,2,0
2023,12,2023-12,Kensington-Cedar Cottage,174,68,37,28,17,11,4,4,5,0
2024,1,2024-01,Kensington-Cedar Cottage,129,33,42,22,21,2,6,2,1,0
2024,2,2024-02,Kensington-Cedar Cottage,102,35,20,23,9,8,2,2,3,0
2024,3,2024-03,Kensington-Cedar Cottage,111,39,27,19,10,5,5,4,2,0
2024,4,2024-04,Kensington-Cedar Cottage,101,34,26,13,12,2,4,6,4,0
2024,5,2024-05,Kensington-Cedar Cottage,147,64,30,21,13,5,7,3,4,0
2024,6,2024-06,Kensington-Cedar Cottage,118,34,28,23,10,7,4,3,9,0
2024,7,2024-07,Kensington-Cedar Cottage,86,24,19,20,6,4,4,4,5,0
2024,8,2024-08,Kensington-Cedar Cottage,99,39,14,13,16,8,2,4,3,0
2024,9,2024-09,Kensington-Cedar Cottage,119,61,22,14,9,6,4,1,2,0
2024,10,2024-10,Kensington-Cedar Cottage,97,37,11,22,13,6,3,4,1,0
2024,11,2024-11,Kensington-Cedar Cottage,96,27,18,20,2,10,8,7,4,0
2024,12,2024-12,Kensington-Cedar Cottage,104,34,20,18,18,5,2,4,3,0
2025,1,2025-01,Kensington-Cedar Cottage,94,35,18,17,14,1,4,3,2,0
2025,2,2025-02,Kensington-Cedar Cottage,100,46,14,15,8,7,9,0,1,0
2025,3,2025-03,Kensington-Cedar Cottage,129,59,33,19,8,2,4,3,1,0
2025,4,2025-04,Kensington-Cedar Cottage,137,44,28,32,15,2,2,7,7,0
2025,5,2025-05,Kensington-Cedar Cottage,126,53,26,26,11,3,2,3,2,0
2025,6,2025-06,Kensington-Cedar Cottage,150,56,33,28,15,6,4,3,5,0
2025,7,2025-07,Kensington-Cedar Cottage,138,48,34,22,17,5,5,5,2,0
2025,8,2025-08,Kensington-Cedar Cottage,117,52,20,16,9,8,3,5,4,0
2025,9,2025-09,Kensington-Cedar Cottage,114,44,31,7,11,5,7,3,6,0
2025,10,2025-10,Kensington-Cedar Cottage,160,50,40,13,18,20,9,5,5,0
2025,11,2025-11,Kensington-Cedar Cottage,154,65,33,29,10,8,5,2,2,0
2025,12,2025-12,Kensington-Cedar Cottage,131,49,22,24,16,5,5,4,6,0
2026,1,2026-01,Kensington-Cedar Cottage,136,69,21,22,11,4,5,3,1,0
2026,2,2026-02,Kensington-Cedar Cottage,147,66,34,30,5,8,3,1,0,0
2026,3,2026-03,Kensington-Cedar Cottage,150,75,32,19,9,2,7,1,5,0
2026,4,2026-04,Kensington-Cedar Cottage,145,75,26,26,8,4,4,1,1,0
2026,5,2026-05,Kensington-Cedar Cottage,150,72,32,19,10,7,3,2,5,0
2026,6,2026-06,Kensington-Cedar Cottage,157,65,43,18,13,6,3,3,6,0
2026,7,2026-07,Kensington-Cedar Cottage,141,70,42,13,3,3,2,1,7,0
2026,8,2026-08,Kensington-Cedar Cottage,135,55,28,26,4,9,6,2,5,0
2026,9,2026-09,Kensington-Cedar Cottage,129,63,24,15,5,5,8,6,3,1
2003,1,2003-01,Kerrisdale,58,10,11,3,0,23,6,5,0,0
2003,2,2003-02,Kerrisdale,56,10,15,9,3,11,3,5,0,0
2003,3,2003-03,Kerrisdale,57,6,14,9,4,18,3,3,0,0
2003,4,2003-04,Kerrisdale,77,10,23,9,4,22,1,7,1,0
2003,5,2003-05,Kerrisdale,64,10,16,7,3,13,7,8,0,0
2003,6,2003-06,Kerrisdale,55,8,12,8,0,14,1,12,0,0
2003,7,2003-07,Kerrisdale,60,12,17,12,3,12,1,2,1,0
2003,8,2003-08,Kerrisdale,50,12,14,5,1,9,4,5,0,0
2003,9,2003-09,Kerrisdale,68,6,27,5,3,9,6,11,1,0
2003,10,2003-10,Kerrisdale,66,9,21,11,1,14,3,4,3,0
2003,11,2003-11,Kerrisdale,52,7,17,4,3,10,3,6,2,0
2003,12,2003-12,Kerrisdale,48,9,10,7,2,14,3,3,0,0
2004,1,2004-01,Kerrisdale,58,5,13,11,3,18,0,8,0,0
2004,2,2004-02,Kerrisdale,68,10,17,6,3,13,4,13,2,0
2004,3,2004-03,Kerrisdale,57,4,18,6,3,13,1,10,2,0
2004,4,2004-04,Kerrisdale,77,8,21,8,2,24,4,9,1,0
2004,5,2004-05,Kerrisdale,83,10,39,4,4,19,1,6,0,0
2004,6,2004-06,Kerrisdale,56,2,24,15,0,8,1,4,2,0
2004,7,2004-07,Kerrisdale,54,11,10,11,2,11,0,7,2,0
2004,8,2004-08,Kerrisdale,54,19,15,7,1,10,0,1,1,0
2004,9,2004-09,Kerrisdale,90,13,40,7,0,14,3,11,2,0
2004,10,2004-10,Kerrisdale,119,12,63,11,1,15,4,10,3,0
2004,11,2004-11,Kerrisdale,126,10,78,15,1,10,4,4,4,0
2004,12,2004-12,Kerrisdale,73,6,36,6,2,14,3,5,1,0
2005,1,2005-01,Kerrisdale,106,14,47,11,4,17,2,11,0,0
2005,2,2005-02,Kerrisdale,72,4,28,8,2,17,3,9,1,0
2005,3,2005-03,Kerrisdale,99,12,45,9,2,12,4,13,2,0
2005,4,2005-04,Kerrisdale,129,15,81,13,2,6,2,8,2,0
2005,5,2005-05,Kerrisdale,79,17,32,10,1,9,2,6,2,0
2005,6,2005-06,Kerrisdale,68,5,31,16,4,7,0,5,0,0
2005,7,2005-07,Kerrisdale,40,9,9,4,3,6,5,4,0,0
2005,8,2005-08,Kerrisdale,66,9,17,12,1,14,3,9,1,0
2005,9,2005-09,Kerrisdale,55,7,22,8,1,6,5,6,0,0
2005,10,2005-10,Kerrisdale,57,8,14,14,4,9,0,5,3,0
2005,11,2005-11,Kerrisdale,58,5,24,9,1,15,1,2,1,0
2005,12,2005-12,Kerrisdale,64,4,14,13,2,18,7,5,1,0
2006,1,2006-01,Kerrisdale,101,8,43,11,2,27,1,6,3,0
2006,2,2006-02,Kerrisdale,69,10,32,7,3,12,2,2,1,0
2006,3,2006-03,Kerrisdale,62,7,20,8,3,18,1,5,0,0
2006,4,2006-04,Kerrisdale,50,6,16,5,2,14,0,6,1,0
2006,5,2006-05,Kerrisdale,44,2,19,8,4,8,1,2,0,0
2006,6,2006-06,Kerrisdale,57,9,26,6,0,13,1,2,0,0
2006,7,2006-07,Kerrisdale,46,6,13,7,0,14,0,3,3,0
2006,8,2006-08,Kerrisdale,67,7,12,7,5,12,18,6,0,0
2006,9,2006-09,Kerrisdale,53,5,16,6,3,16,1,5,1,0
2006,10,2006-10,Kerrisdale,43,2,20,5,2,12,2,0,0,0
2006,11,2006-11,Kerrisdale,76,6,26,12,3,24,2,3,0,0
2006,12,2006-12,Kerrisdale,49,5,20,2,1,14,2,4,1,0
2007,1,2007-01,Kerrisdale,46,3,12,7,1,14,0,8,1,0
2007,2,2007-02,Kerrisdale,46,6,14,6,1,15,0,3,1,0
2007,3,2007-03,Kerrisdale,29,7,7,3,2,9,0,0,1,0
2007,4,2007-04,Kerrisdale,58,5,19,10,0,14,2,5,3,0
2007,5,2007-05,Kerrisdale,40,6,10,12,0,7,0,4,1,0
2007,6,2007-06,Kerrisdale,48,10,8,12,0,6,1,7,4,0
2007,7,2007-07,Kerrisdale,45,10,13,5,2,9,1,5,0,0
2007,8,2007-08,Kerrisdale,48,6,16,4,3,9,3,4,3,0
2007,9,2007-09,Kerrisdale,49,6,22,3,0,10,2,3,3,0
2007,10,2007-10,Kerrisdale,42,6,5,8,5,15,0,3,0,0
2007,11,2007-11,Kerrisdale,47,6,15,11,1,9,1,3,1,0
2007,12,2007-12,Kerrisdale,32,3,5,10,0,8,1,4,1,0
2008,1,2008-01,Kerrisdale,35,8,6,2,2,7,7,2,1,0
2008,2,2008-02,Kerrisdale,27,6,3,8,3,5,2,0,0,0
2008,3,2008-03,Kerrisdale,44,6,9,6,2,12,4,4,1,0
2008,4,2008-04,Kerrisdale,25,3,9,4,1,5,0,1,2,0
2008,5,2008-05,Kerrisdale,33,7,5,3,5,7,3,3,0,0
2008,6,2008-06,Kerrisdale,58,10,25,8,2,8,0,4,1,0
2008,7,2008-07,Kerrisdale,31,7,7,2,0,9,2,2,2,0
2008,8,2008-08,Kerrisdale,34,7,4,6,1,7,2,6,1,0
2008,9,2008-09,Kerrisdale,19,4,3,3,1,7,1,0,0,0
2008,10,2008-10,Kerrisdale,36,5,10,9,2,6,2,2,0,0
2008,11,2008-11,Kerrisdale,21,3,5,4,0,5,3,1,0,0
2008,12,2008-12,Kerrisdale,41,8,18,2,1,8,0,4,0,0
2009,1,2009-01,Kerrisdale,58,10,22,5,5,14,1,1,0,0
2009,2,2009-02,Kerrisdale,44,9,8,3,4,12,1,6,1,0
2009,3,2009-03,Kerrisdale,33,10,5,3,4,8,0,1,2,0
2009,4,2009-04,Kerrisdale,24,7,11,2,1,1,1,1,0,0
2009,5,2009-05,Kerrisdale,45,8,15,7,3,8,1,3,0,0
2009,6,2009-06,Kerrisdale,50,10,14,11,2,9,2,2,0,0
2009,7,2009-07,Kerrisdale,44,8,20,2,2,9,0,2,1,0
2009,8,2009-08,Kerrisdale,33,8,5,5,0,10,2,3,0,0
2009,9,2009-09,Kerrisdale,36,5,9,6,3,11,0,2,0,0
2009,10,2009-10,Kerrisdale,46,9,9,8,0,12,1,4,3,0
2009,11,2009-11,Kerrisdale,46,3,13,6,4,15,3,2,0,0
2009,12,2009-12,Kerrisdale,30,4,7,8,2,6,1,1,1,0
2010,1,2010-01,Kerrisdale,38,5,10,4,4,13,1,1,0,0
2010,2,2010-02,Kerrisdale,29,2,6,6,1,12,0,2,0,0
2010,3,2010-03,Kerrisdale,31,4,7,0,1,10,3,5,1,0
2010,4,2010-04,Kerrisdale,46,5,9,8,2,7,5,8,2,0
2010,5,2010-05,Kerrisdale,44,4,18,10,2,5,4,1,0,0
2010,6,2010-06,Kerrisdale,47,7,18,8,3,8,1,2,0,0
2010,7,2010-07,Kerrisdale,28,3,7,7,1,5,0,2,3,0
2010,8,2010-08,Kerrisdale,33,6,7,6,1,9,2,1,1,0
2010,9,2010-09,Kerrisdale,21,5,8,3,0,4,0,0,1,0
2010,10,2010-10,Kerrisdale,30,4,9,4,2,9,0,2,0,0
2010,11,2010-11,Kerrisdale,41,7,12,4,1,14,0,3,0,0
2010,12,2010-12,Kerrisdale,34,5,11,4,0,6,2,4,2,0
2011,1,2011-01,Kerrisdale,40,3,16,6,0,11,0,2,2,0
2011,2,2011-02,Kerrisdale,33,7,14,3,0,7,0,2,0,0
2011,3,2011-03,Kerrisdale,45,5,9,12,6,8,2,3,0,0
2011,4,2011-04,Kerrisdale,28,4,10,7,0,6,0,0,1,0
2011,5,2011-05,Kerrisdale,34,5,15,4,1,8,1,0,0,0
2011,6,2011-06,Kerrisdale,44,5,10,11,2,7,1,6,2,0
2011,7,2011-07,Kerrisdale,38,4,22,5,1,3,0,2,1,0
2011,8,2011-08,Kerrisdale,23,4,7,5,0,2,2,2,1,0
2011,9,2011-09,Kerrisdale,37,4,16,4,2,9,0,2,0,0
2011,10,2011-10,Kerrisdale,36,2,18,6,1,7,2,0,0,0
2011,11,2011-11,Kerrisdale,45,3,16,6,0,18,0,2,0,0
2011,12,2011-12,Kerrisdale,46,3,24,3,2,10,3,1,0,0
2012,1,2012-01,Kerrisdale,44,6,22,5,0,10,0,1,0,0
2012,2,2012-02,Kerrisdale,34,3,14,2,2,13,0,0,0,0
2012,3,2012-03,Kerrisdale,44,5,16,9,2,9,1,2,0,0
2012,4,2012-04,Kerrisdale,40,5,13,10,0,11,0,1,0,0
2012,5,2012-05,Kerrisdale,35,11,11,4,1,8,0,0,0,0
2012,6,2012-06,Kerrisdale,51,12,20,9,2,5,2,1,0,0
2012,7,2012-07,Kerrisdale,45,7,20,7,2,4,2,0,3,0
2012,8,2012-08,Kerrisdale,63,3,24,16,0,15,0,0,5,0
2012,9,2012-09,Kerrisdale,69,7,26,7,1,21,3,1,3,0
2012,10,2012-10,Kerrisdale,44,4,17,4,4,11,4,0,0,0
2012,11,2012-11,Kerrisdale,63,11,23,6,2,19,0,2,0,0
2012,12,2012-12,Kerrisdale,45,4,20,4,0,11,3,2,1,0
2013,1,2013-01,Kerrisdale,33,10,5,4,1,11,1,0,1,0
2013,2,2013-02,Kerrisdale,33,7,10,4,2,5,2,3,0,0
2013,3,2013-03,Kerrisdale,37,3,4,3,7,10,5,5,0,0
2013,4,2013-04,Kerrisdale,44,3,17,1,2,10,3,5,3,0
2013,5,2013-05,Kerrisdale,19,4,4,5,1,3,2,0,0,0
2013,6,2013-06,Kerrisdale,45,6,16,5,5,9,2,1,1,0
2013,7,2013-07,Kerrisdale,26,7,7,2,3,5,0,1,1,0
2013,8,2013-08,Kerrisdale,24,4,10,5,1,3,0,1,0,0
2013,9,2013-09,Kerrisdale,25,8,7,3,1,5,0,1,0,0
2013,10,2013-10,Kerrisdale,32,3,13,3,2,7,1,2,1,0
2013,11,2013-11,Kerrisdale,29,4,12,3,0,6,0,2,2,0
2013,12,2013-12,Kerrisdale,45,3,18,5,2,12,2,3,0,0
2014,1,2014-01,Kerrisdale,47,4,15,5,0,15,3,4,1,0
2014,2,2014-02,Kerrisdale,26,5,8,4,0,4,3,2,0,0
2014,3,2014-03,Kerrisdale,28,4,15,0,0,8,1,0,0,0
2014,4,2014-04,Kerrisdale,52,10,15,3,1,16,5,1,1,0
2014,5,2014-05,Kerrisdale,33,9,6,7,4,5,0,2,0,0
2014,6,2014-06,Kerrisdale,32,11,6,4,0,4,2,3,2,0
2014,7,2014-07,Kerrisdale,42,3,11,6,1,8,4,4,5,0
2014,8,2014-08,Kerrisdale,30,4,10,1,0,10,3,2,0,0
2014,9,2014-09,Kerrisdale,44,11,14,1,0,11,4,2,1,0
2014,10,2014-10,Kerrisdale,55,16,13,4,2,11,4,3,2,0
2014,11,2014-11,Kerrisdale,39,9,13,2,1,12,0,1,1,0
2014,12,2014-12,Kerrisdale,36,5,14,2,0,12,3,0,0,0
2015,1,2015-01,Kerrisdale,54,7,16,1,4,15,6,3,2,0
2015,2,2015-02,Kerrisdale,40,10,8,4,0,16,2,0,0,0
2015,3,2015-03,Kerrisdale,27,7,12,1,0,5,0,1,1,0
2015,4,2015-04,Kerrisdale,47,12,16,3,0,12,2,1,1,0
2015,5,2015-05,Kerrisdale,27,6,12,2,0,4,1,0,2,0
2015,6,2015-06,Kerrisdale,38,8,11,5,0,9,1,1,3,0
2015,7,2015-07,Kerrisdale,42,4,22,3,1,8,2,1,1,0
2015,8,2015-08,Kerrisdale,44,4,22,3,1,8,0,1,5,0
2015,9,2015-09,Kerrisdale,48,12,11,4,2,16,1,1,1,0
2015,10,2015-10,Kerrisdale,46,11,13,5,2,10,1,4,0,0
2015,11,2015-11,Kerrisdale,62,5,30,7,0,18,0,1,1,0
2015,12,2015-12,Kerrisdale,49,4,19,2,1,15,2,5,1,0
2016,1,2016-01,Kerrisdale,45,6,19,4,0,12,1,1,2,0
2016,2,2016-02,Kerrisdale,50,10,18,7,1,11,0,2,1,0
2016,3,2016-03,Kerrisdale,43,13,17,3,0,8,1,1,0,0
2016,4,2016-04,Kerrisdale,44,10,16,6,1,6,1,2,2,0
2016,5,2016-05,Kerrisdale,34,14,12,1,0,4,1,1,1,0
2016,6,2016-06,Kerrisdale,39,4,17,2,1,5,4,3,3,0
2016,7,2016-07,Kerrisdale,34,8,10,3,2,6,1,3,1,0
2016,8,2016-08,Kerrisdale,53,4,12,7,0,22,0,4,4,0
2016,9,2016-09,Kerrisdale,28,10,9,1,2,4,1,0,1,0
2016,10,2016-10,Kerrisdale,37,4,17,5,0,10,0,0,1,0
2016,11,2016-11,Kerrisdale,45,7,14,4,6,12,1,0,1,0
2016,12,2016-12,Kerrisdale,56,10,18,5,0,12,5,2,4,0
2017,1,2017-01,Kerrisdale,31,5,6,5,0,9,5,1,0,0
2017,2,2017-02,Kerrisdale,25,2,7,4,1,8,2,1,0,0
2017,3,2017-03,Kerrisdale,36,5,6,5,4,11,4,1,0,0
2017,4,2017-04,Kerrisdale,38,4,9,13,0,9,2,0,1,0
2017,5,2017-05,Kerrisdale,33,5,10,6,1,6,2,3,0,0
2017,6,2017-06,Kerrisdale,50,3,22,6,0,13,1,3,2,0
2017,7,2017-07,Kerrisdale,42,6,9,8,3,12,3,1,0,0
2017,8,2017-08,Kerrisdale,49,1,20,12,1,11,2,2,0,0
2017,9,2017-09,Kerrisdale,31,1,10,5,1,10,4,0,0,0
2017,10,2017-10,Kerrisdale,24,3,9,3,0,3,1,3,2,0
2017,11,2017-11,Kerrisdale,47,3,16,5,1,17,3,2,0,0
2017,12,2017-12,Kerrisdale,41,7,19,7,0,5,1,2,0,0
2018,1,2018-01,Kerrisdale,41,4,16,3,2,10,4,2,0,0
2018,2,2018-02,Kerrisdale,32,2,14,2,1,11,1,1,0,0
2018,3,2018-03,Kerrisdale,47,4,17,14,3,7,1,0,1,0
2018,4,2018-04,Kerrisdale,30,3,15,1,1,5,2,1,2,0
2018,5,2018-05,Kerrisdale,42,12,14,2,4,7,2,1,0,0
2018,6,2018-06,Kerrisdale,40,4,14,7,2,7,3,0,3,0
2018,7,2018-07,Kerrisdale,33,6,11,4,0,7,2,1,2,0
2018,8,2018-08,Kerrisdale,32,7,12,4,2,4,0,0,3,0
2018,9,2018-09,Kerrisdale,42,11,16,4,0,5,4,2,0,0
2018,10,2018-10,Kerrisdale,45,4,15,4,2,17,0,2,1,0
2018,11,2018-11,Kerrisdale,37,10,14,3,0,6,3,0,1,0
2018,12,2018-12,Kerrisdale,40,8,14,1,4,11,1,1,0,0
2019,1,2019-01,Kerrisdale,46,13,13,4,2,9,3,1,1,0
2019,2,2019-02,Kerrisdale,29,5,9,3,0,8,4,0,0,0
2019,3,2019-03,Kerrisdale,40,9,13,6,0,10,0,2,0,0
2019,4,2019-04,Kerrisdale,32,11,6,5,0,6,2,2,0,0
2019,5,2019-05,Kerrisdale,35,5,21,5,0,3,0,1,0,0
2019,6,2019-06,Kerrisdale,27,8,8,2,3,4,0,0,2,0
2019,7,2019-07,Kerrisdale,62,4,19,10,0,12,5,7,5,0
2019,8,2019-08,Kerrisdale,42,6,12,6,0,12,1,4,1,0
2019,9,2019-09,Kerrisdale,59,6,21,3,2,16,4,3,4,0
2019,10,2019-10,Kerrisdale,49,10,12,3,0,14,3,2,5,0
2019,11,2019-11,Kerrisdale,44,10,9,8,1,11,2,2,1,0
2019,12,2019-12,Kerrisdale,32,7,11,2,2,8,2,0,0,0
2020,1,2020-01,Kerrisdale,40,11,15,5,0,7,0,1,1,0
2020,2,2020-02,Kerrisdale,41,4,16,5,0,11,4,1,0,0
2020,3,2020-03,Kerrisdale,42,7,14,4,3,7,1,3,3,0
2020,4,2020-04,Kerrisdale,34,4,14,5,0,3,5,1,2,0
2020,5,2020-05,Kerrisdale,33,5,11,4,4,4,3,0,2,0
2020,6,2020-06,Kerrisdale,29,3,10,6,1,7,2,0,0,0
2020,7,2020-07,Kerrisdale,23,9,2,3,3,4,1,0,1,0
2020,8,2020-08,Kerrisdale,44,6,12,7,2,5,2,1,9,0
2020,9,2020-09,Kerrisdale,59,8,22,3,2,15,3,1,5,0
2020,10,2020-10,Kerrisdale,38,8,14,4,3,4,4,0,1,0
2020,11,2020-11,Kerrisdale,30,11,7,1,0,5,2,1,3,0
2020,12,2020-12,Kerrisdale,31,5,6,8,0,5,5,2,0,0
2021,1,2021-01,Kerrisdale,34,4,8,6,1,10,1,3,1,0
2021,2,2021-02,Kerrisdale,32,6,8,7,1,7,2,0,1,0
2021,3,2021-03,Kerrisdale,38,6,12,3,3,12,1,0,1,0
2021,4,2021-04,Kerrisdale,43,8,8,6,3,7,4,2,5,0
2021,5,2021-05,Kerrisdale,37,8,11,2,2,11,2,0,1,0
2021,6,2021-06,Kerrisdale,39,9,13,3,2,8,2,1,1,0
2021,7,2021-07,Kerrisdale,42,5,15,8,3,9,0,1,1,0
2021,8,2021-08,Kerrisdale,37,4,14,8,1,3,4,2,1,0
2021,9,2021-09,Kerrisdale,32,5,17,1,0,5,0,2,2,0
2021,10,2021-10,Kerrisdale,25,5,15,2,0,2,1,0,0,0
2021,11,2021-11,Kerrisdale,18,3,7,2,1,4,0,0,1,0
2021,12,2021-12,Kerrisdale,36,8,8,5,4,10,1,0,0,0
2022,1,2022-01,Kerrisdale,27,8,2,5,0,4,5,2,1,0
2022,2,2022-02,Kerrisdale,28,3,7,3,0,6,6,0,3,0
2022,3,2022-03,Kerrisdale,38,12,3,4,4,9,1,0,5,0
2022,4,2022-04,Kerrisdale,39,14,12,3,5,2,2,1,0,0
2022,5,2022-05,Kerrisdale,27,5,2,5,4,7,1,0,3,0
2022,6,2022-06,Kerrisdale,33,11,6,4,3,6,0,0,3,0
2022,7,2022-07,Kerrisdale,23,7,5,5,2,2,2,0,0,0
2022,8,2022-08,Kerrisdale,30,8,8,3,2,2,3,1,3,0
2022,9,2022-09,Kerrisdale,19,6,4,1,0,2,3,2,1,0
2022,10,2022-10,Kerrisdale,25,10,4,1,3,6,0,0,1,0
2022,11,2022-11,Kerrisdale,11,3,0,4,2,2,0,0,0,0
2022,12,2022-12,Kerrisdale,17,8,4,1,1,1,1,0,1,0
2023,1,2023-01,Kerrisdale,19,6,1,2,4,4,2,0,0,0
2023,2,2023-02,Kerrisdale,26,12,4,2,1,5,1,0,1,0
2023,3,2023-03,Kerrisdale,31,6,7,8,3,4,1,1,1,0
2023,4,2023-04,Kerrisdale,25,8,5,2,1,5,1,3,0,0
2023,5,2023-05,Kerrisdale,26,7,10,3,1,3,1,0,1,0
2023,6,2023-06,Kerrisdale,35,11,9,4,3,6,2,0,0,0
2023,7,2023-07,Kerrisdale,25,9,9,4,2,0,0,0,1,0
2023,8,2023-08,Kerrisdale,49,26,9,7,3,4,0,0,0,0
2023,9,2023-09,Kerrisdale,35,17,10,1,2,1,1,3,0,0
2023,10,2023-10,Kerrisdale,48,15,10,10,2,8,2,1,0,0
2023,11,2023-11,Kerrisdale,25,7,7,3,2,4,2,0,0,0
2023,12,2023-12,Kerrisdale,23,8,5,5,0,3,0,1,1,0
2024,1,2024-01,Kerrisdale,14,4,3,2,2,2,1,0,0,0
2024,2,2024-02,Kerrisdale,22,7,3,3,6,1,0,2,0,0
2024,3,2024-03,Kerrisdale,34,11,14,4,1,2,2,0,0,0
2024,4,2024-04,Kerrisdale,29,4,10,5,1,3,4,2,0,0
2024,5,2024-05,Kerrisdale,25,7,5,5,1,3,1,1,2,0
2024,6,2024-06,Kerrisdale,34,12,4,4,1,6,2,1,4,0
2024,7,2024-07,Kerrisdale,33,9,7,9,4,3,1,0,0,0
2024,8,2024-08,Kerrisdale,23,6,7,3,3,3,0,0,1,0
2024,9,2024-09,Kerrisdale,20,6,5,2,1,2,1,1,2,0
2024,10,2024-10,Kerrisdale,35,9,8,2,4,9,0,1,2,0
2024,11,2024-11,Kerrisdale,39,15,10,5,2,6,0,1,0,0
2024,12,2024-12,Kerrisdale,32,14,5,0,1,8,4,0,0,0
2025,1,2025-01,Kerrisdale,36,10,15,6,0,4,0,1,0,0
2025,2,2025-02,Kerrisdale,15,12,0,1,1,0,0,1,0,0
2025,3,2025-03,Kerrisdale,32,10,7,10,3,1,0,1,0,0
2025,4,2025-04,Kerrisdale,16,7,4,3,0,1,1,0,0,0
2025,5,2025-05,Kerrisdale,29,15,5,5,2,1,1,0,0,0
2025,6,2025-06,Kerrisdale,25,13,8,0,1,3,0,0,0,0
2025,7,2025-07,Kerrisdale,28,12,5,5,2,2,0,2,0,0
2025,8,2025-08,Kerrisdale,35,12,11,4,0,2,2,4,0,0
2025,9,2025-09,Kerrisdale,36,17,12,4,3,0,0,0,0,0
2025,10,2025-10,Kerrisdale,30,19,4,1,2,1,3,0,0,0
2025,11,2025-11,Kerrisdale,23,8,6,7,1,0,1,0,0,0
2025,12,2025-12,Kerrisdale,19,9,0,4,1,4,0,1,0,0
2026,1,2026-01,Kerrisdale,37,15,16,2,0,4,0,0,0,0
2026,2,2026-02,Kerrisdale,27,7,7,5,4,3,0,0,1,0
2026,3,2026-03,Kerrisdale,22,10,2,5,1,3,0,1,0,0
2026,4,2026-04,Kerrisdale,17,9,7,0,0,1,0,0,0,0
2026,5,2026-05,Kerrisdale,15,8,3,2,0,0,2,0,0,0
2026,6,2026-06,Kerrisdale,21,10,5,3,1,2,0,0,0,0
2026,7,2026-07,Kerrisdale,26,7,3,11,1,2,0,2,0,0
2026,8,2026-08,Kerrisdale,27,10,8,4,1,2,1,0,1,0
2026,9,2026-09,Kerrisdale,16,6,4,3,1,2,0,0,0,1
2003,1,2003-01,Killarney,114,7,29,12,8,30,1,25,2,0
2003,2,2003-02,Killarney,70,11,21,8,2,19,3,6,0,0
2003,3,2003-03,Killarney,72,6,15,17,3,17,4,10,0,0
2003,4,2003-04,Killarney,63,6,16,9,6,7,1,15,3,0
2003,5,2003-05,Killarney,111,15,33,21,7,16,3,13,3,0
2003,6,2003-06,Killarney,102,12,26,17,6,15,5,19,2,0
2003,7,2003-07,Killarney,95,4,20,23,6,17,3,20,2,0
2003,8,2003-08,Killarney,65,5,19,6,3,10,0,19,3,0
2003,9,2003-09,Killarney,53,4,12,8,5,9,6,6,3,0
2003,10,2003-10,Killarney,102,11,38,15,6,13,0,16,3,0
2003,11,2003-11,Killarney,96,12,25,11,7,20,1,20,0,0
2003,12,2003-12,Killarney,100,4,35,15,6,26,1,11,2,0
2004,1,2004-01,Killarney,74,10,24,12,7,7,0,12,2,0
2004,2,2004-02,Killarney,77,10,17,10,10,14,1,14,1,0
2004,3,2004-03,Killarney,129,2,42,11,6,35,7,26,0,0
2004,4,2004-04,Killarney,92,14,21,5,8,25,4,14,1,0
2004,5,2004-05,Killarney,92,12,24,18,2,12,5,18,1,0
2004,6,2004-06,Killarney,121,8,42,24,10,17,2,18,0,0
2004,7,2004-07,Killarney,80,8,28,14,3,13,0,12,2,0
2004,8,2004-08,Killarney,118,4,50,21,7,10,2,23,1,0
2004,9,2004-09,Killarney,130,16,35,21,12,17,3,26,0,0
2004,10,2004-10,Killarney,146,10,52,23,2,26,5,26,2,0
2004,11,2004-11,Killarney,118,16,37,19,6,19,1,20,0,0
2004,12,2004-12,Killarney,119,9,44,19,3,17,1,26,0,0
2005,1,2005-01,Killarney,105,8,34,11,4,26,1,21,0,0
2005,2,2005-02,Killarney,87,6,23,7,9,26,0,16,0,0
2005,3,2005-03,Killarney,108,10,29,10,10,24,2,23,0,0
2005,4,2005-04,Killarney,83,3,21,8,7,24,3,16,1,0
2005,5,2005-05,Killarney,108,12,34,12,6,20,2,18,4,0
2005,6,2005-06,Killarney,77,8,25,9,4,12,2,14,3,0
2005,7,2005-07,Killarney,75,6,30,10,2,11,2,13,1,0
2005,8,2005-08,Killarney,112,5,37,17,7,17,2,26,1,0
2005,9,2005-09,Killarney,109,4,50,5,9,28,0,11,2,0
2005,10,2005-10,Killarney,117,7,52,23,5,12,2,14,2,0
2005,11,2005-11,Killarney,139,4,65,16,4,24,2,24,0,0
2005,12,2005-12,Killarney,89,6,37,10,6,17,0,13,0,0
2006,1,2006-01,Killarney,115,5,51,13,9,18,1,17,1,0
2006,2,2006-02,Killarney,62,9,16,9,7,11,2,8,0,0
2006,3,2006-03,Killarney,82,7,14,11,10,27,3,9,1,0
2006,4,2006-04,Killarney,73,9,28,7,3,12,1,12,1,0
2006,5,2006-05,Killarney,103,11,38,13,14,13,3,9,2,0
2006,6,2006-06,Killarney,94,13,38,12,5,16,1,6,3,0
2006,7,2006-07,Killarney,90,4,30,9,10,19,9,9,0,0
2006,8,2006-08,Killarney,89,10,30,19,5,13,5,5,2,0
2006,9,2006-09,Killarney,74,5,24,6,5,21,3,9,1,0
2006,10,2006-10,Killarney,111,16,27,15,10,30,0,13,0,0
2006,11,2006-11,Killarney,104,3,48,9,6,28,1,9,0,0
2006,12,2006-12,Killarney,102,6,39,19,3,28,2,4,1,0
2007,1,2007-01,Killarney,88,8,35,10,8,17,4,6,0,0
2007,2,2007-02,Killarney,63,3,24,12,6,6,2,10,0,0
2007,3,2007-03,Killarney,76,7,32,6,5,17,2,7,0,0
2007,4,2007-04,Killarney,91,12,28,11,11,17,4,8,0,0
2007,5,2007-05,Killarney,73,10,31,15,7,5,1,3,1,0
2007,6,2007-06,Killarney,90,11,39,17,8,8,0,7,0,0
2007,7,2007-07,Killarney,74,15,16,6,14,9,3,9,2,0
2007,8,2007-08,Killarney,77,10,30,7,2,14,4,10,0,0
2007,9,2007-09,Killarney,82,2,39,9,8,11,3,10,0,0
2007,10,2007-10,Killarney,108,15,40,16,11,13,0,13,0,0
2007,11,2007-11,Killarney,68,8,21,8,7,16,2,6,0,0
2007,12,2007-12,Killarney,64,9,15,9,5,24,1,0,1,0
2008,1,2008-01,Killarney,59,2,13,14,9,11,7,3,0,0
2008,2,2008-02,Killarney,46,9,9,7,3,11,0,6,1,0
2008,3,2008-03,Killarney,48,8,11,9,4,8,1,7,0,0
2008,4,2008-04,Killarney,63,5,25,17,1,5,1,9,0,0
2008,5,2008-05,Killarney,50,8,14,9,8,2,2,7,0,0
2008,6,2008-06,Killarney,58,5,14,18,7,6,4,4,0,0
2008,7,2008-07,Killarney,62,7,22,16,4,6,0,7,0,0
2008,8,2008-08,Killarney,55,9,22,9,3,5,1,4,2,0
2008,9,2008-09,Killarney,52,8,13,11,9,6,2,3,0,0
2008,10,2008-10,Killarney,67,13,13,15,8,12,0,6,0,0
2008,11,2008-11,Killarney,60,13,23,10,9,2,2,1,0,0
2008,12,2008-12,Killarney,68,11,21,11,5,12,1,7,0,0
2009,1,2009-01,Killarney,66,5,24,14,6,5,4,8,0,0
2009,2,2009-02,Killarney,58,8,20,3,8,10,4,5,0,0
2009,3,2009-03,Killarney,66,6,27,14,5,4,2,7,1,0
2009,4,2009-04,Killarney,65,8,33,10,2,0,1,7,4,0
2009,5,2009-05,Killarney,52,11,15,10,2,5,3,4,2,0
2009,6,2009-06,Killarney,59,11,8,14,3,8,5,6,4,0
2009,7,2009-07,Killarney,54,10,13,15,3,7,1,5,0,0
2009,8,2009-08,Killarney,72,10,39,9,3,2,0,6,3,0
2009,9,2009-09,Killarney,60,10,17,13,5,6,0,9,0,0
2009,10,2009-10,Killarney,70,10,21,7,10,11,1,9,1,0
2009,11,2009-11,Killarney,66,8,22,10,6,14,2,4,0,0
2009,12,2009-12,Killarney,71,13,29,9,5,9,0,6,0,0
2010,1,2010-01,Killarney,47,5,16,6,6,8,0,6,0,0
2010,2,2010-02,Killarney,50,6,13,8,7,9,1,6,0,0
2010,3,2010-03,Killarney,75,15,15,7,4,22,5,6,1,0
2010,4,2010-04,Killarney,57,4,26,6,2,13,2,3,1,0
2010,5,2010-05,Killarney,74,6,45,12,1,6,3,0,1,0
2010,6,2010-06,Killarney,51,7,18,8,6,7,1,4,0,0
2010,7,2010-07,Killarney,48,8,18,8,6,7,0,1,0,0
2010,8,2010-08,Killarney,55,8,21,13,6,2,1,4,0,0
2010,9,2010-09,Killarney,63,8,25,10,4,9,1,6,0,0
2010,10,2010-10,Killarney,70,8,27,8,4,14,1,6,2,0
2010,11,2010-11,Killarney,64,11,16,2,13,11,1,10,0,0
2010,12,2010-12,Killarney,46,0,12,3,9,16,1,5,0,0
2011,1,2011-01,Killarney,49,6,12,3,6,19,1,2,0,0
2011,2,2011-02,Killarney,56,4,17,9,6,19,0,1,0,0
2011,3,2011-03,Killarney,63,2,13,12,10,22,0,4,0,0
2011,4,2011-04,Killarney,44,3,10,6,7,13,0,4,1,0
2011,5,2011-05,Killarney,52,11,12,8,3,14,0,4,0,0
2011,6,2011-06,Killarney,52,11,16,8,1,11,1,4,0,0
2011,7,2011-07,Killarney,42,3,11,9,2,12,0,4,1,0
2011,8,2011-08,Killarney,48,6,15,5,9,10,1,2,0,0
2011,9,2011-09,Killarney,75,6,15,11,10,24,2,5,2,0
2011,10,2011-10,Killarney,52,10,10,8,5,11,1,5,2,0
2011,11,2011-11,Killarney,50,6,4,11,5,20,1,2,1,0
2011,12,2011-12,Killarney,46,5,10,11,7,12,0,1,0,0
2012,1,2012-01,Killarney,60,3,22,13,4,15,0,3,0,0
2012,2,2012-02,Killarney,55,8,13,20,4,10,0,0,0,0
2012,3,2012-03,Killarney,52,9,15,6,6,8,1,6,1,0
2012,4,2012-04,Killarney,73,13,30,9,2,12,0,7,0,0
2012,5,2012-05,Killarney,61,5,20,10,11,8,0,6,1,0
2012,6,2012-06,Killarney,54,11,27,7,4,2,1,1,1,0
2012,7,2012-07,Killarney,54,8,19,11,9,3,0,4,0,0
2012,8,2012-08,Killarney,72,10,21,11,6,10,1,10,3,0
2012,9,2012-09,Killarney,102,5,55,16,6,13,2,3,2,0
2012,10,2012-10,Killarney,73,4,35,12,10,7,4,0,1,0
2012,11,2012-11,Killarney,47,6,9,6,9,14,0,2,1,0
2012,12,2012-12,Killarney,60,8,22,4,6,15,1,2,2,0
2013,1,2013-01,Killarney,55,8,23,7,5,9,0,3,0,0
2013,2,2013-02,Killarney,59,6,18,15,5,11,0,4,0,0
2013,3,2013-03,Killarney,53,5,21,10,5,6,2,4,0,0
2013,4,2013-04,Killarney,62,10,17,10,8,8,2,4,3,0
2013,5,2013-05,Killarney,50,10,22,4,5,3,2,4,0,0
2013,6,2013-06,Killarney,43,5,11,6,5,7,1,6,2,0
2013,7,2013-07,Killarney,43,9,15,8,4,3,2,1,1,0
2013,8,2013-08,Killarney,37,5,17,6,1,6,0,0,2,0
2013,9,2013-09,Killarney,42,5,16,4,3,13,0,1,0,0
2013,10,2013-10,Killarney,56,11,18,8,8,7,1,3,0,0
2013,11,2013-11,Killarney,49,11,11,5,4,13,0,4,1,0
2013,12,2013-12,Killarney,52,8,17,13,5,6,1,0,2,0
2014,1,2014-01,Killarney,71,9,20,7,8,19,3,5,0,0
2014,2,2014-02,Killarney,46,10,11,5,5,10,1,4,0,0
2014,3,2014-03,Killarney,54,11,8,7,5,13,0,9,1,0
2014,4,2014-04,Killarney,37,6,9,8,4,6,1,2,1,0
2014,5,2014-05,Killarney,45,8,17,7,6,3,0,3,1,0
2014,6,2014-06,Killarney,39,7,13,5,1,7,0,5,1,0
2014,7,2014-07,Killarney,54,9,19,8,3,10,0,4,1,0
2014,8,2014-08,Killarney,60,9,19,6,3,17,1,3,2,0
2014,9,2014-09,Killarney,60,4,19,9,4,15,3,6,0,0
2014,10,2014-10,Killarney,62,9,20,11,7,14,0,1,0,0
2014,11,2014-11,Killarney,61,4,20,7,5,13,5,6,1,0
2014,12,2014-12,Killarney,95,9,46,10,6,10,10,3,1,0
2015,1,2015-01,Killarney,41,5,15,4,9,3,2,2,1,0
2015,2,2015-02,Killarney,50,2,21,12,2,7,4,2,0,0
2015,3,2015-03,Killarney,52,7,15,3,6,13,3,4,1,0
2015,4,2015-04,Killarney,59,11,25,8,4,5,3,2,1,0
2015,5,2015-05,Killarney,77,11,28,8,4,19,0,6,1,0
2015,6,2015-06,Killarney,52,9,25,6,2,6,2,1,1,0
2015,7,2015-07,Killarney,46,9,14,8,4,6,0,1,4,0
2015,8,2015-08,Killarney,45,5,13,4,7,5,2,6,3,0
2015,9,2015-09,Killarney,41,9,11,2,6,9,0,4,0,0
2015,10,2015-10,Killarney,56,8,16,9,2,10,4,6,1,0
2015,11,2015-11,Killarney,71,9,32,11,6,5,3,3,2,0
2015,12,2015-12,Killarney,68,7,33,5,2,12,1,3,5,0
2016,1,2016-01,Killarney,45,5,15,6,6,6,1,4,2,0
2016,2,2016-02,Killarney,57,11,15,11,5,12,1,2,0,0
2016,3,2016-03,Killarney,44,9,13,6,3,7,2,3,1,0
2016,4,2016-04,Killarney,54,6,15,15,3,12,1,1,1,0
2016,5,2016-05,Killarney,82,7,45,9,4,10,1,2,4,0
2016,6,2016-06,Killarney,49,8,7,9,5,10,1,8,1,0
2016,7,2016-07,Killarney,45,8,9,8,5,10,0,3,2,0
2016,8,2016-08,Killarney,38,5,16,4,2,6,1,4,0,0
2016,9,2016-09,Killarney,54,8,20,11,2,8,2,3,0,0
2016,10,2016-10,Killarney,48,9,12,6,5,9,2,3,2,0
2016,11,2016-11,Killarney,52,7,15,4,3,17,2,4,0,0
2016,12,2016-12,Killarney,37,6,12,6,3,6,3,1,0,0
2017,1,2017-01,Killarney,50,12,8,6,5,13,1,5,0,0
2017,2,2017-02,Killarney,51,13,21,6,4,5,2,0,0,0
2017,3,2017-03,Killarney,49,12,10,6,5,6,6,4,0,0
2017,4,2017-04,Killarney,60,15,13,8,6,7,1,10,0,0
2017,5,2017-05,Killarney,59,7,19,10,5,4,2,9,3,0
2017,6,2017-06,Killarney,64,14,21,4,5,8,2,7,3,0
2017,7,2017-07,Killarney,45,7,15,6,6,5,0,4,2,0
2017,8,2017-08,Killarney,64,7,25,11,7,4,1,8,1,0
2017,9,2017-09,Killarney,61,8,29,8,4,3,1,4,4,0
2017,10,2017-10,Killarney,62,4,28,12,4,4,3,7,0,0
2017,11,2017-11,Killarney,62,12,20,13,4,8,2,1,2,0
2017,12,2017-12,Killarney,60,8,22,9,8,3,5,3,2,0
2018,1,2018-01,Killarney,74,20,26,8,4,7,3,4,2,0
2018,2,2018-02,Killarney,37,10,10,7,0,6,3,1,0,0
2018,3,2018-03,Killarney,55,7,17,19,4,3,0,4,1,0
2018,4,2018-04,Killarney,57,6,21,8,6,6,2,5,3,0
2018,5,2018-05,Killarney,57,6,25,7,6,9,3,1,0,0
2018,6,2018-06,Killarney,47,11,15,8,2,4,3,3,1,0
2018,7,2018-07,Killarney,39,7,19,4,5,1,0,1,2,0
2018,8,2018-08,Killarney,59,8,26,8,1,6,5,3,2,0
2018,9,2018-09,Killarney,53,8,19,7,2,9,2,4,2,0
2018,10,2018-10,Killarney,50,6,22,5,5,10,1,1,0,0
2018,11,2018-11,Killarney,55,8,22,5,1,6,6,3,4,0
2018,12,2018-12,Killarney,55,15,18,4,2,5,6,3,2,0
2019,1,2019-01,Killarney,52,11,22,3,6,5,2,3,0,0
2019,2,2019-02,Killarney,49,12,16,5,6,5,2,0,3,0
2019,3,2019-03,Killarney,54,13,13,8,10,4,1,4,1,0
2019,4,2019-04,Killarney,58,21,15,6,0,4,1,4,7,0
2019,5,2019-05,Killarney,48,16,18,7,4,0,2,1,0,0
2019,6,2019-06,Killarney,61,10,23,7,10,4,3,4,0,0
2019,7,2019-07,Killarney,68,14,32,14,1,1,2,3,1,0
2019,8,2019-08,Killarney,62,11,30,6,2,8,0,3,2,0
2019,9,2019-09,Killarney,87,13,40,6,4,0,12,6,6,0
2019,10,2019-10,Killarney,55,6,21,9,6,4,2,6,1,0
2019,11,2019-11,Killarney,53,14,16,9,2,3,4,3,2,0
2019,12,2019-12,Killarney,46,9,12,9,3,7,2,1,3,0
2020,1,2020-01,Killarney,53,11,19,4,6,6,3,4,0,0
2020,2,2020-02,Killarney,52,6,23,5,1,8,6,1,2,0
2020,3,2020-03,Killarney,45,10,20,6,3,2,4,0,0,0
2020,4,2020-04,Killarney,43,9,20,8,0,1,3,0,2,0
2020,5,2020-05,Killarney,49,4,14,9,13,4,3,1,1,0
2020,6,2020-06,Killarney,43,9,11,7,6,1,2,0,7,0
2020,7,2020-07,Killarney,45,8,13,6,2,6,1,2,7,0
2020,8,2020-08,Killarney,58,16,17,5,8,7,0,0,5,0
2020,9,2020-09,Killarney,61,13,15,9,10,3,4,1,6,0
2020,10,2020-10,Killarney,56,13,8,10,8,5,4,4,4,0
2020,11,2020-11,Killarney,33,10,14,2,1,2,2,1,1,0
2020,12,2020-12,Killarney,35,8,11,3,3,2,2,5,1,0
2021,1,2021-01,Killarney,41,13,9,8,2,3,4,2,0,0
2021,2,2021-02,Killarney,40,10,11,7,3,0,5,3,1,0
2021,3,2021-03,Killarney,38,7,11,6,3,5,4,0,2,0
2021,4,2021-04,Killarney,30,4,5,5,6,6,0,3,1,0
2021,5,2021-05,Killarney,54,11,16,6,4,8,6,2,1,0
2021,6,2021-06,Killarney,39,4,11,11,6,1,2,2,2,0
2021,7,2021-07,Killarney,49,6,15,9,8,1,3,5,2,0
2021,8,2021-08,Killarney,47,15,11,3,6,3,4,2,3,0
2021,9,2021-09,Killarney,34,6,10,6,3,1,4,1,3,0
2021,10,2021-10,Killarney,44,10,12,5,5,3,1,7,1,0
2021,11,2021-11,Killarney,39,8,9,4,6,2,4,3,3,0
2021,12,2021-12,Killarney,45,12,12,7,4,2,4,3,1,0
2022,1,2022-01,Killarney,48,9,15,9,5,1,3,4,2,0
2022,2,2022-02,Killarney,64,11,14,19,1,8,6,4,1,0
2022,3,2022-03,Killarney,44,7,8,13,1,4,5,6,0,0
2022,4,2022-04,Killarney,43,6,15,8,2,3,2,5,2,0
2022,5,2022-05,Killarney,37,7,9,8,6,1,2,2,2,0
2022,6,2022-06,Killarney,52,11,26,2,9,1,1,1,1,0
2022,7,2022-07,Killarney,28,11,3,4,2,2,2,2,2,0
2022,8,2022-08,Killarney,50,15,11,8,8,2,2,2,2,0
2022,9,2022-09,Killarney,59,10,19,8,8,0,4,6,4,0
2022,10,2022-10,Killarney,38,10,8,1,8,3,1,7,0,0
2022,11,2022-11,Killarney,51,13,23,7,5,2,0,0,1,0
2022,12,2022-12,Killarney,42,11,15,8,3,2,0,2,1,0
2023,1,2023-01,Killarney,66,15,28,8,9,0,2,4,0,0
2023,2,2023-02,Killarney,41,12,8,9,6,2,0,4,0,0
2023,3,2023-03,Killarney,35,10,11,5,1,1,5,2,0,0
2023,4,2023-04,Killarney,47,13,12,6,4,0,7,5,0,0
2023,5,2023-05,Killarney,32,6,10,5,5,3,0,2,1,0
2023,6,2023-06,Killarney,36,9,10,4,3,2,4,3,1,0
2023,7,2023-07,Killarney,43,2,20,9,5,3,2,0,2,0
2023,8,2023-08,Killarney,44,12,9,8,5,1,1,7,1,0
2023,9,2023-09,Killarney,40,8,9,5,9,0,5,2,2,0
2023,10,2023-10,Killarney,49,18,12,10,1,3,1,4,0,0
2023,11,2023-11,Killarney,50,10,10,12,7,7,4,0,0,0
2023,12,2023-12,Killarney,57,19,8,12,4,5,8,0,1,0
2024,1,2024-01,Killarney,44,11,8,8,6,2,4,5,0,0
2024,2,2024-02,Killarney,33,13,4,6,3,3,2,2,0,0
2024,3,2024-03,Killarney,44,18,10,8,4,1,3,0,0,0
2024,4,2024-04,Killarney,35,10,7,9,4,1,3,1,0,0
2024,5,2024-05,Killarney,40,16,7,7,6,0,2,2,0,0
2024,6,2024-06,Killarney,42,10,17,5,1,4,1,4,0,0
2024,7,2024-07,Killarney,40,7,13,4,12,2,0,1,1,0
2024,8,2024-08,Killarney,35,6,13,4,6,1,2,3,0,0
2024,9,2024-09,Killarney,39,7,13,5,8,4,0,2,0,0
2024,10,2024-10,Killarney,31,11,8,4,4,1,0,2,1,0
2024,11,2024-11,Killarney,40,16,10,6,3,2,1,2,0,0
2024,12,2024-12,Killarney,35,14,11,2,3,2,2,1,0,0
2025,1,2025-01,Killarney,31,11,5,8,2,3,1,0,1,0
2025,2,2025-02,Killarney,25,11,3,3,3,5,0,0,0,0
2025,3,2025-03,Killarney,41,18,7,9,2,1,3,1,0,0
2025,4,2025-04,Killarney,27,9,2,9,2,0,1,2,2,0
2025,5,2025-05,Killarney,36,10,8,9,4,2,0,3,0,0
2025,6,2025-06,Killarney,30,9,1,10,4,2,0,3,1,0
2025,7,2025-07,Killarney,44,14,10,7,11,0,0,1,1,0
2025,8,2025-08,Killarney,45,18,6,9,1,4,2,4,1,0
2025,9,2025-09,Killarney,54,12,16,4,10,3,1,5,3,0
2025,10,2025-10,Killarney,48,13,13,7,7,3,1,2,2,0
2025,11,2025-11,Killarney,43,17,11,8,1,2,1,3,0,0
2025,12,2025-12,Killarney,27,11,3,7,2,1,3,0,0,0
2026,1,2026-01,Killarney,36,10,11,8,0,0,4,1,2,0
2026,2,2026-02,Killarney,24,11,2,5,2,2,1,1,0,0
2026,3,2026-03,Killarney,22,9,5,5,3,0,0,0,0,0
2026,4,2026-04,Killarney,38,12,11,5,5,1,3,1,0,0
2026,5,2026-05,Killarney,34,13,6,7,4,1,0,1,2,0
2026,6,2026-06,Killarney,48,11,12,12,10,2,0,1,0,0
2026,7,2026-07,Killarney,33,9,12,6,2,0,2,1,1,0
2026,8,2026-08,Killarney,37,9,14,7,2,1,3,1,0,0
2026,9,2026-09,Killarney,25,8,3,7,0,3,1,1,2,1
2003,1,2003-01,Kitsilano,335,60,88,22,8,57,21,53,26,0
2003,2,2003-02,Kitsilano,255,56,60,24,4,46,14,37,14,0
2003,3,2003-03,Kitsilano,285,50,77,35,5,38,25,38,17,0
2003,4,2003-04,Kitsilano,294,50,73,44,6,44,20,37,20,0
2003,5,2003-05,Kitsilano,339,68,97,33,10,50,22,41,18,0
2003,6,2003-06,Kitsilano,354,66,93,37,12,47,27,50,22,0
2003,7,2003-07,Kitsilano,260,51,59,26,16,52,9,24,23,0
2003,8,2003-08,Kitsilano,299,70,68,32,9,39,20,30,31,0
2003,9,2003-09,Kitsilano,257,42,59,41,7,41,10,32,25,0
2003,10,2003-10,Kitsilano,289,45,83,35,14,36,11,52,13,0
2003,11,2003-11,Kitsilano,239,45,55,23,7,54,17,28,10,0
2003,12,2003-12,Kitsilano,247,38,59,32,5,61,8,35,9,0
2004,1,2004-01,Kitsilano,283,36,76,38,9,71,18,27,8,0
2004,2,2004-02,Kitsilano,255,43,65,32,4,56,12,37,6,0
2004,3,2004-03,Kitsilano,276,36,88,31,14,44,9,38,16,0
2004,4,2004-04,Kitsilano,254,44,75,36,10,38,11,34,6,0
2004,5,2004-05,Kitsilano,253,53,75,27,6,40,12,25,15,0
2004,6,2004-06,Kitsilano,234,49,58,23,8,38,15,31,12,0
2004,7,2004-07,Kitsilano,253,55,45,39,16,26,10,33,29,0
2004,8,2004-08,Kitsilano,273,56,62,42,10,39,17,25,22,0
2004,9,2004-09,Kitsilano,316,42,85,33,8,55,39,37,17,0
2004,10,2004-10,Kitsilano,274,47,86,20,8,37,20,38,18,0
2004,11,2004-11,Kitsilano,252,49,80,18,12,39,10,35,9,0
2004,12,2004-12,Kitsilano,279,52,89,21,11,52,13,33,8,0
2005,1,2005-01,Kitsilano,246,42,100,28,7,25,11,30,3,0
2005,2,2005-02,Kitsilano,185,35,62,18,5,21,11,29,4,0
2005,3,2005-03,Kitsilano,279,45,102,40,8,28,15,30,11,0
2005,4,2005-04,Kitsilano,318,62,108,37,7,38,13,43,10,0
2005,5,2005-05,Kitsilano,268,43,79,36,8,45,17,26,14,0
2005,6,2005-06,Kitsilano,252,31,93,22,7,46,8,28,17,0
2005,7,2005-07,Kitsilano,279,44,77,32,11,45,13,29,28,0
2005,8,2005-08,Kitsilano,235,46,52,21,9,37,25,26,19,0
2005,9,2005-09,Kitsilano,244,40,82,25,7,36,7,27,20,0
2005,10,2005-10,Kitsilano,212,54,47,16,12,39,15,20,9,0
2005,11,2005-11,Kitsilano,225,32,87,19,10,32,17,21,7,0
2005,12,2005-12,Kitsilano,220,45,66,26,12,22,14,27,8,0
2006,1,2006-01,Kitsilano,271,40,116,28,8,28,26,18,7,0
2006,2,2006-02,Kitsilano,212,35,60,26,5,24,19,34,9,0
2006,3,2006-03,Kitsilano,196,45,56,21,12,20,13,20,9,0
2006,4,2006-04,Kitsilano,190,41,38,26,8,33,17,19,8,0
2006,5,2006-05,Kitsilano,203,41,52,26,12,30,16,9,17,0
2006,6,2006-06,Kitsilano,222,43,44,22,12,43,17,14,27,0
2006,7,2006-07,Kitsilano,228,50,32,24,12,49,16,13,32,0
2006,8,2006-08,Kitsilano,245,54,48,33,12,28,17,25,28,0
2006,9,2006-09,Kitsilano,248,36,85,25,5,26,14,25,32,0
2006,10,2006-10,Kitsilano,245,31,91,30,7,34,15,22,15,0
2006,11,2006-11,Kitsilano,293,40,158,28,7,24,16,11,9,0
2006,12,2006-12,Kitsilano,204,35,77,27,4,24,21,11,5,0
2007,1,2007-01,Kitsilano,216,31,68,20,3,45,17,27,5,0
2007,2,2007-02,Kitsilano,154,32,44,14,8,23,14,14,5,0
2007,3,2007-03,Kitsilano,183,42,53,15,5,29,14,9,16,0
2007,4,2007-04,Kitsilano,196,30,50,22,5,38,11,30,10,0
2007,5,2007-05,Kitsilano,196,38,31,22,15,52,5,21,12,0
2007,6,2007-06,Kitsilano,179,41,22,18,9,33,7,29,20,0
2007,7,2007-07,Kitsilano,169,30,37,20,16,35,5,14,12,0
2007,8,2007-08,Kitsilano,210,38,45,28,24,24,13,14,24,0
2007,9,2007-09,Kitsilano,179,38,54,18,1,15,15,12,26,0
2007,10,2007-10,Kitsilano,164,35,40,25,14,21,8,13,8,0
2007,11,2007-11,Kitsilano,165,42,31,15,5,48,9,9,6,0
2007,12,2007-12,Kitsilano,152,31,41,13,14,24,3,22,4,0
2008,1,2008-01,Kitsilano,184,38,38,20,7,44,11,15,11,0
2008,2,2008-02,Kitsilano,153,23,43,16,13,35,8,9,6,0
2008,3,2008-03,Kitsilano,177,41,37,24,8,33,20,9,5,0
2008,4,2008-04,Kitsilano,167,25,42,25,7,31,19,14,4,0
2008,5,2008-05,Kitsilano,177,45,31,26,9,24,17,9,16,0
2008,6,2008-06,Kitsilano,184,39,48,15,9,42,9,10,12,0
2008,7,2008-07,Kitsilano,164,25,49,18,16,23,15,8,10,0
2008,8,2008-08,Kitsilano,137,34,25,19,11,15,14,11,8,0
2008,9,2008-09,Kitsilano,146,37,32,15,7,20,9,14,12,0
2008,10,2008-10,Kitsilano,147,45,27,14,11,33,8,6,3,0
2008,11,2008-11,Kitsilano,169,36,50,22,8,33,3,12,5,0
2008,12,2008-12,Kitsilano,165,34,56,18,6,34,10,6,1,0
2009,1,2009-01,Kitsilano,204,29,67,23,8,48,19,7,3,0
2009,2,2009-02,Kitsilano,192,33,60,17,7,44,6,14,11,0
2009,3,2009-03,Kitsilano,134,45,28,18,4,15,13,7,4,0
2009,4,2009-04,Kitsilano,153,38,54,16,10,15,6,10,4,0
2009,5,2009-05,Kitsilano,167,40,42,19,12,22,10,11,11,0
2009,6,2009-06,Kitsilano,168,50,51,26,9,15,6,5,6,0
2009,7,2009-07,Kitsilano,153,43,35,24,10,8,6,8,19,0
2009,8,2009-08,Kitsilano,222,52,67,32,11,14,9,12,25,0
2009,9,2009-09,Kitsilano,126,30,27,21,8,15,8,3,14,0
2009,10,2009-10,Kitsilano,112,26,28,20,3,10,11,5,9,0
2009,11,2009-11,Kitsilano,195,37,68,19,6,21,17,15,12,0
2009,12,2009-12,Kitsilano,144,27,47,13,4,16,18,13,6,0
2010,1,2010-01,Kitsilano,137,30,35,22,10,12,16,7,5,0
2010,2,2010-02,Kitsilano,105,14,39,17,5,15,5,4,6,0
2010,3,2010-03,Kitsilano,101,31,28,11,3,13,7,4,4,0
2010,4,2010-04,Kitsilano,166,50,35,17,7,26,12,8,11,0
2010,5,2010-05,Kitsilano,137,35,40,17,6,20,5,5,9,0
2010,6,2010-06,Kitsilano,143,26,48,17,8,9,10,14,11,0
2010,7,2010-07,Kitsilano,167,49,35,23,10,7,11,7,25,0
2010,8,2010-08,Kitsilano,195,28,53,17,8,10,33,18,28,0
2010,9,2010-09,Kitsilano,118,35,29,11,5,9,5,5,19,0
2010,10,2010-10,Kitsilano,146,32,41,29,5,8,15,4,12,0
2010,11,2010-11,Kitsilano,119,23,39,18,5,13,6,8,7,0
2010,12,2010-12,Kitsilano,141,34,39,15,5,20,11,14,3,0
2011,1,2011-01,Kitsilano,127,31,28,14,11,18,14,9,2,0
2011,2,2011-02,Kitsilano,90,24,22,17,1,11,11,1,3,0
2011,3,2011-03,Kitsilano,159,34,53,24,6,24,10,3,5,0
2011,4,2011-04,Kitsilano,91,33,19,13,2,6,10,1,7,0
2011,5,2011-05,Kitsilano,124,28,32,14,10,12,9,8,11,0
2011,6,2011-06,Kitsilano,124,28,20,26,4,9,5,8,24,0
2011,7,2011-07,Kitsilano,165,35,37,36,8,12,8,4,25,0
2011,8,2011-08,Kitsilano,159,39,36,33,11,9,3,4,24,0
2011,9,2011-09,Kitsilano,152,32,43,17,7,16,10,5,22,0
2011,10,2011-10,Kitsilano,147,25,35,30,6,12,7,4,28,0
2011,11,2011-11,Kitsilano,125,35,31,21,6,14,5,1,12,0
2011,12,2011-12,Kitsilano,132,31,40,17,5,13,12,6,8,0
2012,1,2012-01,Kitsilano,136,42,36,17,10,11,6,5,9,0
2012,2,2012-02,Kitsilano,98,20,26,13,6,10,14,2,7,0
2012,3,2012-03,Kitsilano,100,29,26,11,6,7,11,0,10,0
2012,4,2012-04,Kitsilano,120,24,43,7,7,16,8,3,12,0
2012,5,2012-05,Kitsilano,145,39,39,19,4,16,6,4,18,0
2012,6,2012-06,Kitsilano,122,24,34,18,9,12,6,8,11,0
2012,7,2012-07,Kitsilano,181,41,44,23,8,18,13,5,29,0
2012,8,2012-08,Kitsilano,208,46,53,28,11,25,8,12,25,0
2012,9,2012-09,Kitsilano,174,38,34,19,11,30,12,6,24,0
2012,10,2012-10,Kitsilano,192,38,72,24,0,33,5,7,13,0
2012,11,2012-11,Kitsilano,131,39,28,20,7,20,9,4,4,0
2012,12,2012-12,Kitsilano,120,22,35,18,7,23,6,3,6,0
2013,1,2013-01,Kitsilano,137,37,23,4,11,38,6,7,11,0
2013,2,2013-02,Kitsilano,93,28,18,10,4,17,5,5,6,0
2013,3,2013-03,Kitsilano,178,42,53,19,4,16,19,8,17,0
2013,4,2013-04,Kitsilano,163,37,30,28,3,21,19,6,19,0
2013,5,2013-05,Kitsilano,148,30,42,22,5,25,2,5,17,0
2013,6,2013-06,Kitsilano,135,35,22,21,7,15,6,6,23,0
2013,7,2013-07,Kitsilano,126,29,19,22,5,13,11,6,21,0
2013,8,2013-08,Kitsilano,137,34,35,19,10,19,5,0,15,0
2013,9,2013-09,Kitsilano,129,20,43,27,2,18,4,4,11,0
2013,10,2013-10,Kitsilano,139,28,38,23,7,14,11,3,15,0
2013,11,2013-11,Kitsilano,134,23,43,16,7,23,8,6,8,0
2013,12,2013-12,Kitsilano,120,23,39,13,4,17,15,3,6,0
2014,1,2014-01,Kitsilano,135,29,54,15,3,7,7,6,14,0
2014,2,2014-02,Kitsilano,92,17,20,19,5,13,11,3,4,0
2014,3,2014-03,Kitsilano,101,19,35,16,5,11,6,2,7,0
2014,4,2014-04,Kitsilano,129,21,42,23,3,18,8,3,11,0
2014,5,2014-05,Kitsilano,140,26,41,13,7,29,12,5,7,0
2014,6,2014-06,Kitsilano,145,40,35,14,1,22,12,5,16,0
2014,7,2014-07,Kitsilano,114,20,42,16,4,10,5,2,15,0
2014,8,2014-08,Kitsilano,133,21,46,14,6,15,4,4,23,0
2014,9,2014-09,Kitsilano,182,44,67,19,4,9,15,5,19,0
2014,10,2014-10,Kitsilano,143,31,44,20,4,16,9,5,14,0
2014,11,2014-11,Kitsilano,121,22,49,10,2,10,12,5,11,0
2014,12,2014-12,Kitsilano,123,19,40,12,3,25,11,8,5,0
2015,1,2015-01,Kitsilano,155,32,47,21,4,16,24,3,8,0
2015,2,2015-02,Kitsilano,140,36,41,16,3,20,10,4,10,0
2015,3,2015-03,Kitsilano,126,32,41,14,4,12,10,1,12,0
2015,4,2015-04,Kitsilano,147,24,47,27,3,13,4,3,26,0
2015,5,2015-05,Kitsilano,148,31,48,14,3,12,6,9,25,0
2015,6,2015-06,Kitsilano,150,29,36,10,8,18,7,7,35,0
2015,7,2015-07,Kitsilano,165,27,51,17,4,17,7,8,34,0
2015,8,2015-08,Kitsilano,175,35,47,17,6,13,7,10,40,0
2015,9,2015-09,Kitsilano,156,33,43,8,3,27,10,9,23,0
2015,10,2015-10,Kitsilano,156,28,53,13,4,23,11,5,19,0
2015,11,2015-11,Kitsilano,183,41,44,16,7,32,12,11,20,0
2015,12,2015-12,Kitsilano,183,37,60,16,2,48,9,4,7,0
2016,1,2016-01,Kitsilano,194,34,68,17,8,31,21,4,11,0
2016,2,2016-02,Kitsilano,120,26,44,13,5,9,9,3,11,0
2016,3,2016-03,Kitsilano,155,35,33,10,13,24,24,3,13,0
2016,4,2016-04,Kitsilano,163,36,59,10,10,27,6,3,12,0
2016,5,2016-05,Kitsilano,168,29,61,11,3,20,11,3,30,0
2016,6,2016-06,Kitsilano,205,26,72,24,7,13,19,18,26,0
2016,7,2016-07,Kitsilano,208,36,78,24,9,13,11,14,23,0
2016,8,2016-08,Kitsilano,213,35,64,23,7,26,19,7,32,0
2016,9,2016-09,Kitsilano,174,27,57,18,10,20,18,9,15,0
2016,10,2016-10,Kitsilano,144,39,52,9,9,8,13,5,9,0
2016,11,2016-11,Kitsilano,130,32,48,10,6,13,5,9,7,0
2016,12,2016-12,Kitsilano,106,20,35,13,6,15,12,1,4,0
2017,1,2017-01,Kitsilano,108,23,33,18,2,10,11,4,7,0
2017,2,2017-02,Kitsilano,131,24,52,19,3,6,16,3,8,0
2017,3,2017-03,Kitsilano,141,22,47,16,9,11,17,1,18,0
2017,4,2017-04,Kitsilano,124,16,38,25,8,14,10,4,9,0
2017,5,2017-05,Kitsilano,176,25,51,15,9,19,23,10,24,0
2017,6,2017-06,Kitsilano,159,28,46,25,6,9,8,11,26,0
2017,7,2017-07,Kitsilano,233,49,80,18,7,21,12,3,43,0
2017,8,2017-08,Kitsilano,161,51,34,15,8,13,7,7,26,0
2017,9,2017-09,Kitsilano,125,25,49,5,7,13,4,6,16,0
2017,10,2017-10,Kitsilano,140,39,54,13,2,4,9,5,14,0
2017,11,2017-11,Kitsilano,135,28,50,14,4,15,11,3,10,0
2017,12,2017-12,Kitsilano,165,31,69,28,5,11,11,6,4,0
2018,1,2018-01,Kitsilano,162,23,70,21,7,21,9,3,8,0
2018,2,2018-02,Kitsilano,132,21,65,16,6,11,8,3,2,0
2018,3,2018-03,Kitsilano,146,36,53,16,10,15,12,1,3,0
2018,4,2018-04,Kitsilano,220,42,81,53,4,14,8,2,16,0
2018,5,2018-05,Kitsilano,175,32,62,29,7,13,12,6,14,0
2018,6,2018-06,Kitsilano,212,32,72,53,3,15,14,6,17,0
2018,7,2018-07,Kitsilano,184,40,52,30,8,12,3,8,31,0
2018,8,2018-08,Kitsilano,206,41,71,24,9,14,6,8,33,0
2018,9,2018-09,Kitsilano,190,43,74,21,5,11,11,5,20,0
2018,10,2018-10,Kitsilano,176,30,66,26,6,12,11,3,22,0
2018,11,2018-11,Kitsilano,127,28,50,13,4,11,2,2,17,0
2018,12,2018-12,Kitsilano,125,32,37,19,2,16,9,4,6,0
2019,1,2019-01,Kitsilano,145,28,68,13,6,7,14,3,6,0
2019,2,2019-02,Kitsilano,121,30,41,21,5,9,3,7,5,0
2019,3,2019-03,Kitsilano,150,36,61,25,3,7,5,5,8,0
2019,4,2019-04,Kitsilano,137,34,49,20,5,14,4,3,8,0
2019,5,2019-05,Kitsilano,153,38,58,16,5,11,3,3,19,0
2019,6,2019-06,Kitsilano,130,26,44,14,1,16,10,6,13,0
2019,7,2019-07,Kitsilano,151,35,57,17,7,12,8,5,10,0
2019,8,2019-08,Kitsilano,169,45,56,17,5,11,5,3,27,0
2019,9,2019-09,Kitsilano,182,43,55,31,4,15,6,13,15,0
2019,10,2019-10,Kitsilano,215,42,73,33,5,18,19,3,22,0
2019,11,2019-11,Kitsilano,170,43,48,19,7,11,16,5,21,0
2019,12,2019-12,Kitsilano,131,35,42,10,7,15,12,2,8,0
2020,1,2020-01,Kitsilano,174,40,58,32,2,16,16,4,6,0
2020,2,2020-02,Kitsilano,147,33,61,19,8,4,13,3,6,0
2020,3,2020-03,Kitsilano,169,31,60,19,6,12,23,5,13,0
2020,4,2020-04,Kitsilano,180,35,59,22,6,11,22,3,22,0
2020,5,2020-05,Kitsilano,120,18,32,14,4,11,13,4,24,0
2020,6,2020-06,Kitsilano,125,21,31,12,7,15,5,1,33,0
2020,7,2020-07,Kitsilano,174,31,52,15,8,30,10,7,21,0
2020,8,2020-08,Kitsilano,135,20,34,20,4,17,2,6,32,0
2020,9,2020-09,Kitsilano,169,19,46,33,6,10,17,8,30,0
2020,10,2020-10,Kitsilano,140,27,43,16,1,17,15,2,19,0
2020,11,2020-11,Kitsilano,129,23,36,27,8,8,12,4,11,0
2020,12,2020-12,Kitsilano,95,19,33,15,4,10,6,4,4,0
2021,1,2021-01,Kitsilano,112,26,31,10,9,11,11,3,11,0
2021,2,2021-02,Kitsilano,104,20,28,20,7,8,10,2,9,0
2021,3,2021-03,Kitsilano,89,22,26,13,3,5,8,2,10,0
2021,4,2021-04,Kitsilano,151,42,30,18,1,14,21,2,23,0
2021,5,2021-05,Kitsilano,127,35,30,24,7,11,6,0,14,0
2021,6,2021-06,Kitsilano,150,45,27,15,11,20,8,5,19,0
2021,7,2021-07,Kitsilano,144,42,45,18,5,8,5,8,13,0
2021,8,2021-08,Kitsilano,100,27,30,8,3,5,5,7,15,0
2021,9,2021-09,Kitsilano,87,14,28,20,5,8,3,4,5,0
2021,10,2021-10,Kitsilano,91,32,21,12,4,4,7,3,8,0
2021,11,2021-11,Kitsilano,81,19,33,7,6,2,5,2,7,0
2021,12,2021-12,Kitsilano,82,24,20,13,2,7,7,2,7,0
2022,1,2022-01,Kitsilano,72,24,13,10,5,3,9,4,4,0
2022,2,2022-02,Kitsilano,87,33,12,16,4,6,8,2,6,0
2022,3,2022-03,Kitsilano,90,32,10,14,6,8,8,2,10,0
2022,4,2022-04,Kitsilano,100,28,26,17,2,7,7,3,10,0
2022,5,2022-05,Kitsilano,89,27,18,11,4,8,6,3,12,0
2022,6,2022-06,Kitsilano,92,22,23,16,8,5,5,6,7,0
2022,7,2022-07,Kitsilano,112,38,19,11,5,6,7,5,21,0
2022,8,2022-08,Kitsilano,122,37,36,18,5,4,5,2,15,0
2022,9,2022-09,Kitsilano,117,36,34,12,4,8,6,8,9,0
2022,10,2022-10,Kitsilano,113,31,33,22,3,8,3,1,12,0
2022,11,2022-11,Kitsilano,85,18,18,15,7,2,13,2,10,0
2022,12,2022-12,Kitsilano,60,19,16,10,1,5,5,2,2,0
2023,1,2023-01,Kitsilano,89,24,25,7,3,6,13,2,9,0
2023,2,2023-02,Kitsilano,99,31,22,16,8,5,11,1,5,0
2023,3,2023-03,Kitsilano,95,29,27,22,4,3,7,2,1,0
2023,4,2023-04,Kitsilano,92,28,18,17,7,7,10,0,5,0
2023,5,2023-05,Kitsilano,101,25,18,22,8,5,7,1,15,0
2023,6,2023-06,Kitsilano,108,24,18,21,11,6,10,2,16,0
2023,7,2023-07,Kitsilano,130,34,38,20,6,7,5,1,19,0
2023,8,2023-08,Kitsilano,96,33,30,11,8,3,2,2,7,0
2023,9,2023-09,Kitsilano,109,38,33,16,6,7,3,2,4,0
2023,10,2023-10,Kitsilano,96,38,21,15,8,6,3,2,3,0
2023,11,2023-11,Kitsilano,81,37,23,7,4,2,5,1,2,0
2023,12,2023-12,Kitsilano,89,39,18,12,6,4,5,1,4,0
2024,1,2024-01,Kitsilano,93,44,20,8,7,4,6,2,2,0
2024,2,2024-02,Kitsilano,61,32,13,6,3,1,1,3,2,0
2024,3,2024-03,Kitsilano,89,42,21,9,7,3,3,3,1,0
2024,4,2024-04,Kitsilano,106,44,35,11,4,6,1,3,2,0
2024,5,2024-05,Kitsilano,120,64,27,15,4,3,6,0,1,0
2024,6,2024-06,Kitsilano,76,47,15,5,1,1,2,1,4,0
2024,7,2024-07,Kitsilano,120,70,14,10,7,2,3,0,14,0
2024,8,2024-08,Kitsilano,106,66,11,13,5,1,5,1,4,0
2024,9,2024-09,Kitsilano,117,74,16,12,4,1,3,2,5,0
2024,10,2024-10,Kitsilano,139,77,21,22,7,7,3,0,2,0
2024,11,2024-11,Kitsilano,87,40,23,13,3,2,4,0,2,0
2024,12,2024-12,Kitsilano,71,32,12,10,7,4,2,1,3,0
2025,1,2025-01,Kitsilano,79,43,16,5,4,4,5,0,2,0
2025,2,2025-02,Kitsilano,79,36,13,12,9,0,6,2,1,0
2025,3,2025-03,Kitsilano,85,31,23,11,4,2,10,3,1,0
2025,4,2025-04,Kitsilano,77,40,13,10,0,3,4,0,7,0
2025,5,2025-05,Kitsilano,103,43,17,15,5,6,9,3,5,0
2025,6,2025-06,Kitsilano,125,49,22,22,14,4,3,5,6,0
2025,7,2025-07,Kitsilano,82,50,10,12,5,2,0,1,2,0
2025,8,2025-08,Kitsilano,111,41,24,17,10,2,6,0,11,0
2025,9,2025-09,Kitsilano,108,40,30,19,3,5,4,0,7,0
2025,10,2025-10,Kitsilano,82,37,18,13,6,5,1,0,2,0
2025,11,2025-11,Kitsilano,74,31,15,9,6,3,4,4,2,0
2025,12,2025-12,Kitsilano,78,43,7,14,4,4,5,0,1,0
2026,1,2026-01,Kitsilano,84,53,11,9,4,1,5,1,0,0
2026,2,2026-02,Kitsilano,75,46,13,5,2,1,5,0,3,0
2026,3,2026-03,Kitsilano,86,52,12,12,3,1,4,2,0,0
2026,4,2026-04,Kitsilano,93,50,9,15,7,2,5,2,3,0
2026,5,2026-05,Kitsilano,101,68,13,8,3,3,4,1,1,0
2026,6,2026-06,Kitsilano,110,63,13,12,9,3,4,1,5,0
2026,7,2026-07,Kitsilano,119,53,31,15,5,1,4,2,8,0
2026,8,2026-08,Kitsilano,98,49,14,14,4,1,4,1,11,0
2026,9,2026-09,Kitsilano,85,54,11,9,2,1,5,0,3,1
2003,1,2003-01,Marpole,120,11,36,12,7,14,10,30,0,0
2003,2,2003-02,Marpole,123,14,36,11,6,20,9,26,1,0
2003,3,2003-03,Marpole,102,15,29,7,6,11,8,23,3,0
2003,4,2003-04,Marpole,118,12,31,17,4,28,5,21,0,0
2003,5,2003-05,Marpole,111,15,40,12,7,11,11,13,2,0
2003,6,2003-06,Marpole,147,18,43,19,4,15,15,30,3,0
2003,7,2003-07,Marpole,97,12,31,11,5,7,8,22,1,0
2003,8,2003-08,Marpole,98,14,25,19,8,13,10,9,0,0
2003,9,2003-09,Marpole,112,9,40,12,5,15,9,19,3,0
2003,10,2003-10,Marpole,115,10,29,12,10,22,5,26,1,0
2003,11,2003-11,Marpole,109,17,26,5,14,17,0,29,1,0
2003,12,2003-12,Marpole,124,14,28,14,9,25,3,31,0,0
2004,1,2004-01,Marpole,112,22,32,13,5,19,11,7,3,0
2004,2,2004-02,Marpole,111,15,31,16,7,20,8,14,0,0
2004,3,2004-03,Marpole,129,12,42,12,5,27,11,20,0,0
2004,4,2004-04,Marpole,95,12,32,9,2,17,3,19,1,0
2004,5,2004-05,Marpole,118,10,43,13,5,19,9,16,3,0
2004,6,2004-06,Marpole,124,11,43,12,7,27,5,17,2,0
2004,7,2004-07,Marpole,123,17,36,17,0,21,3,29,0,0
2004,8,2004-08,Marpole,116,19,32,14,7,11,8,21,4,0
2004,9,2004-09,Marpole,126,17,26,22,5,23,10,21,2,0
2004,10,2004-10,Marpole,149,12,43,16,9,18,15,31,5,0
2004,11,2004-11,Marpole,142,22,45,14,5,17,12,27,0,0
2004,12,2004-12,Marpole,150,19,64,25,4,16,5,17,0,0
2005,1,2005-01,Marpole,152,18,52,11,6,19,13,30,3,0
2005,2,2005-02,Marpole,181,14,85,12,3,30,10,25,2,0
2005,3,2005-03,Marpole,146,19,48,18,4,23,4,27,3,0
2005,4,2005-04,Marpole,152,21,64,16,4,17,5,24,1,0
2005,5,2005-05,Marpole,113,20,36,15,8,15,6,12,1,0
2005,6,2005-06,Marpole,122,22,45,11,10,13,3,15,3,0
2005,7,2005-07,Marpole,106,15,25,15,7,14,9,20,1,0
2005,8,2005-08,Marpole,132,22,39,21,9,15,7,18,1,0
2005,9,2005-09,Marpole,105,10,25,10,6,21,9,23,1,0
2005,10,2005-10,Marpole,128,14,45,20,3,29,4,13,0,0
2005,11,2005-11,Marpole,104,13,38,11,9,13,7,12,1,0
2005,12,2005-12,Marpole,109,15,37,21,4,18,7,6,1,0
2006,1,2006-01,Marpole,108,13,25,15,11,26,7,9,2,0
2006,2,2006-02,Marpole,111,18,28,13,5,22,8,16,1,0
2006,3,2006-03,Marpole,102,17,29,19,4,16,7,9,1,0
2006,4,2006-04,Marpole,82,8,32,19,4,9,7,3,0,0
2006,5,2006-05,Marpole,127,15,53,24,11,9,11,4,0,0
2006,6,2006-06,Marpole,100,12,36,12,8,13,7,12,0,0
2006,7,2006-07,Marpole,103,17,26,20,6,19,6,8,1,0
2006,8,2006-08,Marpole,69,10,11,8,12,11,9,7,1,0
2006,9,2006-09,Marpole,97,15,27,16,5,12,7,15,0,0
2006,10,2006-10,Marpole,102,13,20,8,15,19,16,9,2,0
2006,11,2006-11,Marpole,81,11,19,8,7,14,10,12,0,0
2006,12,2006-12,Marpole,88,8,23,12,6,19,13,7,0,0
2007,1,2007-01,Marpole,106,15,36,3,5,12,13,22,0,0
2007,2,2007-02,Marpole,67,15,16,6,6,15,4,5,0,0
2007,3,2007-03,Marpole,75,14,12,13,6,16,7,5,2,0
2007,4,2007-04,Marpole,88,9,24,14,10,19,4,7,1,0
2007,5,2007-05,Marpole,97,18,20,11,12,16,4,15,1,0
2007,6,2007-06,Marpole,89,10,17,16,4,25,2,12,3,0
2007,7,2007-07,Marpole,104,6,31,13,6,23,5,18,2,0
2007,8,2007-08,Marpole,138,20,31,15,8,39,10,12,3,0
2007,9,2007-09,Marpole,121,16,34,16,16,14,6,19,0,0
2007,10,2007-10,Marpole,99,16,30,10,5,18,6,12,2,0
2007,11,2007-11,Marpole,90,10,19,11,15,18,3,13,1,0
2007,12,2007-12,Marpole,74,18,10,14,3,7,11,10,1,0
2008,1,2008-01,Marpole,88,17,15,12,6,12,14,12,0,0
2008,2,2008-02,Marpole,79,9,13,6,11,17,9,13,1,0
2008,3,2008-03,Marpole,79,15,15,9,6,14,11,9,0,0
2008,4,2008-04,Marpole,79,15,30,13,5,7,6,3,0,0
2008,5,2008-05,Marpole,88,8,26,11,8,16,8,7,4,0
2008,6,2008-06,Marpole,99,17,23,14,6,12,12,14,1,0
2008,7,2008-07,Marpole,75,11,14,12,6,18,7,7,0,0
2008,8,2008-08,Marpole,70,19,12,5,6,20,4,4,0,0
2008,9,2008-09,Marpole,83,10,22,13,8,11,7,10,2,0
2008,10,2008-10,Marpole,78,7,20,13,8,19,4,7,0,0
2008,11,2008-11,Marpole,62,9,17,9,6,10,2,6,3,0
2008,12,2008-12,Marpole,83,14,18,10,4,24,5,8,0,0
2009,1,2009-01,Marpole,98,10,36,13,5,15,5,14,0,0
2009,2,2009-02,Marpole,64,11,15,9,4,18,2,5,0,0
2009,3,2009-03,Marpole,59,11,12,8,8,7,10,3,0,0
2009,4,2009-04,Marpole,60,9,12,10,5,6,8,7,3,0
2009,5,2009-05,Marpole,77,8,24,17,6,6,11,5,0,0
2009,6,2009-06,Marpole,110,18,37,18,5,11,8,12,1,0
2009,7,2009-07,Marpole,89,17,24,10,8,17,4,7,2,0
2009,8,2009-08,Marpole,72,9,17,14,4,8,6,10,4,0
2009,9,2009-09,Marpole,62,7,9,10,10,9,12,3,2,0
2009,10,2009-10,Marpole,46,5,8,8,9,6,2,7,1,0
2009,11,2009-11,Marpole,68,9,9,14,9,18,3,4,2,0
2009,12,2009-12,Marpole,76,9,17,6,8,22,2,11,1,0
2010,1,2010-01,Marpole,72,5,24,12,10,8,6,7,0,0
2010,2,2010-02,Marpole,82,10,19,9,7,15,14,7,1,0
2010,3,2010-03,Marpole,52,12,15,6,1,12,4,2,0,0
2010,4,2010-04,Marpole,69,12,23,13,5,6,3,7,0,0
2010,5,2010-05,Marpole,63,8,11,15,3,12,7,6,1,0
2010,6,2010-06,Marpole,72,6,21,6,6,18,6,8,1,0
2010,7,2010-07,Marpole,61,12,17,12,7,3,2,5,3,0
2010,8,2010-08,Marpole,45,8,13,6,8,3,2,5,0,0
2010,9,2010-09,Marpole,101,16,19,8,12,10,28,8,0,0
2010,10,2010-10,Marpole,65,5,14,6,9,14,10,6,1,0
2010,11,2010-11,Marpole,73,8,10,9,12,26,5,3,0,0
2010,12,2010-12,Marpole,56,9,11,6,9,11,4,6,0,0
2011,1,2011-01,Marpole,60,5,13,4,10,16,4,8,0,0
2011,2,2011-02,Marpole,51,8,15,6,4,5,9,4,0,0
2011,3,2011-03,Marpole,64,11,12,9,7,12,9,4,0,0
2011,4,2011-04,Marpole,64,16,11,7,5,15,7,2,1,0
2011,5,2011-05,Marpole,59,13,13,11,7,6,6,2,1,0
2011,6,2011-06,Marpole,66,10,23,6,6,13,4,4,0,0
2011,7,2011-07,Marpole,51,7,17,9,5,5,3,5,0,0
2011,8,2011-08,Marpole,44,6,13,8,7,4,3,3,0,0
2011,9,2011-09,Marpole,74,10,10,11,4,26,2,11,0,0
2011,10,2011-10,Marpole,50,5,13,7,5,9,4,3,4,0
2011,11,2011-11,Marpole,79,12,20,5,9,22,1,9,1,0
2011,12,2011-12,Marpole,65,9,11,18,12,9,4,2,0,0
2012,1,2012-01,Marpole,65,11,23,2,8,18,0,2,1,0
2012,2,2012-02,Marpole,49,13,14,9,5,8,0,0,0,0
2012,3,2012-03,Marpole,89,8,46,11,7,12,0,3,2,0
2012,4,2012-04,Marpole,68,18,25,8,6,6,2,2,1,0
2012,5,2012-05,Marpole,53,7,20,9,5,11,0,1,0,0
2012,6,2012-06,Marpole,61,16,13,13,5,8,3,2,1,0
2012,7,2012-07,Marpole,61,9,18,8,7,10,2,3,4,0
2012,8,2012-08,Marpole,69,9,22,14,3,14,2,4,1,0
2012,9,2012-09,Marpole,62,9,18,9,4,14,3,3,2,0
2012,10,2012-10,Marpole,71,12,18,6,5,20,4,4,2,0
2012,11,2012-11,Marpole,89,17,13,13,6,26,4,10,0,0
2012,12,2012-12,Marpole,82,5,17,12,5,30,8,4,1,0
2013,1,2013-01,Marpole,74,17,11,7,7,18,8,6,0,0
2013,2,2013-02,Marpole,71,11,16,7,3,19,7,8,0,0
2013,3,2013-03,Marpole,61,11,20,7,6,8,3,6,0,0
2013,4,2013-04,Marpole,55,9,12,6,9,17,0,1,1,0
2013,5,2013-05,Marpole,60,12,20,6,2,10,2,6,2,0
2013,6,2013-06,Marpole,58,9,17,11,5,6,7,1,2,0
2013,7,2013-07,Marpole,76,14,16,5,12,11,5,7,6,0
2013,8,2013-08,Marpole,42,8,11,6,4,6,4,1,2,0
2013,9,2013-09,Marpole,76,9,24,12,4,16,5,2,4,0
2013,10,2013-10,Marpole,61,10,14,7,5,17,3,5,0,0
2013,11,2013-11,Marpole,83,9,28,12,3,13,11,5,2,0
2013,12,2013-12,Marpole,74,13,27,6,2,19,5,2,0,0
2014,1,2014-01,Marpole,67,11,15,5,7,15,5,7,2,0
2014,2,2014-02,Marpole,55,9,12,6,5,15,2,6,0,0
2014,3,2014-03,Marpole,50,4,16,8,6,10,4,2,0,0
2014,4,2014-04,Marpole,64,9,20,9,5,12,7,2,0,0
2014,5,2014-05,Marpole,62,10,17,10,5,14,3,2,1,0
2014,6,2014-06,Marpole,62,11,17,8,6,11,2,6,1,0
2014,7,2014-07,Marpole,87,12,26,12,6,6,10,12,3,0
2014,8,2014-08,Marpole,84,10,30,12,2,15,8,5,2,0
2014,9,2014-09,Marpole,61,9,21,4,4,8,5,7,3,0
2014,10,2014-10,Marpole,105,12,37,13,5,18,8,8,4,0
2014,11,2014-11,Marpole,75,12,22,9,1,14,11,6,0,0
2014,12,2014-12,Marpole,85,11,25,12,5,17,11,3,1,0
2015,1,2015-01,Marpole,68,11,18,3,6,21,5,2,2,0
2015,2,2015-02,Marpole,67,12,19,8,1,13,4,5,5,0
2015,3,2015-03,Marpole,71,13,22,10,2,16,5,3,0,0
2015,4,2015-04,Marpole,58,10,19,6,3,9,4,6,1,0
2015,5,2015-05,Marpole,77,14,25,11,9,4,5,9,0,0
2015,6,2015-06,Marpole,68,17,15,2,12,12,2,6,2,0
2015,7,2015-07,Marpole,76,15,20,9,3,13,6,3,7,0
2015,8,2015-08,Marpole,67,19,18,9,5,5,5,4,2,0
2015,9,2015-09,Marpole,71,16,24,6,5,9,4,6,1,0
2015,10,2015-10,Marpole,85,12,27,14,6,17,6,2,1,0
2015,11,2015-11,Marpole,72,12,20,10,8,14,1,4,3,0
2015,12,2015-12,Marpole,77,14,24,8,4,19,5,3,0,0
2016,1,2016-01,Marpole,80,12,26,8,7,16,4,6,1,0
2016,2,2016-02,Marpole,84,9,30,11,4,23,5,1,1,0
2016,3,2016-03,Marpole,69,13,21,14,3,12,4,2,0,0
2016,4,2016-04,Marpole,70,15,18,6,4,13,6,7,1,0
2016,5,2016-05,Marpole,72,16,18,7,7,8,8,6,2,0
2016,6,2016-06,Marpole,75,20,25,8,3,8,2,5,4,0
2016,7,2016-07,Marpole,82,19,30,12,1,10,2,6,2,0
2016,8,2016-08,Marpole,84,26,14,13,4,16,5,4,2,0
2016,9,2016-09,Marpole,91,24,19,11,3,16,6,8,4,0
2016,10,2016-10,Marpole,84,22,22,13,7,10,7,1,2,0
2016,11,2016-11,Marpole,85,24,13,9,9,12,9,4,5,0
2016,12,2016-12,Marpole,73,14,16,9,3,17,6,6,2,0
2017,1,2017-01,Marpole,78,21,20,10,8,10,6,2,1,0
2017,2,2017-02,Marpole,49,14,11,4,2,7,7,3,1,0
2017,3,2017-03,Marpole,109,35,14,15,3,6,21,14,1,0
2017,4,2017-04,Marpole,73,26,10,10,9,7,4,4,3,0
2017,5,2017-05,Marpole,79,16,25,11,3,8,7,5,4,0
2017,6,2017-06,Marpole,73,13,22,16,7,5,4,3,3,0
2017,7,2017-07,Marpole,62,11,29,4,3,5,3,3,4,0
2017,8,2017-08,Marpole,92,16,29,17,8,10,4,5,3,0
2017,9,2017-09,Marpole,74,21,28,9,3,4,3,5,1,0
2017,10,2017-10,Marpole,84,22,35,5,6,10,2,3,1,0
2017,11,2017-11,Marpole,99,22,28,16,5,13,8,7,0,0
2017,12,2017-12,Marpole,105,25,43,23,6,4,3,1,0,0
2018,1,2018-01,Marpole,104,19,25,16,4,29,5,4,2,0
2018,2,2018-02,Marpole,61,17,21,10,2,6,2,2,1,0
2018,3,2018-03,Marpole,64,16,17,10,9,6,2,3,1,0
2018,4,2018-04,Marpole,89,19,29,9,11,10,3,1,7,0
2018,5,2018-05,Marpole,74,21,18,12,6,6,4,2,5,0
2018,6,2018-06,Marpole,49,7,23,4,2,8,3,1,1,0
2018,7,2018-07,Marpole,56,9,19,13,3,4,2,5,1,0
2018,8,2018-08,Marpole,99,30,23,18,4,11,3,5,5,0
2018,9,2018-09,Marpole,69,16,24,6,3,8,5,4,3,0
2018,10,2018-10,Marpole,86,17,25,13,8,9,5,5,4,0
2018,11,2018-11,Marpole,80,17,31,10,3,9,4,4,2,0
2018,12,2018-12,Marpole,102,18,36,13,6,18,6,3,2,0
2019,1,2019-01,Marpole,82,15,28,15,10,3,7,2,2,0
2019,2,2019-02,Marpole,95,22,31,12,3,14,9,4,0,0
2019,3,2019-03,Marpole,83,24,30,4,7,7,7,1,3,0
2019,4,2019-04,Marpole,78,25,22,8,4,7,8,1,3,0
2019,5,2019-05,Marpole,89,27,32,5,8,8,4,1,4,0
2019,6,2019-06,Marpole,73,21,19,8,9,7,4,0,5,0
2019,7,2019-07,Marpole,86,19,24,11,7,10,5,7,3,0
2019,8,2019-08,Marpole,110,23,32,12,7,13,8,4,11,0
2019,9,2019-09,Marpole,77,16,27,5,4,15,2,5,3,0
2019,10,2019-10,Marpole,104,25,38,10,6,13,3,6,3,0
2019,11,2019-11,Marpole,87,16,36,9,3,14,6,2,1,0
2019,12,2019-12,Marpole,104,21,30,18,8,20,3,2,2,0
2020,1,2020-01,Marpole,101,24,34,18,7,10,3,4,1,0
2020,2,2020-02,Marpole,90,31,25,12,3,9,4,6,0,0
2020,3,2020-03,Marpole,87,23,28,9,6,5,14,2,0,0
2020,4,2020-04,Marpole,81,14,31,16,4,6,6,1,3,0
2020,5,2020-05,Marpole,37,8,7,8,3,7,3,1,0,0
2020,6,2020-06,Marpole,65,13,20,6,7,6,7,2,4,0
2020,7,2020-07,Marpole,59,17,14,15,4,2,5,1,1,0
2020,8,2020-08,Marpole,58,15,17,4,7,6,4,1,4,0
2020,9,2020-09,Marpole,80,14,24,10,8,10,7,5,2,0
2020,10,2020-10,Marpole,112,21,32,16,10,14,11,2,6,0
2020,11,2020-11,Marpole,69,26,12,10,8,4,6,2,1,0
2020,12,2020-12,Marpole,83,21,28,9,9,6,3,4,3,0
2021,1,2021-01,Marpole,98,26,25,12,9,12,10,3,1,0
2021,2,2021-02,Marpole,63,14,18,10,8,5,4,2,2,0
2021,3,2021-03,Marpole,88,19,21,17,8,3,11,5,4,0
2021,4,2021-04,Marpole,53,15,16,9,3,3,3,2,2,0
2021,5,2021-05,Marpole,70,12,21,13,3,7,7,2,5,0
2021,6,2021-06,Marpole,71,18,23,9,4,8,4,5,0,0
2021,7,2021-07,Marpole,83,22,16,16,8,11,4,4,2,0
2021,8,2021-08,Marpole,83,13,27,15,4,11,9,2,2,0
2021,9,2021-09,Marpole,74,14,23,11,5,8,5,6,2,0
2021,10,2021-10,Marpole,58,12,14,14,6,3,5,2,2,0
2021,11,2021-11,Marpole,70,19,22,8,7,7,3,4,0,0
2021,12,2021-12,Marpole,75,15,22,13,6,10,6,3,0,0
2022,1,2022-01,Marpole,93,23,33,11,8,7,5,5,1,0
2022,2,2022-02,Marpole,69,15,17,10,7,8,8,4,0,0
2022,3,2022-03,Marpole,67,21,26,6,5,5,3,1,0,0
2022,4,2022-04,Marpole,49,21,16,2,4,2,3,1,0,0
2022,5,2022-05,Marpole,70,22,19,6,4,6,4,5,4,0
2022,6,2022-06,Marpole,70,21,19,13,5,4,3,2,3,0
2022,7,2022-07,Marpole,91,21,21,19,5,8,9,2,6,0
2022,8,2022-08,Marpole,63,23,14,9,5,4,4,1,3,0
2022,9,2022-09,Marpole,84,21,24,9,12,7,1,5,5,0
2022,10,2022-10,Marpole,71,14,21,12,4,9,5,4,2,0
2022,11,2022-11,Marpole,51,20,6,1,8,3,6,4,3,0
2022,12,2022-12,Marpole,73,27,13,8,11,6,5,1,2,0
2023,1,2023-01,Marpole,52,18,17,3,5,2,7,0,0,0
2023,2,2023-02,Marpole,62,15,18,8,8,3,8,1,1,0
2023,3,2023-03,Marpole,74,27,21,13,1,4,5,3,0,0
2023,4,2023-04,Marpole,78,31,17,12,7,3,6,0,2,0
2023,5,2023-05,Marpole,87,22,22,17,7,6,10,2,1,0
2023,6,2023-06,Marpole,67,16,14,10,7,7,4,6,3,0
2023,7,2023-07,Marpole,63,24,15,8,5,3,3,4,1,0
2023,8,2023-08,Marpole,63,17,20,8,8,0,0,4,6,0
2023,9,2023-09,Marpole,57,21,6,8,7,5,6,3,1,0
2023,10,2023-10,Marpole,97,36,23,12,11,6,7,0,2,0
2023,11,2023-11,Marpole,79,30,18,13,6,4,6,2,0,0
2023,12,2023-12,Marpole,71,30,7,12,11,3,5,2,1,0
2024,1,2024-01,Marpole,84,25,4,36,5,2,11,1,0,0
2024,2,2024-02,Marpole,77,23,19,13,4,8,5,4,1,0
2024,3,2024-03,Marpole,84,36,21,7,5,9,4,2,0,0
2024,4,2024-04,Marpole,54,25,11,6,3,2,5,1,1,0
2024,5,2024-05,Marpole,57,21,9,9,9,0,5,3,1,0
2024,6,2024-06,Marpole,69,32,10,9,6,4,5,1,2,0
2024,7,2024-07,Marpole,69,28,12,8,4,5,7,1,4,0
2024,8,2024-08,Marpole,75,25,13,19,5,3,7,1,2,0
2024,9,2024-09,Marpole,53,21,7,9,1,4,6,4,1,0
2024,10,2024-10,Marpole,64,26,11,13,4,3,2,2,3,0
2024,11,2024-11,Marpole,59,18,11,10,8,5,2,4,1,0
2024,12,2024-12,Marpole,52,16,12,12,7,1,4,0,0,0
2025,1,2025-01,Marpole,60,25,6,17,2,5,3,1,1,0
2025,2,2025-02,Marpole,48,13,11,11,5,0,6,2,0,0
2025,3,2025-03,Marpole,81,36,10,13,13,1,6,1,1,0
2025,4,2025-04,Marpole,55,24,11,6,3,3,5,1,2,0
2025,5,2025-05,Marpole,67,30,12,15,2,2,4,2,0,0
2025,6,2025-06,Marpole,71,30,15,11,5,4,4,0,2,0
2025,7,2025-07,Marpole,58,22,8,14,3,4,1,5,1,0
2025,8,2025-08,Marpole,64,26,10,8,7,6,4,3,0,0
2025,9,2025-09,Marpole,68,30,17,7,5,3,2,1,3,0
2025,10,2025-10,Marpole,77,17,33,11,5,6,4,0,1,0
2025,11,2025-11,Marpole,53,17,8,11,6,5,5,1,0,0
2025,12,2025-12,Marpole,70,29,13,11,4,5,2,2,4,0
2026,1,2026-01,Marpole,81,40,13,9,7,2,6,3,1,0
2026,2,2026-02,Marpole,69,27,16,13,5,5,1,0,2,0
2026,3,2026-03,Marpole,59,32,11,4,3,3,4,1,1,0
2026,4,2026-04,Marpole,52,26,13,4,1,3,2,3,0,0
2026,5,2026-05,Marpole,60,31,11,8,6,1,2,1,0,0
2026,6,2026-06,Marpole,54,25,11,5,4,2,4,1,2,0
2026,7,2026-07,Marpole,70,31,13,12,8,3,2,0,1,0
2026,8,2026-08,Marpole,78,38,23,6,3,1,5,1,1,0
2026,9,2026-09,Marpole,48,20,11,6,1,2,3,0,5,1
2003,1,2003-01,Mount Pleasant,196,36,54,29,21,16,12,22,6,0
2003,2,2003-02,Mount Pleasant,246,44,73,29,25,20,19,35,1,0
2003,3,2003-03,Mount Pleasant,219,44,57,28,21,19,15,34,1,0
2003,4,2003-04,Mount Pleasant,188,30,60,28,13,15,12,23,7,0
2003,5,2003-05,Mount Pleasant,217,35,79,28,14,14,13,31,3,0
2003,6,2003-06,Mount Pleasant,229,28,81,27,13,34,8,32,6,0
2003,7,2003-07,Mount Pleasant,259,54,78,27,16,40,14,24,6,0
2003,8,2003-08,Mount Pleasant,270,49,102,25,13,30,15,25,11,0
2003,9,2003-09,Mount Pleasant,269,39,104,25,15,35,12,27,12,0
2003,10,2003-10,Mount Pleasant,265,46,75,34,14,35,21,26,14,0
2003,11,2003-11,Mount Pleasant,241,55,76,35,13,22,12,23,5,0
2003,12,2003-12,Mount Pleasant,271,51,78,29,22,35,12,44,0,0
2004,1,2004-01,Mount Pleasant,243,51,70,30,21,31,12,25,3,0
2004,2,2004-02,Mount Pleasant,234,31,87,32,23,19,12,27,3,0
2004,3,2004-03,Mount Pleasant,286,50,77,27,30,24,24,44,10,0
2004,4,2004-04,Mount Pleasant,297,57,93,24,29,26,31,30,7,0
2004,5,2004-05,Mount Pleasant,252,43,93,27,19,21,19,25,5,0
2004,6,2004-06,Mount Pleasant,232,36,62,13,29,21,19,38,14,0
2004,7,2004-07,Mount Pleasant,306,62,86,28,27,23,23,48,9,0
2004,8,2004-08,Mount Pleasant,283,49,102,15,32,25,23,30,7,0
2004,9,2004-09,Mount Pleasant,257,34,80,15,24,26,33,39,6,0
2004,10,2004-10,Mount Pleasant,308,54,97,26,26,30,30,43,2,0
2004,11,2004-11,Mount Pleasant,273,55,87,22,30,31,14,31,3,0
2004,12,2004-12,Mount Pleasant,324,39,125,18,30,36,29,41,6,0
2005,1,2005-01,Mount Pleasant,318,35,124,26,28,42,15,40,8,0
2005,2,2005-02,Mount Pleasant,191,35,76,14,17,20,11,12,6,0
2005,3,2005-03,Mount Pleasant,237,49,71,25,22,20,19,23,8,0
2005,4,2005-04,Mount Pleasant,241,43,80,17,13,36,17,29,6,0
2005,5,2005-05,Mount Pleasant,239,35,83,28,13,29,20,25,6,0
2005,6,2005-06,Mount Pleasant,268,39,89,25,14,38,28,23,12,0
2005,7,2005-07,Mount Pleasant,274,66,53,20,19,33,31,40,12,0
2005,8,2005-08,Mount Pleasant,273,39,98,26,19,23,18,36,14,0
2005,9,2005-09,Mount Pleasant,261,62,55,27,21,37,23,20,16,0
2005,10,2005-10,Mount Pleasant,280,52,95,24,19,34,13,26,17,0
2005,11,2005-11,Mount Pleasant,186,53,52,12,13,21,15,12,8,0
2005,12,2005-12,Mount Pleasant,219,39,77,28,18,21,19,14,3,0
2006,1,2006-01,Mount Pleasant,275,67,95,16,24,14,21,31,7,0
2006,2,2006-02,Mount Pleasant,199,40,52,15,24,19,11,29,9,0
2006,3,2006-03,Mount Pleasant,274,53,87,21,23,25,23,33,9,0
2006,4,2006-04,Mount Pleasant,187,37,51,20,20,10,17,26,6,0
2006,5,2006-05,Mount Pleasant,198,39,54,22,21,16,15,21,10,0
2006,6,2006-06,Mount Pleasant,208,45,58,14,10,22,14,34,11,0
2006,7,2006-07,Mount Pleasant,239,55,47,34,29,27,8,20,19,0
2006,8,2006-08,Mount Pleasant,268,50,61,31,35,31,13,26,21,0
2006,9,2006-09,Mount Pleasant,238,35,72,42,22,21,13,28,5,0
2006,10,2006-10,Mount Pleasant,256,35,64,52,25,19,13,34,14,0
2006,11,2006-11,Mount Pleasant,159,33,45,13,17,16,12,17,6,0
2006,12,2006-12,Mount Pleasant,211,27,67,19,22,25,34,15,2,0
2007,1,2007-01,Mount Pleasant,200,40,53,17,19,20,23,23,5,0
2007,2,2007-02,Mount Pleasant,149,40,20,14,13,21,16,21,4,0
2007,3,2007-03,Mount Pleasant,161,37,52,17,12,15,10,14,4,0
2007,4,2007-04,Mount Pleasant,177,33,37,30,21,19,9,19,9,0
2007,5,2007-05,Mount Pleasant,211,42,43,25,26,34,9,19,13,0
2007,6,2007-06,Mount Pleasant,249,27,76,25,24,41,19,24,13,0
2007,7,2007-07,Mount Pleasant,221,44,57,25,10,35,20,24,6,0
2007,8,2007-08,Mount Pleasant,281,60,72,31,21,32,29,16,20,0
2007,9,2007-09,Mount Pleasant,172,40,42,18,21,16,13,13,9,0
2007,10,2007-10,Mount Pleasant,222,45,57,23,17,26,19,26,9,0
2007,11,2007-11,Mount Pleasant,163,35,44,23,10,23,13,13,2,0
2007,12,2007-12,Mount Pleasant,162,48,29,23,16,28,3,14,1,0
2008,1,2008-01,Mount Pleasant,225,45,57,19,22,39,18,23,2,0
2008,2,2008-02,Mount Pleasant,176,31,33,23,25,30,16,15,3,0
2008,3,2008-03,Mount Pleasant,226,42,52,23,22,35,24,20,8,0
2008,4,2008-04,Mount Pleasant,195,37,54,27,16,31,7,16,7,0
2008,5,2008-05,Mount Pleasant,158,41,29,33,16,15,7,12,5,0
2008,6,2008-06,Mount Pleasant,177,45,56,14,15,20,10,8,9,0
2008,7,2008-07,Mount Pleasant,214,51,65,22,12,24,12,8,20,0
2008,8,2008-08,Mount Pleasant,211,48,66,22,17,22,12,7,17,0
2008,9,2008-09,Mount Pleasant,268,60,115,16,17,21,7,13,19,0
2008,10,2008-10,Mount Pleasant,232,43,88,25,19,29,6,10,12,0
2008,11,2008-11,Mount Pleasant,211,48,86,29,16,17,7,5,3,0
2008,12,2008-12,Mount Pleasant,158,38,61,15,9,13,5,11,6,0
2009,1,2009-01,Mount Pleasant,176,36,53,22,18,27,9,7,4,0
2009,2,2009-02,Mount Pleasant,161,37,49,8,14,24,10,15,4,0
2009,3,2009-03,Mount Pleasant,180,53,45,12,12,20,15,20,3,0
2009,4,2009-04,Mount Pleasant,189,45,35,22,22,33,8,17,7,0
2009,5,2009-05,Mount Pleasant,194,55,39,26,20,15,15,10,14,0
2009,6,2009-06,Mount Pleasant,173,50,43,19,8,14,9,6,24,0
2009,7,2009-07,Mount Pleasant,204,57,41,23,19,16,14,8,26,0
2009,8,2009-08,Mount Pleasant,162,50,36,14,18,9,6,7,22,0
2009,9,2009-09,Mount Pleasant,167,48,40,18,15,17,10,5,14,0
2009,10,2009-10,Mount Pleasant,166,44,40,19,18,16,16,8,5,0
2009,11,2009-11,Mount Pleasant,153,43,34,17,14,13,14,10,8,0
2009,12,2009-12,Mount Pleasant,138,53,22,14,14,16,3,11,5,0
2010,1,2010-01,Mount Pleasant,154,43,30,24,19,15,8,12,3,0
2010,2,2010-02,Mount Pleasant,136,41,41,11,15,14,2,6,6,0
2010,3,2010-03,Mount Pleasant,150,51,47,11,11,15,5,8,2,0
2010,4,2010-04,Mount Pleasant,158,47,27,26,15,20,5,7,11,0
2010,5,2010-05,Mount Pleasant,155,51,15,31,21,13,3,7,14,0
2010,6,2010-06,Mount Pleasant,169,50,30,33,8,24,8,5,11,0
2010,7,2010-07,Mount Pleasant,184,56,37,19,21,13,9,6,23,0
2010,8,2010-08,Mount Pleasant,166,41,24,28,12,20,8,8,25,0
2010,9,2010-09,Mount Pleasant,175,47,54,16,18,11,7,10,12,0
2010,10,2010-10,Mount Pleasant,167,48,49,15,10,19,13,4,9,0
2010,11,2010-11,Mount Pleasant,146,25,43,24,8,21,12,10,3,0
2010,12,2010-12,Mount Pleasant,162,55,30,21,17,17,10,7,5,0
2011,1,2011-01,Mount Pleasant,175,31,42,30,11,20,23,9,9,0
2011,2,2011-02,Mount Pleasant,167,39,48,20,10,18,22,3,7,0
2011,3,2011-03,Mount Pleasant,157,39,32,23,20,14,20,5,4,0
2011,4,2011-04,Mount Pleasant,156,40,29,27,12,12,16,7,13,0
2011,5,2011-05,Mount Pleasant,186,60,33,18,25,8,27,4,11,0
2011,6,2011-06,Mount Pleasant,170,45,35,21,15,7,23,10,14,0
2011,7,2011-07,Mount Pleasant,227,69,34,24,23,14,17,8,38,0
2011,8,2011-08,Mount Pleasant,199,55,33,16,9,16,34,7,29,0
2011,9,2011-09,Mount Pleasant,188,56,42,16,14,14,18,6,22,0
2011,10,2011-10,Mount Pleasant,147,42,30,17,12,15,11,6,14,0
2011,11,2011-11,Mount Pleasant,178,65,37,18,16,30,3,3,6,0
2011,12,2011-12,Mount Pleasant,173,46,33,25,16,23,13,5,12,0
2012,1,2012-01,Mount Pleasant,164,66,30,22,14,10,16,3,3,0
2012,2,2012-02,Mount Pleasant,175,67,31,16,12,24,9,10,6,0
2012,3,2012-03,Mount Pleasant,180,51,38,13,13,21,19,11,14,0
2012,4,2012-04,Mount Pleasant,151,50,32,15,7,11,10,10,16,0
2012,5,2012-05,Mount Pleasant,187,59,41,18,16,11,17,9,16,0
2012,6,2012-06,Mount Pleasant,201,63,38,27,20,14,14,12,13,0
2012,7,2012-07,Mount Pleasant,169,65,21,19,17,9,13,6,19,0
2012,8,2012-08,Mount Pleasant,193,63,37,21,11,11,13,2,35,0
2012,9,2012-09,Mount Pleasant,220,67,36,26,22,13,12,13,31,0
2012,10,2012-10,Mount Pleasant,182,67,25,24,13,18,5,11,19,0
2012,11,2012-11,Mount Pleasant,180,60,40,20,15,18,7,11,9,0
2012,12,2012-12,Mount Pleasant,152,54,32,11,6,17,20,6,6,0
2013,1,2013-01,Mount Pleasant,199,64,41,26,15,21,17,8,7,0
2013,2,2013-02,Mount Pleasant,144,52,22,16,15,3,13,7,16,0
2013,3,2013-03,Mount Pleasant,170,59,19,26,14,10,10,12,20,0
2013,4,2013-04,Mount Pleasant,177,55,32,21,8,23,15,7,16,0
2013,5,2013-05,Mount Pleasant,202,67,36,30,13,14,9,7,26,0
2013,6,2013-06,Mount Pleasant,205,74,26,17,10,27,13,6,32,0
2013,7,2013-07,Mount Pleasant,207,68,28,30,14,25,11,7,24,0
2013,8,2013-08,Mount Pleasant,207,46,34,14,15,23,13,7,55,0
2013,9,2013-09,Mount Pleasant,210,70,45,21,12,23,9,2,28,0
2013,10,2013-10,Mount Pleasant,202,50,53,18,18,24,8,6,25,0
2013,11,2013-11,Mount Pleasant,217,65,63,26,13,16,17,4,13,0
2013,12,2013-12,Mount Pleasant,177,58,36,22,14,9,22,4,12,0
2014,1,2014-01,Mount Pleasant,201,56,38,25,23,9,31,3,16,0
2014,2,2014-02,Mount Pleasant,182,63,23,36,13,15,12,7,13,0
2014,3,2014-03,Mount Pleasant,218,64,44,23,15,16,26,15,15,0
2014,4,2014-04,Mount Pleasant,222,74,34,37,11,13,25,3,25,0
2014,5,2014-05,Mount Pleasant,249,72,50,37,17,14,17,9,33,0
2014,6,2014-06,Mount Pleasant,267,71,71,26,14,14,14,8,49,0
2014,7,2014-07,Mount Pleasant,302,82,75,27,15,16,12,15,60,0
2014,8,2014-08,Mount Pleasant,293,77,70,26,21,15,21,9,54,0
2014,9,2014-09,Mount Pleasant,274,62,74,39,7,9,25,10,48,0
2014,10,2014-10,Mount Pleasant,285,77,92,20,10,10,16,20,40,0
2014,11,2014-11,Mount Pleasant,199,69,47,19,13,9,15,9,18,0
2014,12,2014-12,Mount Pleasant,192,61,48,19,12,8,29,6,9,0
2015,1,2015-01,Mount Pleasant,185,59,56,15,13,7,14,11,10,0
2015,2,2015-02,Mount Pleasant,145,54,43,15,7,4,7,6,9,0
2015,3,2015-03,Mount Pleasant,183,59,44,32,10,4,16,4,14,0
2015,4,2015-04,Mount Pleasant,215,70,55,16,11,8,14,9,32,0
2015,5,2015-05,Mount Pleasant,234,71,60,29,9,8,16,9,32,0
2015,6,2015-06,Mount Pleasant,213,65,44,30,10,5,21,5,33,0
2015,7,2015-07,Mount Pleasant,280,78,48,26,22,10,29,4,63,0
2015,8,2015-08,Mount Pleasant,266,68,53,19,17,13,24,10,62,0
2015,9,2015-09,Mount Pleasant,255,54,71,20,9,20,20,19,42,0
2015,10,2015-10,Mount Pleasant,267,74,51,23,11,12,24,19,53,0
2015,11,2015-11,Mount Pleasant,281,66,80,33,19,18,22,25,18,0
2015,12,2015-12,Mount Pleasant,243,83,56,24,17,20,23,10,10,0
2016,1,2016-01,Mount Pleasant,231,65,68,18,14,18,30,13,5,0
2016,2,2016-02,Mount Pleasant,173,51,54,16,10,10,19,3,10,0
2016,3,2016-03,Mount Pleasant,218,73,66,20,11,3,18,7,20,0
2016,4,2016-04,Mount Pleasant,268,77,69,28,7,9,27,7,44,0
2016,5,2016-05,Mount Pleasant,330,90,67,31,19,12,27,6,78,0
2016,6,2016-06,Mount Pleasant,283,82,86,15,12,3,17,15,53,0
2016,7,2016-07,Mount Pleasant,324,100,85,29,20,6,26,13,45,0
2016,8,2016-08,Mount Pleasant,281,80,64,26,15,2,17,17,60,0
2016,9,2016-09,Mount Pleasant,239,74,58,24,7,13,13,14,36,0
2016,10,2016-10,Mount Pleasant,249,71,73,32,19,6,13,13,22,0
2016,11,2016-11,Mount Pleasant,203,47,58,18,8,13,33,8,18,0
2016,12,2016-12,Mount Pleasant,206,59,71,28,10,9,16,10,3,0
2017,1,2017-01,Mount Pleasant,185,61,49,22,17,8,14,8,6,0
2017,2,2017-02,Mount Pleasant,179,62,41,25,9,5,24,6,7,0
2017,3,2017-03,Mount Pleasant,229,92,51,22,13,8,22,8,13,0
2017,4,2017-04,Mount Pleasant,208,63,55,21,21,5,22,5,16,0
2017,5,2017-05,Mount Pleasant,245,61,61,27,16,11,20,21,28,0
2017,6,2017-06,Mount Pleasant,206,62,58,19,11,8,11,9,28,0
2017,7,2017-07,Mount Pleasant,238,73,62,26,9,9,17,16,26,0
2017,8,2017-08,Mount Pleasant,249,71,58,27,11,18,16,8,40,0
2017,9,2017-09,Mount Pleasant,254,70,73,31,13,10,9,14,34,0
2017,10,2017-10,Mount Pleasant,255,64,73,47,13,9,21,5,23,0
2017,11,2017-11,Mount Pleasant,232,57,78,37,12,9,22,9,8,0
2017,12,2017-12,Mount Pleasant,276,86,104,30,10,13,18,6,9,0
2018,1,2018-01,Mount Pleasant,257,91,69,27,10,13,28,7,12,0
2018,2,2018-02,Mount Pleasant,214,66,70,20,15,10,20,4,9,0
2018,3,2018-03,Mount Pleasant,241,80,70,24,8,13,20,9,17,0
2018,4,2018-04,Mount Pleasant,224,79,65,29,9,16,11,5,10,0
2018,5,2018-05,Mount Pleasant,239,73,66,28,10,19,13,6,24,0
2018,6,2018-06,Mount Pleasant,267,74,79,38,19,12,10,4,31,0
2018,7,2018-07,Mount Pleasant,225,80,40,23,14,9,20,8,31,0
2018,8,2018-08,Mount Pleasant,241,77,61,39,13,10,10,7,24,0
2018,9,2018-09,Mount Pleasant,273,68,88,37,11,4,23,7,35,0
2018,10,2018-10,Mount Pleasant,200,71,53,25,16,7,15,2,11,0
2018,11,2018-11,Mount Pleasant,199,49,72,31,11,3,16,5,12,0
2018,12,2018-12,Mount Pleasant,234,57,89,30,9,8,19,4,18,0
2019,1,2019-01,Mount Pleasant,203,64,69,23,12,5,13,10,7,0
2019,2,2019-02,Mount Pleasant,194,72,45,19,8,11,28,4,7,0
2019,3,2019-03,Mount Pleasant,223,78,76,29,10,4,18,4,4,0
2019,4,2019-04,Mount Pleasant,214,69,74,28,8,5,7,8,15,0
2019,5,2019-05,Mount Pleasant,276,92,74,25,15,14,20,13,23,0
2019,6,2019-06,Mount Pleasant,254,86,76,16,19,9,14,8,26,0
2019,7,2019-07,Mount Pleasant,317,99,78,34,19,16,20,11,40,0
2019,8,2019-08,Mount Pleasant,343,92,101,33,21,15,27,12,42,0
2019,9,2019-09,Mount Pleasant,276,79,74,27,13,12,26,12,33,0
2019,10,2019-10,Mount Pleasant,276,86,78,31,6,11,26,16,22,0
2019,11,2019-11,Mount Pleasant,280,83,79,40,15,12,28,14,9,0
2019,12,2019-12,Mount Pleasant,265,90,65,33,16,9,33,7,12,0
2020,1,2020-01,Mount Pleasant,250,61,66,37,19,16,34,7,10,0
2020,2,2020-02,Mount Pleasant,238,74,56,37,12,13,29,6,11,0
2020,3,2020-03,Mount Pleasant,261,69,79,36,19,9,34,3,12,0
2020,4,2020-04,Mount Pleasant,219,38,66,35,15,2,40,10,13,0
2020,5,2020-05,Mount Pleasant,159,34,34,28,8,9,24,2,20,0
2020,6,2020-06,Mount Pleasant,135,38,28,26,9,3,14,2,15,0
2020,7,2020-07,Mount Pleasant,192,65,35,29,12,12,13,7,19,0
2020,8,2020-08,Mount Pleasant,187,50,28,25,18,16,12,9,29,0
2020,9,2020-09,Mount Pleasant,219,52,51,32,20,4,25,10,25,0
2020,10,2020-10,Mount Pleasant,199,49,33,29,17,11,25,7,28,0
2020,11,2020-11,Mount Pleasant,159,55,28,23,12,5,16,3,17,0
2020,12,2020-12,Mount Pleasant,190,62,45,26,10,9,23,6,9,0
2021,1,2021-01,Mount Pleasant,181,53,33,24,17,8,23,7,16,0
2021,2,2021-02,Mount Pleasant,140,48,25,21,8,3,23,7,5,0
2021,3,2021-03,Mount Pleasant,188,65,38,31,11,6,21,6,10,0
2021,4,2021-04,Mount Pleasant,157,45,22,34,14,4,19,2,17,0
2021,5,2021-05,Mount Pleasant,186,47,35,40,12,14,17,8,13,0
2021,6,2021-06,Mount Pleasant,180,53,34,34,14,5,18,2,20,0
2021,7,2021-07,Mount Pleasant,200,65,33,26,14,9,13,3,37,0
2021,8,2021-08,Mount Pleasant,208,75,48,22,17,9,13,0,24,0
2021,9,2021-09,Mount Pleasant,220,58,55,33,23,4,25,9,13,0
2021,10,2021-10,Mount Pleasant,185,58,35,27,29,3,18,4,11,0
2021,11,2021-11,Mount Pleasant,170,79,20,22,16,2,13,4,14,0
2021,12,2021-12,Mount Pleasant,169,76,26,24,14,4,16,5,4,0
2022,1,2022-01,Mount Pleasant,194,82,36,27,14,7,18,8,2,0
2022,2,2022-02,Mount Pleasant,161,63,25,28,16,4,19,1,5,0
2022,3,2022-03,Mount Pleasant,208,69,54,26,17,7,17,8,10,0
2022,4,2022-04,Mount Pleasant,210,69,41,37,17,9,18,7,12,0
2022,5,2022-05,Mount Pleasant,177,64,34,25,13,3,12,8,18,0
2022,6,2022-06,Mount Pleasant,183,65,31,24,22,6,16,5,14,0
2022,7,2022-07,Mount Pleasant,193,68,32,27,11,11,16,9,19,0
2022,8,2022-08,Mount Pleasant,190,63,33,32,17,4,19,5,17,0
2022,9,2022-09,Mount Pleasant,212,79,35,39,14,5,19,3,18,0
2022,10,2022-10,Mount Pleasant,176,53,32,31,16,7,18,5,14,0
2022,11,2022-11,Mount Pleasant,143,44,43,23,10,3,11,1,8,0
2022,12,2022-12,Mount Pleasant,146,57,23,10,17,13,11,5,10,0
2023,1,2023-01,Mount Pleasant,194,81,27,34,13,7,15,8,9,0
2023,2,2023-02,Mount Pleasant,161,82,19,22,18,1,10,3,6,0
2023,3,2023-03,Mount Pleasant,136,59,17,20,9,6,16,4,5,0
2023,4,2023-04,Mount Pleasant,173,58,33,42,8,4,12,1,15,0
2023,5,2023-05,Mount Pleasant,175,85,18,27,11,5,14,3,12,0
2023,6,2023-06,Mount Pleasant,206,104,34,29,12,5,12,2,8,0
2023,7,2023-07,Mount Pleasant,206,95,24,32,24,2,9,6,14,0
2023,8,2023-08,Mount Pleasant,203,89,42,27,12,6,11,3,13,0
2023,9,2023-09,Mount Pleasant,211,76,39,40,15,6,18,1,16,0
2023,10,2023-10,Mount Pleasant,199,73,50,28,18,9,12,2,7,0
2023,11,2023-11,Mount Pleasant,142,46,27,31,16,3,5,7,7,0
2023,12,2023-12,Mount Pleasant,161,76,15,30,22,4,9,2,3,0
2024,1,2024-01,Mount Pleasant,163,67,23,28,17,7,7,6,8,0
2024,2,2024-02,Mount Pleasant,138,66,26,27,10,0,5,1,3,0
2024,3,2024-03,Mount Pleasant,159,82,23,25,9,1,8,3,8,0
2024,4,2024-04,Mount Pleasant,152,67,26,17,15,6,13,1,7,0
2024,5,2024-05,Mount Pleasant,141,63,23,15,19,1,7,3,10,0
2024,6,2024-06,Mount Pleasant,192,81,27,44,16,3,7,2,12,0
2024,7,2024-07,Mount Pleasant,169,83,24,24,10,8,9,3,8,0
2024,8,2024-08,Mount Pleasant,149,64,19,29,21,1,7,3,5,0
2024,9,2024-09,Mount Pleasant,155,63,21,29,13,4,11,4,10,0
2024,10,2024-10,Mount Pleasant,170,77,28,20,16,3,12,2,12,0
2024,11,2024-11,Mount Pleasant,144,57,12,39,15,1,8,3,9,0
2024,12,2024-12,Mount Pleasant,177,83,27,31,12,4,13,2,5,0
2025,1,2025-01,Mount Pleasant,159,91,15,24,11,2,13,2,1,0
2025,2,2025-02,Mount Pleasant,138,75,12,24,13,1,8,2,3,0
2025,3,2025-03,Mount Pleasant,136,72,13,19,10,6,13,0,3,0
2025,4,2025-04,Mount Pleasant,158,61,17,35,16,4,15,4,6,0
2025,5,2025-05,Mount Pleasant,166,76,28,26,11,6,12,1,6,0
2025,6,2025-06,Mount Pleasant,193,94,24,28,15,4,15,4,9,0
2025,7,2025-07,Mount Pleasant,150,69,25,21,10,9,5,3,8,0
2025,8,2025-08,Mount Pleasant,167,83,16,22,20,0,15,0,11,0
2025,9,2025-09,Mount Pleasant,185,102,25,18,13,3,7,5,12,0
2025,10,2025-10,Mount Pleasant,177,92,24,40,7,2,8,1,3,0
2025,11,2025-11,Mount Pleasant,197,108,21,40,9,4,8,2,5,0
2025,12,2025-12,Mount Pleasant,192,116,14,26,13,4,11,4,4,0
2026,1,2026-01,Mount Pleasant,216,140,21,31,10,3,7,2,2,0
2026,2,2026-02,Mount Pleasant,193,107,20,24,18,2,15,3,4,0
2026,3,2026-03,Mount Pleasant,148,83,16,21,13,2,7,2,4,0
2026,4,2026-04,Mount Pleasant,155,87,19,25,11,1,6,3,3,0
2026,5,2026-05,Mount Pleasant,184,118,21,20,11,1,3,3,7,0
2026,6,2026-06,Mount Pleasant,165,86,24,25,14,3,7,3,3,0
2026,7,2026-07,Mount Pleasant,189,93,25,34,8,4,10,2,13,0
2026,8,2026-08,Mount Pleasant,175,109,23,18,3,5,3,2,12,0
2026,9,2026-09,Mount Pleasant,143,64,24,25,8,2,7,2,11,1
2003,1,2003-01,Musqueam,14,1,2,2,3,5,1,0,0,0
2003,2,2003-02,Musqueam,4,1,0,1,0,0,1,1,0,0
2003,3,2003-03,Musqueam,8,0,3,0,1,1,3,0,0,0
2003,4,2003-04,Musqueam,3,0,1,0,2,0,0,0,0,0
2003,5,2003-05,Musqueam,11,1,4,1,1,3,0,0,1,0
2003,6,2003-06,Musqueam,7,0,2,2,2,1,0,0,0,0
2003,7,2003-07,Musqueam,5,0,1,1,0,2,0,0,1,0
2003,8,2003-08,Musqueam,5,2,1,1,1,0,0,0,0,0
2003,9,2003-09,Musqueam,3,1,0,1,1,0,0,0,0,0
2003,10,2003-10,Musqueam,6,0,0,2,2,2,0,0,0,0
2003,11,2003-11,Musqueam,1,0,0,0,0,1,0,0,0,0
2003,12,2003-12,Musqueam,4,1,0,0,2,1,0,0,0,0
2004,1,2004-01,Musqueam,8,1,2,1,3,1,0,0,0,0
2004,2,2004-02,Musqueam,2,0,0,1,1,0,0,0,0,0
2004,3,2004-03,Musqueam,4,1,0,1,1,0,0,0,1,0
2004,4,2004-04,Musqueam,7,0,2,2,1,0,0,2,0,0
2004,5,2004-05,Musqueam,6,1,3,0,1,1,0,0,0,0
2004,6,2004-06,Musqueam,15,2,9,4,0,0,0,0,0,0
2004,7,2004-07,Musqueam,3,1,0,0,2,0,0,0,0,0
2004,8,2004-08,Musqueam,3,1,1,0,1,0,0,0,0,0
2004,9,2004-09,Musqueam,7,0,3,3,1,0,0,0,0,0
2004,10,2004-10,Musqueam,19,0,14,4,1,0,0,0,0,0
2004,11,2004-11,Musqueam,12,0,10,0,0,0,0,2,0,0
2004,12,2004-12,Musqueam,9,0,4,0,2,2,0,1,0,0
2005,1,2005-01,Musqueam,7,0,2,0,2,2,0,1,0,0
2005,2,2005-02,Musqueam,6,0,4,1,1,0,0,0,0,0
2005,3,2005-03,Musqueam,13,0,8,1,0,3,0,1,0,0
2005,4,2005-04,Musqueam,16,0,11,2,1,1,0,1,0,0
2005,5,2005-05,Musqueam,2,0,1,0,0,1,0,0,0,0
2005,6,2005-06,Musqueam,7,1,3,0,0,2,1,0,0,0
2005,7,2005-07,Musqueam,2,0,0,0,1,0,0,1,0,0
2005,8,2005-08,Musqueam,3,1,1,0,0,0,1,0,0,0
2005,9,2005-09,Musqueam,3,2,0,0,0,0,0,1,0,0
2005,10,2005-10,Musqueam,1,0,0,0,1,0,0,0,0,0
2005,11,2005-11,Musqueam,5,0,3,0,1,0,0,1,0,0
2005,12,2005-12,Musqueam,3,1,0,1,0,0,1,0,0,0
2006,1,2006-01,Musqueam,9,1,4,2,2,0,0,0,0,0
2006,2,2006-02,Musqueam,3,0,1,1,0,0,0,1,0,0
2006,3,2006-03,Musqueam,8,0,4,0,0,3,1,0,0,0
2006,4,2006-04,Musqueam,6,1,2,0,1,2,0,0,0,0
2006,5,2006-05,Musqueam,2,1,0,0,1,0,0,0,0,0
2006,6,2006-06,Musqueam,12,1,4,1,3,2,0,1,0,0
2006,7,2006-07,Musqueam,3,0,1,0,1,1,0,0,0,0
2006,8,2006-08,Musqueam,1,0,0,0,0,1,0,0,0,0
2006,9,2006-09,Musqueam,7,0,2,0,1,2,1,1,0,0
2006,10,2006-10,Musqueam,7,0,0,0,4,2,1,0,0,0
2006,11,2006-11,Musqueam,8,1,4,1,2,0,0,0,0,0
2006,12,2006-12,Musqueam,6,0,0,2,2,2,0,0,0,0
2007,1,2007-01,Musqueam,8,0,1,0,3,2,0,2,0,0
2007,2,2007-02,Musqueam,5,0,2,1,1,1,0,0,0,0
2007,3,2007-03,Musqueam,4,1,0,0,2,0,0,1,0,0
2007,4,2007-04,Musqueam,7,0,2,2,1,1,0,1,0,0
2007,5,2007-05,Musqueam,4,0,0,2,0,1,1,0,0,0
2007,6,2007-06,Musqueam,3,0,1,0,0,1,1,0,0,0
2007,7,2007-07,Musqueam,4,0,0,0,4,0,0,0,0,0
2007,8,2007-08,Musqueam,0,0,0,0,0,0,0,0,0,0
2007,9,2007-09,Musqueam,0,0,0,0,0,0,0,0,0,0
2007,10,2007-10,Musqueam,2,0,1,0,1,0,0,0,0,0
2007,11,2007-11,Musqueam,3,0,2,1,0,0,0,0,0,0
2007,12,2007-12,Musqueam,0,0,0,0,0,0,0,0,0,0
2008,1,2008-01,Musqueam,1,0,0,1,0,0,0,0,0,0
2008,2,2008-02,Musqueam,3,0,0,1,2,0,0,0,0,0
2008,3,2008-03,Musqueam,0,0,0,0,0,0,0,0,0,0
2008,4,2008-04,Musqueam,2,0,1,0,1,0,0,0,0,0
2008,5,2008-05,Musqueam,1,0,0,0,0,1,0,0,0,0
2008,6,2008-06,Musqueam,1,0,1,0,0,0,0,0,0,0
2008,7,2008-07,Musqueam,2,0,1,0,1,0,0,0,0,0
2008,8,2008-08,Musqueam,3,0,0,1,2,0,0,0,0,0
2008,9,2008-09,Musqueam,2,0,1,1,0,0,0,0,0,0
2008,10,2008-10,Musqueam,1,0,0,0,0,0,0,1,0,0
2008,11,2008-11,Musqueam,6,0,4,0,0,1,0,1,0,0
2008,12,2008-12,Musqueam,9,0,2,4,2,0,0,1,0,0
2009,1,2009-01,Musqueam,3,0,0,0,2,0,0,1,0,0
2009,2,2009-02,Musqueam,1,0,0,0,0,1,0,0,0,0
2009,3,2009-03,Musqueam,1,0,0,0,1,0,0,0,0,0
2009,4,2009-04,Musqueam,3,0,1,1,1,0,0,0,0,0
2009,5,2009-05,Musqueam,3,0,0,0,3,0,0,0,0,0
2009,6,2009-06,Musqueam,9,0,2,2,4,1,0,0,0,0
2009,7,2009-07,Musqueam,3,0,0,2,1,0,0,0,0,0
2009,8,2009-08,Musqueam,7,0,1,0,5,1,0,0,0,0
2009,9,2009-09,Musqueam,2,0,0,0,2,0,0,0,0,0
2009,10,2009-10,Musqueam,3,1,0,1,1,0,0,0,0,0
2009,11,2009-11,Musqueam,1,0,0,0,0,1,0,0,0,0
2009,12,2009-12,Musqueam,2,1,1,0,0,0,0,0,0,0
2010,1,2010-01,Musqueam,1,0,0,0,1,0,0,0,0,0
2010,2,2010-02,Musqueam,6,1,0,1,3,1,0,0,0,0
2010,3,2010-03,Musqueam,1,0,0,0,1,0,0,0,0,0
2010,4,2010-04,Musqueam,3,0,0,1,2,0,0,0,0,0
2010,5,2010-05,Musqueam,5,0,0,0,5,0,0,0,0,0
2010,6,2010-06,Musqueam,1,0,1,0,0,0,0,0,0,0
2010,7,2010-07,Musqueam,2,0,0,1,1,0,0,0,0,0
2010,8,2010-08,Musqueam,6,0,4,1,0,0,0,1,0,0
2010,9,2010-09,Musqueam,6,1,2,1,1,1,0,0,0,0
2010,10,2010-10,Musqueam,6,0,2,0,3,1,0,0,0,0
2010,11,2010-11,Musqueam,4,0,0,1,3,0,0,0,0,0
2010,12,2010-12,Musqueam,5,0,1,2,2,0,0,0,0,0
2011,1,2011-01,Musqueam,2,1,0,0,0,0,0,1,0,0
2011,2,2011-02,Musqueam,3,0,1,0,1,1,0,0,0,0
2011,3,2011-03,Musqueam,2,0,0,0,1,1,0,0,0,0
2011,4,2011-04,Musqueam,1,0,0,0,1,0,0,0,0,0
2011,5,2011-05,Musqueam,6,0,0,1,5,0,0,0,0,0
2011,6,2011-06,Musqueam,7,0,4,2,1,0,0,0,0,0
2011,7,2011-07,Musqueam,4,0,1,2,1,0,0,0,0,0
2011,8,2011-08,Musqueam,4,2,0,1,1,0,0,0,0,0
2011,9,2011-09,Musqueam,1,0,0,1,0,0,0,0,0,0
2011,10,2011-10,Musqueam,3,0,1,0,1,1,0,0,0,0
2011,11,2011-11,Musqueam,1,0,0,0,1,0,0,0,0,0
2011,12,2011-12,Musqueam,6,0,0,2,4,0,0,0,0,0
2012,1,2012-01,Musqueam,1,0,0,1,0,0,0,0,0,0
2012,2,2012-02,Musqueam,8,0,4,0,4,0,0,0,0,0
2012,3,2012-03,Musqueam,7,0,4,0,1,0,0,2,0,0
2012,4,2012-04,Musqueam,5,0,4,1,0,0,0,0,0,0
2012,5,2012-05,Musqueam,6,0,2,0,2,2,0,0,0,0
2012,6,2012-06,Musqueam,3,0,1,2,0,0,0,0,0,0
2012,7,2012-07,Musqueam,5,0,3,1,1,0,0,0,0,0
2012,8,2012-08,Musqueam,8,1,1,1,2,0,3,0,0,0
2012,9,2012-09,Musqueam,4,0,1,0,0,0,1,2,0,0
2012,10,2012-10,Musqueam,3,0,1,0,0,2,0,0,0,0
2012,11,2012-11,Musqueam,3,1,0,0,1,0,0,1,0,0
2012,12,2012-12,Musqueam,3,0,0,1,2,0,0,0,0,0
2013,1,2013-01,Musqueam,5,0,0,1,4,0,0,0,0,0
2013,2,2013-02,Musqueam,4,0,1,0,2,1,0,0,0,0
2013,3,2013-03,Musqueam,4,0,3,1,0,0,0,0,0,0
2013,4,2013-04,Musqueam,3,0,2,0,0,0,0,1,0,0
2013,5,2013-05,Musqueam,2,0,1,1,0,0,0,0,0,0
2013,6,2013-06,Musqueam,3,0,1,1,0,1,0,0,0,0
2013,7,2013-07,Musqueam,6,3,0,1,1,1,0,0,0,0
2013,8,2013-08,Musqueam,2,0,0,0,1,1,0,0,0,0
2013,9,2013-09,Musqueam,3,0,2,0,1,0,0,0,0,0
2013,10,2013-10,Musqueam,4,0,3,0,1,0,0,0,0,0
2013,11,2013-11,Musqueam,4,0,0,1,2,0,0,0,1,0
2013,12,2013-12,Musqueam,1,0,0,0,0,1,0,0,0,0
2014,1,2014-01,Musqueam,5,1,0,0,4,0,0,0,0,0
2014,2,2014-02,Musqueam,7,0,1,0,6,0,0,0,0,0
2014,3,2014-03,Musqueam,3,0,0,1,1,1,0,0,0,0
2014,4,2014-04,Musqueam,3,0,0,1,2,0,0,0,0,0
2014,5,2014-05,Musqueam,2,1,0,0,1,0,0,0,0,0
2014,6,2014-06,Musqueam,5,1,0,2,1,0,0,1,0,0
2014,7,2014-07,Musqueam,3,0,0,0,2,0,0,0,1,0
2014,8,2014-08,Musqueam,3,0,0,0,2,0,0,1,0,0
2014,9,2014-09,Musqueam,4,1,0,0,2,0,0,1,0,0
2014,10,2014-10,Musqueam,4,1,0,0,0,3,0,0,0,0
2014,11,2014-11,Musqueam,2,0,0,0,0,2,0,0,0,0
2014,12,2014-12,Musqueam,3,1,1,0,0,1,0,0,0,0
2015,1,2015-01,Musqueam,2,1,0,0,1,0,0,0,0,0
2015,2,2015-02,Musqueam,3,0,1,0,2,0,0,0,0,0
2015,3,2015-03,Musqueam,3,0,2,0,1,0,0,0,0,0
2015,4,2015-04,Musqueam,2,0,0,0,1,1,0,0,0,0
2015,5,2015-05,Musqueam,4,0,0,1,3,0,0,0,0,0
2015,6,2015-06,Musqueam,4,2,1,0,1,0,0,0,0,0
2015,7,2015-07,Musqueam,8,0,5,0,1,1,0,1,0,0
2015,8,2015-08,Musqueam,9,1,4,0,1,2,0,0,1,0
2015,9,2015-09,Musqueam,2,2,0,0,0,0,0,0,0,0
2015,10,2015-10,Musqueam,5,1,0,1,2,1,0,0,0,0
2015,11,2015-11,Musqueam,5,2,0,0,3,0,0,0,0,0
2015,12,2015-12,Musqueam,4,0,1,1,1,1,0,0,0,0
2016,1,2016-01,Musqueam,9,1,1,0,6,1,0,0,0,0
2016,2,2016-02,Musqueam,3,0,1,0,0,0,0,2,0,0
2016,3,2016-03,Musqueam,1,0,0,0,1,0,0,0,0,0
2016,4,2016-04,Musqueam,1,0,0,1,0,0,0,0,0,0
2016,5,2016-05,Musqueam,4,0,1,1,2,0,0,0,0,0
2016,6,2016-06,Musqueam,3,0,2,1,0,0,0,0,0,0
2016,7,2016-07,Musqueam,3,0,1,1,0,0,0,1,0,0
2016,8,2016-08,Musqueam,3,0,1,0,2,0,0,0,0,0
2016,9,2016-09,Musqueam,3,0,0,1,1,0,0,0,1,0
2016,10,2016-10,Musqueam,2,1,0,0,0,0,0,1,0,0
2016,11,2016-11,Musqueam,1,0,0,1,0,0,0,0,0,0
2016,12,2016-12,Musqueam,0,0,0,0,0,0,0,0,0,0
2017,1,2017-01,Musqueam,4,0,0,0,4,0,0,0,0,0
2017,2,2017-02,Musqueam,2,0,0,0,2,0,0,0,0,0
2017,3,2017-03,Musqueam,2,0,0,1,0,0,0,1,0,0
2017,4,2017-04,Musqueam,1,0,0,0,1,0,0,0,0,0
2017,5,2017-05,Musqueam,3,0,1,0,2,0,0,0,0,0
2017,6,2017-06,Musqueam,0,0,0,0,0,0,0,0,0,0
2017,7,2017-07,Musqueam,3,0,1,0,1,1,0,0,0,0
2017,8,2017-08,Musqueam,1,0,0,0,1,0,0,0,0,0
2017,9,2017-09,Musqueam,4,0,0,2,0,0,1,1,0,0
2017,10,2017-10,Musqueam,1,0,0,0,1,0,0,0,0,0
2017,11,2017-11,Musqueam,3,0,2,0,1,0,0,0,0,0
2017,12,2017-12,Musqueam,4,0,2,0,2,0,0,0,0,0
2018,1,2018-01,Musqueam,6,0,2,1,2,0,0,0,1,0
2018,2,2018-02,Musqueam,0,0,0,0,0,0,0,0,0,0
2018,3,2018-03,Musqueam,2,0,0,0,2,0,0,0,0,0
2018,4,2018-04,Musqueam,3,1,0,0,1,1,0,0,0,0
2018,5,2018-05,Musqueam,2,0,0,0,2,0,0,0,0,0
2018,6,2018-06,Musqueam,6,0,1,0,2,2,0,1,0,0
2018,7,2018-07,Musqueam,2,1,0,0,0,0,0,0,1,0
2018,8,2018-08,Musqueam,3,1,0,0,0,1,0,1,0,0
2018,9,2018-09,Musqueam,2,1,1,0,0,0,0,0,0,0
2018,10,2018-10,Musqueam,2,1,0,0,1,0,0,0,0,0
2018,11,2018-11,Musqueam,2,2,0,0,0,0,0,0,0,0
2018,12,2018-12,Musqueam,1,0,0,1,0,0,0,0,0,0
2019,1,2019-01,Musqueam,2,0,2,0,0,0,0,0,0,0
2019,2,2019-02,Musqueam,5,3,0,0,2,0,0,0,0,0
2019,3,2019-03,Musqueam,3,0,0,0,3,0,0,0,0,0
2019,4,2019-04,Musqueam,3,0,1,0,1,1,0,0,0,0
2019,5,2019-05,Musqueam,1,1,0,0,0,0,0,0,0,0
2019,6,2019-06,Musqueam,6,1,1,1,2,0,0,1,0,0
2019,7,2019-07,Musqueam,4,0,0,0,4,0,0,0,0,0
2019,8,2019-08,Musqueam,0,0,0,0,0,0,0,0,0,0
2019,9,2019-09,Musqueam,1,0,0,1,0,0,0,0,0,0
2019,10,2019-10,Musqueam,3,1,0,0,2,0,0,0,0,0
2019,11,2019-11,Musqueam,3,1,0,0,1,0,0,1,0,0
2019,12,2019-12,Musqueam,2,0,1,1,0,0,0,0,0,0
2020,1,2020-01,Musqueam,5,0,0,3,1,1,0,0,0,0
2020,2,2020-02,Musqueam,4,0,1,1,2,0,0,0,0,0
2020,3,2020-03,Musqueam,1,0,0,0,1,0,0,0,0,0
2020,4,2020-04,Musqueam,4,1,0,0,3,0,0,0,0,0
2020,5,2020-05,Musqueam,5,1,1,0,1,1,1,0,0,0
2020,6,2020-06,Musqueam,7,1,0,3,2,1,0,0,0,0
2020,7,2020-07,Musqueam,0,0,0,0,0,0,0,0,0,0
2020,8,2020-08,Musqueam,1,0,0,1,0,0,0,0,0,0
2020,9,2020-09,Musqueam,3,0,0,2,0,1,0,0,0,0
2020,10,2020-10,Musqueam,2,0,2,0,0,0,0,0,0,0
2020,11,2020-11,Musqueam,6,1,0,1,2,2,0,0,0,0
2020,12,2020-12,Musqueam,3,0,0,1,2,0,0,0,0,0
2021,1,2021-01,Musqueam,0,0,0,0,0,0,0,0,0,0
2021,2,2021-02,Musqueam,3,0,1,0,1,0,1,0,0,0
2021,3,2021-03,Musqueam,1,0,0,0,1,0,0,0,0,0
2021,4,2021-04,Musqueam,2,0,1,0,1,0,0,0,0,0
2021,5,2021-05,Musqueam,5,1,0,0,4,0,0,0,0,0
2021,6,2021-06,Musqueam,1,0,1,0,0,0,0,0,0,0
2021,7,2021-07,Musqueam,1,0,0,0,1,0,0,0,0,0
2021,8,2021-08,Musqueam,3,0,0,2,0,1,0,0,0,0
2021,9,2021-09,Musqueam,2,0,2,0,0,0,0,0,0,0
2021,10,2021-10,Musqueam,2,0,0,1,1,0,0,0,0,0
2021,11,2021-11,Musqueam,1,0,0,0,1,0,0,0,0,0
2021,12,2021-12,Musqueam,2,0,0,1,1,0,0,0,0,0
2022,1,2022-01,Musqueam,1,0,0,0,1,0,0,0,0,0
2022,2,2022-02,Musqueam,2,0,0,0,2,0,0,0,0,0
2022,3,2022-03,Musqueam,1,1,0,0,0,0,0,0,0,0
2022,4,2022-04,Musqueam,2,0,0,1,0,0,0,1,0,0
2022,5,2022-05,Musqueam,3,1,0,0,2,0,0,0,0,0
2022,6,2022-06,Musqueam,0,0,0,0,0,0,0,0,0,0
2022,7,2022-07,Musqueam,3,0,1,0,2,0,0,0,0,0
2022,8,2022-08,Musqueam,4,2,0,0,2,0,0,0,0,0
2022,9,2022-09,Musqueam,1,0,0,1,0,0,0,0,0,0
2022,10,2022-10,Musqueam,4,0,3,0,0,0,0,1,0,0
2022,11,2022-11,Musqueam,1,0,1,0,0,0,0,0,0,0
2022,12,2022-12,Musqueam,1,0,0,0,1,0,0,0,0,0
2023,1,2023-01,Musqueam,4,0,0,0,3,1,0,0,0,0
2023,2,2023-02,Musqueam,0,0,0,0,0,0,0,0,0,0
2023,3,2023-03,Musqueam,0,0,0,0,0,0,0,0,0,0
2023,4,2023-04,Musqueam,0,0,0,0,0,0,0,0,0,0
2023,5,2023-05,Musqueam,2,0,0,1,1,0,0,0,0,0
2023,6,2023-06,Musqueam,11,2,2,3,3,1,0,0,0,0
2023,7,2023-07,Musqueam,3,0,0,1,2,0,0,0,0,0
2023,8,2023-08,Musqueam,7,0,0,2,3,1,0,1,0,0
2023,9,2023-09,Musqueam,4,1,1,0,1,1,0,0,0,0
2023,10,2023-10,Musqueam,0,0,0,0,0,0,0,0,0,0
2023,11,2023-11,Musqueam,2,1,1,0,0,0,0,0,0,0
2023,12,2023-12,Musqueam,2,0,0,0,2,0,0,0,0,0
2024,1,2024-01,Musqueam,2,0,0,0,2,0,0,0,0,0
2024,2,2024-02,Musqueam,1,0,0,0,1,0,0,0,0,0
2024,3,2024-03,Musqueam,3,2,0,0,1,0,0,0,0,0
2024,4,2024-04,Musqueam,2,0,0,0,2,0,0,0,0,0
2024,5,2024-05,Musqueam,3,1,0,0,2,0,0,0,0,0
2024,6,2024-06,Musqueam,4,0,1,0,3,0,0,0,0,0
2024,7,2024-07,Musqueam,1,0,0,1,0,0,0,0,0,0
2024,8,2024-08,Musqueam,2,0,0,0,2,0,0,0,0,0
2024,9,2024-09,Musqueam,1,0,0,1,0,0,0,0,0,0
2024,10,2024-10,Musqueam,3,0,0,0,2,0,0,1,0,0
2024,11,2024-11,Musqueam,1,0,1,0,0,0,0,0,0,0
2024,12,2024-12,Musqueam,2,0,1,0,0,1,0,0,0,0
2025,1,2025-01,Musqueam,3,0,0,2,1,0,0,0,0,0
2025,2,2025-02,Musqueam,5,0,0,0,5,0,0,0,0,0
2025,3,2025-03,Musqueam,0,0,0,0,0,0,0,0,0,0
2025,4,2025-04,Musqueam,1,1,0,0,0,0,0,0,0,0
2025,5,2025-05,Musqueam,2,0,0,1,1,0,0,0,0,0
2025,6,2025-06,Musqueam,3,0,0,0,3,0,0,0,0,0
2025,7,2025-07,Musqueam,3,0,0,0,3,0,0,0,0,0
2025,8,2025-08,Musqueam,2,0,0,2,0,0,0,0,0,0
2025,9,2025-09,Musqueam,5,0,0,0,5,0,0,0,0,0
2025,10,2025-10,Musqueam,3,0,0,1,2,0,0,0,0,0
2025,11,2025-11,Musqueam,1,0,0,0,1,0,0,0,0,0
2025,12,2025-12,Musqueam,1,0,0,0,1,0,0,0,0,0
2026,1,2026-01,Musqueam,0,0,0,0,0,0,0,0,0,0
2026,2,2026-02,Musqueam,1,1,0,0,0,0,0,0,0,0
2026,3,2026-03,Musqueam,3,0,0,1,2,0,0,0,0,0
2026,4,2026-04,Musqueam,3,1,0,0,2,0,0,0,0,0
2026,5,2026-05,Musqueam,3,0,0,0,3,0,0,0,0,0
2026,6,2026-06,Musqueam,7,1,0,0,5,0,1,0,0,0
2026,7,2026-07,Musqueam,1,0,0,1,0,0,0,0,0,0
2026,8,2026-08,Musqueam,0,0,0,0,0,0,0,0,0,0
2026,9,2026-09,Musqueam,1,1,0,0,0,0,0,0,0,1
2003,1,2003-01,Oakridge,68,16,15,7,2,13,2,12,1,0
2003,2,2003-02,Oakridge,64,21,16,7,3,8,2,7,0,0
2003,3,2003-03,Oakridge,72,16,11,8,5,16,5,11,0,0
2003,4,2003-04,Oakridge,70,19,11,9,3,18,2,8,0,0
2003,5,2003-05,Oakridge,95,32,26,5,5,7,4,16,0,0
2003,6,2003-06,Oakridge,88,12,24,9,4,18,7,12,2,0
2003,7,2003-07,Oakridge,52,10,13,9,4,8,3,5,0,0
2003,8,2003-08,Oakridge,48,17,7,4,6,6,4,4,0,0
2003,9,2003-09,Oakridge,52,12,12,4,2,12,1,8,1,0
2003,10,2003-10,Oakridge,54,16,4,5,5,14,2,7,1,0
2003,11,2003-11,Oakridge,52,11,8,3,3,14,3,9,1,0
2003,12,2003-12,Oakridge,88,24,19,5,2,19,2,15,2,0
2004,1,2004-01,Oakridge,72,21,9,10,2,21,1,7,1,0
2004,2,2004-02,Oakridge,65,16,21,2,5,13,2,6,0,0
2004,3,2004-03,Oakridge,93,20,18,6,6,29,1,12,1,0
2004,4,2004-04,Oakridge,55,15,11,5,3,11,4,6,0,0
2004,5,2004-05,Oakridge,52,15,15,6,4,6,1,4,1,0
2004,6,2004-06,Oakridge,59,8,19,6,2,18,4,2,0,0
2004,7,2004-07,Oakridge,67,12,17,8,4,16,1,9,0,0
2004,8,2004-08,Oakridge,63,11,17,6,1,12,4,12,0,0
2004,9,2004-09,Oakridge,85,16,25,7,2,18,4,11,2,0
2004,10,2004-10,Oakridge,76,12,17,8,1,20,4,13,1,0
2004,11,2004-11,Oakridge,83,17,31,13,3,9,4,6,0,0
2004,12,2004-12,Oakridge,74,14,27,10,3,12,1,7,0,0
2005,1,2005-01,Oakridge,86,12,36,4,1,18,3,12,0,0
2005,2,2005-02,Oakridge,64,13,17,6,2,15,3,8,0,0
2005,3,2005-03,Oakridge,84,10,36,6,4,17,2,9,0,0
2005,4,2005-04,Oakridge,56,15,15,4,3,11,1,7,0,0
2005,5,2005-05,Oakridge,83,13,27,11,2,19,0,11,0,0
2005,6,2005-06,Oakridge,61,14,24,7,0,6,2,7,1,0
2005,7,2005-07,Oakridge,46,10,15,4,4,7,3,2,1,0
2005,8,2005-08,Oakridge,66,15,21,8,2,11,2,7,0,0
2005,9,2005-09,Oakridge,54,15,15,2,3,11,2,6,0,0
2005,10,2005-10,Oakridge,67,15,22,5,7,10,3,5,0,0
2005,11,2005-11,Oakridge,73,12,25,7,5,11,4,8,1,0
2005,12,2005-12,Oakridge,66,18,14,5,5,13,4,7,0,0
2006,1,2006-01,Oakridge,85,13,35,8,1,21,3,4,0,0
2006,2,2006-02,Oakridge,76,11,28,8,3,12,1,13,0,0
2006,3,2006-03,Oakridge,83,6,36,19,1,13,2,6,0,0
2006,4,2006-04,Oakridge,39,9,10,6,0,12,2,0,0,0
2006,5,2006-05,Oakridge,43,12,10,4,1,7,2,7,0,0
2006,6,2006-06,Oakridge,75,21,18,4,3,22,0,7,0,0
2006,7,2006-07,Oakridge,45,12,8,4,3,16,0,2,0,0
2006,8,2006-08,Oakridge,42,10,13,4,1,7,2,3,2,0
2006,9,2006-09,Oakridge,52,9,11,6,2,18,3,2,1,0
2006,10,2006-10,Oakridge,49,10,10,3,3,17,1,4,1,0
2006,11,2006-11,Oakridge,48,10,9,5,3,15,1,5,0,0
2006,12,2006-12,Oakridge,64,14,7,5,1,31,2,4,0,0
2007,1,2007-01,Oakridge,43,7,11,5,4,13,2,1,0,0
2007,2,2007-02,Oakridge,65,17,20,7,2,12,3,4,0,0
2007,3,2007-03,Oakridge,35,7,10,3,2,10,1,1,1,0
2007,4,2007-04,Oakridge,38,7,10,1,2,12,2,4,0,0
2007,5,2007-05,Oakridge,47,13,7,4,6,16,0,1,0,0
2007,6,2007-06,Oakridge,55,10,12,8,3,11,3,8,0,0
2007,7,2007-07,Oakridge,49,8,11,5,3,10,2,7,3,0
2007,8,2007-08,Oakridge,41,8,10,6,3,8,1,5,0,0
2007,9,2007-09,Oakridge,44,13,8,4,5,6,1,5,2,0
2007,10,2007-10,Oakridge,61,17,6,8,4,14,2,9,1,0
2007,11,2007-11,Oakridge,45,6,4,6,6,15,2,6,0,0
2007,12,2007-12,Oakridge,24,7,4,3,2,6,0,2,0,0
2008,1,2008-01,Oakridge,30,12,2,3,3,5,1,4,0,0
2008,2,2008-02,Oakridge,37,13,9,2,4,7,1,1,0,0
2008,3,2008-03,Oakridge,49,12,8,8,4,11,0,4,2,0
2008,4,2008-04,Oakridge,51,17,10,7,5,8,3,1,0,0
2008,5,2008-05,Oakridge,49,13,10,7,2,11,3,2,1,0
2008,6,2008-06,Oakridge,59,18,16,8,6,5,3,3,0,0
2008,7,2008-07,Oakridge,31,10,7,1,1,8,0,3,1,0
2008,8,2008-08,Oakridge,47,8,10,4,9,12,2,2,0,0
2008,9,2008-09,Oakridge,48,12,11,0,4,16,1,3,1,0
2008,10,2008-10,Oakridge,65,15,6,13,2,22,2,5,0,0
2008,11,2008-11,Oakridge,57,18,8,8,3,11,0,8,1,0
2008,12,2008-12,Oakridge,46,12,15,2,1,14,0,2,0,0
2009,1,2009-01,Oakridge,52,15,12,5,1,14,2,3,0,0
2009,2,2009-02,Oakridge,57,23,9,4,1,11,1,8,0,0
2009,3,2009-03,Oakridge,38,13,5,7,3,5,1,4,0,0
2009,4,2009-04,Oakridge,31,9,5,2,2,8,2,1,2,0
2009,5,2009-05,Oakridge,48,8,16,3,3,14,2,2,0,0
2009,6,2009-06,Oakridge,55,13,14,10,2,10,3,2,1,0
2009,7,2009-07,Oakridge,40,7,10,5,2,8,3,5,0,0
2009,8,2009-08,Oakridge,41,10,7,9,4,9,0,1,1,0
2009,9,2009-09,Oakridge,49,19,6,4,4,9,5,1,1,0
2009,10,2009-10,Oakridge,66,21,16,8,5,10,2,4,0,0
2009,11,2009-11,Oakridge,51,16,7,5,4,12,2,3,2,0
2009,12,2009-12,Oakridge,52,16,6,6,2,12,1,8,1,0
2010,1,2010-01,Oakridge,72,24,22,5,1,12,1,6,1,0
2010,2,2010-02,Oakridge,63,32,10,4,3,11,1,2,0,0
2010,3,2010-03,Oakridge,64,22,13,2,8,11,0,4,4,0
2010,4,2010-04,Oakridge,83,18,18,11,1,21,2,8,4,0
2010,5,2010-05,Oakridge,46,17,8,6,3,10,1,0,1,0
2010,6,2010-06,Oakridge,40,13,11,1,4,7,0,1,3,0
2010,7,2010-07,Oakridge,37,11,2,2,3,12,3,3,1,0
2010,8,2010-08,Oakridge,45,12,7,8,5,8,2,2,1,0
2010,9,2010-09,Oakridge,76,24,20,4,4,14,5,4,1,0
2010,10,2010-10,Oakridge,54,17,15,4,2,13,0,2,1,0
2010,11,2010-11,Oakridge,53,21,6,3,1,21,1,0,0,0
2010,12,2010-12,Oakridge,61,19,17,5,1,12,3,2,2,0
2011,1,2011-01,Oakridge,53,24,8,4,5,6,1,4,1,0
2011,2,2011-02,Oakridge,45,17,11,2,1,10,2,0,2,0
2011,3,2011-03,Oakridge,68,20,17,5,6,17,2,0,1,0
2011,4,2011-04,Oakridge,48,15,9,7,2,14,0,1,0,0
2011,5,2011-05,Oakridge,45,17,9,4,2,7,3,3,0,0
2011,6,2011-06,Oakridge,43,16,5,6,4,8,4,0,0,0
2011,7,2011-07,Oakridge,53,19,13,3,4,7,1,3,3,0
2011,8,2011-08,Oakridge,34,12,5,1,6,7,0,2,1,0
2011,9,2011-09,Oakridge,53,21,5,3,1,15,2,4,2,0
2011,10,2011-10,Oakridge,63,16,13,7,2,18,2,4,1,0
2011,11,2011-11,Oakridge,76,21,20,4,6,17,1,3,4,0
2011,12,2011-12,Oakridge,79,41,8,5,3,18,3,1,0,0
2012,1,2012-01,Oakridge,45,19,2,3,5,14,0,2,0,0
2012,2,2012-02,Oakridge,50,18,14,3,3,10,0,1,1,0
2012,3,2012-03,Oakridge,62,31,14,6,2,8,0,0,1,0
2012,4,2012-04,Oakridge,47,20,14,1,3,6,1,1,1,0
2012,5,2012-05,Oakridge,51,25,5,4,5,8,1,0,3,0
2012,6,2012-06,Oakridge,44,18,12,5,1,4,1,2,1,0
2012,7,2012-07,Oakridge,70,21,23,8,2,13,1,2,0,0
2012,8,2012-08,Oakridge,58,15,15,2,7,12,2,3,2,0
2012,9,2012-09,Oakridge,60,14,13,5,4,19,3,1,1,0
2012,10,2012-10,Oakridge,47,13,11,2,3,9,1,2,6,0
2012,11,2012-11,Oakridge,77,29,20,5,1,16,4,2,0,0
2012,12,2012-12,Oakridge,82,26,17,8,6,18,4,2,1,0
2013,1,2013-01,Oakridge,51,19,10,7,3,8,2,1,1,0
2013,2,2013-02,Oakridge,44,18,4,1,4,15,1,1,0,0
2013,3,2013-03,Oakridge,42,20,7,3,4,3,0,4,1,0
2013,4,2013-04,Oakridge,34,11,9,3,0,6,0,5,0,0
2013,5,2013-05,Oakridge,40,11,8,4,2,10,1,4,0,0
2013,6,2013-06,Oakridge,36,12,7,4,3,5,3,0,2,0
2013,7,2013-07,Oakridge,53,19,9,5,5,12,0,2,1,0
2013,8,2013-08,Oakridge,44,19,10,2,3,6,2,1,1,0
2013,9,2013-09,Oakridge,56,22,11,9,3,8,1,1,1,0
2013,10,2013-10,Oakridge,68,26,19,4,5,9,1,3,1,0
2013,11,2013-11,Oakridge,64,22,18,3,2,15,1,0,3,0
2013,12,2013-12,Oakridge,48,19,7,3,2,13,1,3,0,0
2014,1,2014-01,Oakridge,61,15,16,4,4,20,1,1,0,0
2014,2,2014-02,Oakridge,29,12,2,4,2,5,2,2,0,0
2014,3,2014-03,Oakridge,59,17,16,6,3,13,1,2,1,0
2014,4,2014-04,Oakridge,51,16,9,4,1,13,2,6,0,0
2014,5,2014-05,Oakridge,62,16,19,4,2,14,4,3,0,0
2014,6,2014-06,Oakridge,55,20,14,7,6,4,1,2,1,0
2014,7,2014-07,Oakridge,55,20,13,3,2,11,2,2,2,0
2014,8,2014-08,Oakridge,34,8,7,1,1,15,1,1,0,0
2014,9,2014-09,Oakridge,48,16,13,3,1,5,5,3,2,0
2014,10,2014-10,Oakridge,64,6,29,5,3,9,4,4,4,0
2014,11,2014-11,Oakridge,60,15,13,12,0,10,2,6,2,0
2014,12,2014-12,Oakridge,50,17,11,1,3,14,2,2,0,0
2015,1,2015-01,Oakridge,56,21,9,3,1,17,2,0,3,0
2015,2,2015-02,Oakridge,48,15,11,4,4,12,0,1,1,0
2015,3,2015-03,Oakridge,49,17,11,6,2,7,1,1,4,0
2015,4,2015-04,Oakridge,52,22,15,4,1,7,2,0,1,0
2015,5,2015-05,Oakridge,45,16,11,1,3,10,2,1,1,0
2015,6,2015-06,Oakridge,29,5,5,4,2,7,1,2,3,0
2015,7,2015-07,Oakridge,48,13,13,4,2,9,1,2,4,0
2015,8,2015-08,Oakridge,42,9,15,2,2,10,0,1,3,0
2015,9,2015-09,Oakridge,48,11,7,7,4,11,3,2,3,0
2015,10,2015-10,Oakridge,70,14,17,5,2,15,5,5,7,0
2015,11,2015-11,Oakridge,62,13,17,6,2,17,1,4,2,0
2015,12,2015-12,Oakridge,76,19,29,5,3,16,1,3,0,0
2016,1,2016-01,Oakridge,52,13,9,4,6,16,2,2,0,0
2016,2,2016-02,Oakridge,75,25,19,3,5,20,2,0,1,0
2016,3,2016-03,Oakridge,57,20,13,5,2,14,1,1,1,0
2016,4,2016-04,Oakridge,61,23,11,6,1,14,4,1,1,0
2016,5,2016-05,Oakridge,47,15,8,4,2,14,1,1,2,0
2016,6,2016-06,Oakridge,72,19,27,7,2,9,2,4,2,0
2016,7,2016-07,Oakridge,47,17,8,5,1,6,6,2,2,0
2016,8,2016-08,Oakridge,51,18,10,5,6,9,0,1,2,0
2016,9,2016-09,Oakridge,40,13,11,5,0,5,2,3,1,0
2016,10,2016-10,Oakridge,52,14,9,5,5,12,1,1,5,0
2016,11,2016-11,Oakridge,45,13,19,6,0,4,3,0,0,0
2016,12,2016-12,Oakridge,44,17,7,3,3,12,2,0,0,0
2017,1,2017-01,Oakridge,40,13,8,3,1,10,4,0,1,0
2017,2,2017-02,Oakridge,65,22,13,3,7,10,5,2,3,0
2017,3,2017-03,Oakridge,54,17,8,7,2,17,2,1,0,0
2017,4,2017-04,Oakridge,46,13,9,5,0,18,1,0,0,0
2017,5,2017-05,Oakridge,47,13,12,10,3,7,1,1,0,0
2017,6,2017-06,Oakridge,44,13,14,3,0,9,0,2,3,0
2017,7,2017-07,Oakridge,63,10,24,4,2,20,1,1,1,0
2017,8,2017-08,Oakridge,63,17,21,5,2,14,0,3,1,0
2017,9,2017-09,Oakridge,56,6,15,6,1,13,1,2,12,0
2017,10,2017-10,Oakridge,39,10,6,5,0,12,0,3,3,0
2017,11,2017-11,Oakridge,49,19,8,2,3,11,2,2,2,0
2017,12,2017-12,Oakridge,47,21,4,4,2,10,3,1,2,0
2018,1,2018-01,Oakridge,76,22,19,6,3,15,8,2,1,0
2018,2,2018-02,Oakridge,30,5,9,4,1,8,1,1,1,0
2018,3,2018-03,Oakridge,48,17,10,4,3,11,0,1,2,0
2018,4,2018-04,Oakridge,53,17,15,3,2,10,1,2,3,0
2018,5,2018-05,Oakridge,48,11,10,8,3,8,1,5,2,0
2018,6,2018-06,Oakridge,54,14,12,6,2,14,2,1,3,0
2018,7,2018-07,Oakridge,46,11,16,4,3,7,2,1,2,0
2018,8,2018-08,Oakridge,37,11,9,7,2,6,1,1,0,0
2018,9,2018-09,Oakridge,37,12,8,3,3,9,0,0,2,0
2018,10,2018-10,Oakridge,45,12,14,4,1,13,1,0,0,0
2018,11,2018-11,Oakridge,51,12,17,5,4,7,1,3,2,0
2018,12,2018-12,Oakridge,64,10,25,9,3,15,1,1,0,0
2019,1,2019-01,Oakridge,39,10,13,3,0,8,4,1,0,0
2019,2,2019-02,Oakridge,39,16,4,6,0,6,3,3,1,0
2019,3,2019-03,Oakridge,53,14,20,4,6,5,2,2,0,0
2019,4,2019-04,Oakridge,63,15,20,6,3,11,3,3,2,0
2019,5,2019-05,Oakridge,64,21,17,5,1,11,1,4,4,0
2019,6,2019-06,Oakridge,60,20,13,5,2,11,2,2,5,0
2019,7,2019-07,Oakridge,56,19,18,7,1,5,3,2,1,0
2019,8,2019-08,Oakridge,62,18,13,3,2,12,2,7,5,0
2019,9,2019-09,Oakridge,57,13,14,6,1,8,3,3,9,0
2019,10,2019-10,Oakridge,62,13,14,9,0,13,8,0,5,0
2019,11,2019-11,Oakridge,58,15,14,5,2,9,9,2,2,0
2019,12,2019-12,Oakridge,53,15,17,6,2,8,4,1,0,0
2020,1,2020-01,Oakridge,54,20,15,5,4,7,1,1,1,0
2020,2,2020-02,Oakridge,51,14,20,5,3,4,2,0,3,0
2020,3,2020-03,Oakridge,46,9,12,10,2,8,3,0,2,0
2020,4,2020-04,Oakridge,33,8,5,4,2,8,4,1,1,0
2020,5,2020-05,Oakridge,22,4,5,6,0,3,0,1,3,0
2020,6,2020-06,Oakridge,20,7,2,3,2,5,1,0,0,0
2020,7,2020-07,Oakridge,24,5,4,1,5,5,2,0,2,0
2020,8,2020-08,Oakridge,28,5,7,4,4,4,0,1,3,0
2020,9,2020-09,Oakridge,35,8,8,3,4,5,3,3,1,0
2020,10,2020-10,Oakridge,33,6,9,6,1,8,1,0,2,0
2020,11,2020-11,Oakridge,32,5,12,1,3,6,2,2,1,0
2020,12,2020-12,Oakridge,31,8,6,4,3,9,1,0,0,0
2021,1,2021-01,Oakridge,35,7,14,5,1,5,3,0,0,0
2021,2,2021-02,Oakridge,20,2,5,3,2,3,3,0,2,0
2021,3,2021-03,Oakridge,25,0,8,5,4,2,4,1,1,0
2021,4,2021-04,Oakridge,30,3,7,3,5,5,2,2,3,0
2021,5,2021-05,Oakridge,31,6,6,6,2,3,2,2,4,0
2021,6,2021-06,Oakridge,26,3,7,6,1,3,1,1,4,0
2021,7,2021-07,Oakridge,33,11,3,7,1,3,6,0,2,0
2021,8,2021-08,Oakridge,28,8,14,0,0,2,2,1,1,0
2021,9,2021-09,Oakridge,28,6,7,5,2,5,3,0,0,0
2021,10,2021-10,Oakridge,40,4,17,3,2,5,3,3,3,0
2021,11,2021-11,Oakridge,20,5,6,1,1,3,1,1,2,0
2021,12,2021-12,Oakridge,19,3,4,1,3,5,2,0,1,0
2022,1,2022-01,Oakridge,28,5,9,4,2,6,2,0,0,0
2022,2,2022-02,Oakridge,23,4,8,3,1,2,4,0,1,0
2022,3,2022-03,Oakridge,34,9,7,8,3,4,0,1,2,0
2022,4,2022-04,Oakridge,46,8,15,7,2,10,1,2,1,0
2022,5,2022-05,Oakridge,31,7,7,4,1,6,2,3,1,0
2022,6,2022-06,Oakridge,30,4,7,3,3,5,4,1,3,0
2022,7,2022-07,Oakridge,26,3,4,6,1,6,0,2,4,0
2022,8,2022-08,Oakridge,28,8,6,2,4,6,1,1,0,0
2022,9,2022-09,Oakridge,31,8,11,2,3,1,0,4,2,0
2022,10,2022-10,Oakridge,24,5,5,5,2,4,1,1,1,0
2022,11,2022-11,Oakridge,19,7,2,5,0,2,1,1,1,0
2022,12,2022-12,Oakridge,25,7,3,2,5,7,0,1,0,0
2023,1,2023-01,Oakridge,20,5,6,5,1,1,1,0,1,0
2023,2,2023-02,Oakridge,24,3,6,1,4,3,3,2,2,0
2023,3,2023-03,Oakridge,28,6,6,3,5,4,3,0,1,0
2023,4,2023-04,Oakridge,25,10,5,0,3,1,5,1,0,0
2023,5,2023-05,Oakridge,27,9,8,4,2,2,1,1,0,0
2023,6,2023-06,Oakridge,40,10,14,9,3,2,1,1,0,0
2023,7,2023-07,Oakridge,27,8,9,6,0,3,0,0,1,0
2023,8,2023-08,Oakridge,16,1,5,3,1,3,1,1,1,0
2023,9,2023-09,Oakridge,25,2,9,7,3,0,2,1,1,0
2023,10,2023-10,Oakridge,28,11,3,2,3,1,5,2,1,0
2023,11,2023-11,Oakridge,27,7,7,5,1,5,0,2,0,0
2023,12,2023-12,Oakridge,28,4,12,4,1,4,1,1,1,0
2024,1,2024-01,Oakridge,16,3,4,3,1,2,1,0,2,0
2024,2,2024-02,Oakridge,15,6,2,0,5,2,0,0,0,0
2024,3,2024-03,Oakridge,30,8,8,4,2,4,3,0,1,0
2024,4,2024-04,Oakridge,16,2,5,0,2,1,1,0,5,0
2024,5,2024-05,Oakridge,35,11,6,7,4,4,2,1,0,0
2024,6,2024-06,Oakridge,25,8,4,3,2,2,6,0,0,0
2024,7,2024-07,Oakridge,21,6,6,3,2,3,1,0,0,0
2024,8,2024-08,Oakridge,27,8,7,4,3,4,1,0,0,0
2024,9,2024-09,Oakridge,25,11,2,3,1,7,1,0,0,0
2024,10,2024-10,Oakridge,24,5,5,4,2,5,2,1,0,0
2024,11,2024-11,Oakridge,34,11,4,4,6,7,2,0,0,0
2024,12,2024-12,Oakridge,22,6,5,3,1,5,1,1,0,0
2025,1,2025-01,Oakridge,32,13,3,1,4,9,0,2,0,0
2025,2,2025-02,Oakridge,14,3,2,2,1,2,2,0,2,0
2025,3,2025-03,Oakridge,36,15,8,5,1,5,2,0,0,0
2025,4,2025-04,Oakridge,26,11,4,5,3,2,0,1,0,0
2025,5,2025-05,Oakridge,36,15,5,4,4,3,2,0,3,0
2025,6,2025-06,Oakridge,16,8,2,2,0,3,0,0,1,0
2025,7,2025-07,Oakridge,15,2,4,4,4,1,0,0,0,0
2025,8,2025-08,Oakridge,16,5,4,2,2,0,2,0,1,0
2025,9,2025-09,Oakridge,22,7,9,3,1,0,1,0,1,0
2025,10,2025-10,Oakridge,32,8,8,5,2,4,2,2,1,0
2025,11,2025-11,Oakridge,25,13,2,3,3,1,1,1,1,0
2025,12,2025-12,Oakridge,29,10,8,5,2,2,1,1,0,0
2026,1,2026-01,Oakridge,22,13,1,4,2,1,0,0,1,0
2026,2,2026-02,Oakridge,24,5,6,7,3,1,0,0,2,0
2026,3,2026-03,Oakridge,24,7,4,6,4,2,1,0,0,0
2026,4,2026-04,Oakridge,13,3,2,3,1,0,3,1,0,0
2026,5,2026-05,Oakridge,36,17,4,6,3,4,1,1,0,0
2026,6,2026-06,Oakridge,34,17,6,6,2,2,0,1,0,0
2026,7,2026-07,Oakridge,28,18,3,4,1,2,0,0,0,0
2026,8,2026-08,Oakridge,38,24,9,1,1,1,0,1,1,0
2026,9,2026-09,Oakridge,30,24,3,2,0,1,0,0,0,1
2003,1,2003-01,Renfrew-Collingwood,248,42,57,21,19,42,16,50,1,0
2003,2,2003-02,Renfrew-Collingwood,199,36,44,27,14,31,9,37,1,0
2003,3,2003-03,Renfrew-Collingwood,196,36,54,20,18,22,13,33,0,0
2003,4,2003-04,Renfrew-Collingwood,199,35,43,31,9,34,11,33,3,0
2003,5,2003-05,Renfrew-Collingwood,247,50,54,28,21,45,12,35,2,0
2003,6,2003-06,Renfrew-Collingwood,267,50,59,32,35,37,16,35,3,0
2003,7,2003-07,Renfrew-Collingwood,209,38,34,33,19,33,12,38,2,0
2003,8,2003-08,Renfrew-Collingwood,205,38,40,26,12,46,5,36,2,0
2003,9,2003-09,Renfrew-Collingwood,210,28,63,26,13,49,6,22,3,0
2003,10,2003-10,Renfrew-Collingwood,247,35,61,26,29,47,11,34,4,0
2003,11,2003-11,Renfrew-Collingwood,248,35,61,34,28,42,11,36,1,0
2003,12,2003-12,Renfrew-Collingwood,227,36,60,21,19,51,6,33,1,0
2004,1,2004-01,Renfrew-Collingwood,210,35,74,13,26,26,14,22,0,0
2004,2,2004-02,Renfrew-Collingwood,245,40,60,21,24,41,18,40,1,0
2004,3,2004-03,Renfrew-Collingwood,319,40,87,22,32,58,23,55,2,0
2004,4,2004-04,Renfrew-Collingwood,291,41,84,25,25,55,11,50,0,0
2004,5,2004-05,Renfrew-Collingwood,270,35,73,25,15,54,18,49,1,0
2004,6,2004-06,Renfrew-Collingwood,225,33,57,20,21,41,12,40,1,0
2004,7,2004-07,Renfrew-Collingwood,208,38,44,21,16,30,9,46,4,0
2004,8,2004-08,Renfrew-Collingwood,272,36,95,25,21,37,9,47,2,0
2004,9,2004-09,Renfrew-Collingwood,283,36,90,35,13,43,19,43,4,0
2004,10,2004-10,Renfrew-Collingwood,262,34,77,20,21,47,12,50,1,0
2004,11,2004-11,Renfrew-Collingwood,263,30,76,21,23,58,15,39,1,0
2004,12,2004-12,Renfrew-Collingwood,240,32,65,20,28,43,12,39,1,0
2005,1,2005-01,Renfrew-Collingwood,242,20,74,18,21,66,6,37,0,0
2005,2,2005-02,Renfrew-Collingwood,191,31,58,16,15,31,6,34,0,0
2005,3,2005-03,Renfrew-Collingwood,219,36,51,26,19,26,10,49,2,0
2005,4,2005-04,Renfrew-Collingwood,208,39,60,30,14,22,7,36,0,0
2005,5,2005-05,Renfrew-Collingwood,183,26,61,20,11,26,6,30,3,0
2005,6,2005-06,Renfrew-Collingwood,201,31,81,19,18,15,4,31,2,0
2005,7,2005-07,Renfrew-Collingwood,203,35,67,21,21,16,3,39,1,0
2005,8,2005-08,Renfrew-Collingwood,246,37,86,20,32,15,12,39,5,0
2005,9,2005-09,Renfrew-Collingwood,223,30,98,10,18,21,6,35,5,0
2005,10,2005-10,Renfrew-Collingwood,270,29,124,29,22,16,15,35,0,0
2005,11,2005-11,Renfrew-Collingwood,261,27,124,21,21,23,13,30,2,0
2005,12,2005-12,Renfrew-Collingwood,259,34,110,35,17,26,9,26,2,0
2006,1,2006-01,Renfrew-Collingwood,282,39,111,30,20,30,15,36,1,0
2006,2,2006-02,Renfrew-Collingwood,209,39,47,23,26,39,15,20,0,0
2006,3,2006-03,Renfrew-Collingwood,199,36,53,15,25,30,17,20,3,0
2006,4,2006-04,Renfrew-Collingwood,199,42,50,22,27,18,13,26,1,0
2006,5,2006-05,Renfrew-Collingwood,214,47,45,20,25,37,12,26,2,0
2006,6,2006-06,Renfrew-Collingwood,234,43,73,29,19,42,7,20,1,0
2006,7,2006-07,Renfrew-Collingwood,241,37,85,32,28,29,10,19,1,0
2006,8,2006-08,Renfrew-Collingwood,234,35,80,22,29,29,11,24,4,0
2006,9,2006-09,Renfrew-Collingwood,227,25,76,22,12,52,9,28,3,0
2006,10,2006-10,Renfrew-Collingwood,264,23,95,29,21,56,7,30,3,0
2006,11,2006-11,Renfrew-Collingwood,232,27,95,20,19,38,5,27,1,0
2006,12,2006-12,Renfrew-Collingwood,229,23,65,26,27,45,11,31,1,0
2007,1,2007-01,Renfrew-Collingwood,222,38,56,22,36,39,10,20,1,0
2007,2,2007-02,Renfrew-Collingwood,179,41,43,17,16,37,8,17,0,0
2007,3,2007-03,Renfrew-Collingwood,214,34,65,15,33,35,6,24,2,0
2007,4,2007-04,Renfrew-Collingwood,171,30,58,15,16,34,3,14,1,0
2007,5,2007-05,Renfrew-Collingwood,160,40,38,15,19,24,9,12,3,0
2007,6,2007-06,Renfrew-Collingwood,181,21,52,27,19,41,7,14,0,0
2007,7,2007-07,Renfrew-Collingwood,192,26,43,25,18,37,7,30,6,0
2007,8,2007-08,Renfrew-Collingwood,198,31,59,24,26,25,8,24,1,0
2007,9,2007-09,Renfrew-Collingwood,181,37,49,27,15,27,8,18,0,0
2007,10,2007-10,Renfrew-Collingwood,194,29,57,22,29,24,5,25,3,0
2007,11,2007-11,Renfrew-Collingwood,162,29,31,20,30,24,8,20,0,0
2007,12,2007-12,Renfrew-Collingwood,123,26,33,20,16,14,5,8,1,0
2008,1,2008-01,Renfrew-Collingwood,131,41,25,19,9,19,5,12,1,0
2008,2,2008-02,Renfrew-Collingwood,156,32,26,28,11,35,12,12,0,0
2008,3,2008-03,Renfrew-Collingwood,313,29,37,173,23,27,10,13,1,0
2008,4,2008-04,Renfrew-Collingwood,177,41,37,20,26,28,8,17,0,0
2008,5,2008-05,Renfrew-Collingwood,200,30,43,30,21,47,6,20,3,0
2008,6,2008-06,Renfrew-Collingwood,162,35,36,23,21,27,8,12,0,0
2008,7,2008-07,Renfrew-Collingwood,167,26,37,30,19,26,8,19,2,0
2008,8,2008-08,Renfrew-Collingwood,141,31,26,21,20,16,7,19,1,0
2008,9,2008-09,Renfrew-Collingwood,177,36,35,21,22,37,12,11,3,0
2008,10,2008-10,Renfrew-Collingwood,189,39,37,31,32,20,11,17,2,0
2008,11,2008-11,Renfrew-Collingwood,140,22,25,39,17,23,2,11,1,0
2008,12,2008-12,Renfrew-Collingwood,148,34,35,24,23,6,11,14,1,0
2009,1,2009-01,Renfrew-Collingwood,133,32,28,21,23,16,3,10,0,0
2009,2,2009-02,Renfrew-Collingwood,134,46,28,11,20,12,5,9,3,0
2009,3,2009-03,Renfrew-Collingwood,183,52,54,26,11,23,7,10,0,0
2009,4,2009-04,Renfrew-Collingwood,160,58,42,12,18,10,3,17,0,0
2009,5,2009-05,Renfrew-Collingwood,150,52,23,22,15,13,9,14,2,0
2009,6,2009-06,Renfrew-Collingwood,131,34,29,25,13,14,2,13,1,0
2009,7,2009-07,Renfrew-Collingwood,144,40,36,18,17,12,8,10,3,0
2009,8,2009-08,Renfrew-Collingwood,160,43,41,21,17,18,10,8,2,0
2009,9,2009-09,Renfrew-Collingwood,195,49,40,30,25,32,4,11,4,0
2009,10,2009-10,Renfrew-Collingwood,151,35,36,25,14,15,6,17,3,0
2009,11,2009-11,Renfrew-Collingwood,197,44,60,27,16,31,5,13,1,0
2009,12,2009-12,Renfrew-Collingwood,192,41,47,29,19,35,4,17,0,0
2010,1,2010-01,Renfrew-Collingwood,193,61,36,21,25,28,7,15,0,0
2010,2,2010-02,Renfrew-Collingwood,147,43,37,18,18,15,3,11,2,0
2010,3,2010-03,Renfrew-Collingwood,192,47,42,26,23,23,7,22,2,0
2010,4,2010-04,Renfrew-Collingwood,139,31,34,17,23,18,4,10,2,0
2010,5,2010-05,Renfrew-Collingwood,162,37,50,30,14,9,3,16,3,0
2010,6,2010-06,Renfrew-Collingwood,140,32,41,25,17,15,3,7,0,0
2010,7,2010-07,Renfrew-Collingwood,153,35,43,21,16,28,1,9,0,0
2010,8,2010-08,Renfrew-Collingwood,183,38,55,27,11,25,4,19,4,0
2010,9,2010-09,Renfrew-Collingwood,174,33,69,27,11,18,4,7,5,0
2010,10,2010-10,Renfrew-Collingwood,172,43,46,31,18,16,3,15,0,0
2010,11,2010-11,Renfrew-Collingwood,191,53,47,31,23,19,6,6,6,0
2010,12,2010-12,Renfrew-Collingwood,165,26,31,47,18,26,4,11,2,0
2011,1,2011-01,Renfrew-Collingwood,153,37,28,17,18,34,5,12,2,0
2011,2,2011-02,Renfrew-Collingwood,158,42,51,16,24,13,3,9,0,0
2011,3,2011-03,Renfrew-Collingwood,155,65,32,8,22,19,2,6,1,0
2011,4,2011-04,Renfrew-Collingwood,165,53,28,29,23,23,3,6,0,0
2011,5,2011-05,Renfrew-Collingwood,159,38,40,17,18,37,2,6,1,0
2011,6,2011-06,Renfrew-Collingwood,146,45,22,32,14,25,2,6,0,0
2011,7,2011-07,Renfrew-Collingwood,159,44,30,26,23,25,3,7,1,0
2011,8,2011-08,Renfrew-Collingwood,155,54,38,18,13,22,2,5,3,0
2011,9,2011-09,Renfrew-Collingwood,151,51,26,20,22,23,3,5,1,0
2011,10,2011-10,Renfrew-Collingwood,142,42,24,21,14,29,6,6,0,0
2011,11,2011-11,Renfrew-Collingwood,132,41,18,19,26,16,3,6,3,0
2011,12,2011-12,Renfrew-Collingwood,149,42,31,22,23,23,2,5,1,0
2012,1,2012-01,Renfrew-Collingwood,161,39,38,13,26,32,4,7,2,0
2012,2,2012-02,Renfrew-Collingwood,132,40,45,17,12,10,3,4,1,0
2012,3,2012-03,Renfrew-Collingwood,157,34,57,15,12,14,13,12,0,0
2012,4,2012-04,Renfrew-Collingwood,131,44,36,16,13,12,5,4,1,0
2012,5,2012-05,Renfrew-Collingwood,193,42,44,29,24,29,9,15,1,0
2012,6,2012-06,Renfrew-Collingwood,186,54,38,22,31,19,6,15,1,0
2012,7,2012-07,Renfrew-Collingwood,150,50,30,20,16,13,0,18,3,0
2012,8,2012-08,Renfrew-Collingwood,132,38,35,15,15,13,5,10,1,0
2012,9,2012-09,Renfrew-Collingwood,168,36,60,18,19,20,2,9,4,0
2012,10,2012-10,Renfrew-Collingwood,174,31,76,26,15,12,3,8,3,0
2012,11,2012-11,Renfrew-Collingwood,116,26,32,17,16,14,4,7,0,0
2012,12,2012-12,Renfrew-Collingwood,126,30,33,24,15,9,6,6,3,0
2013,1,2013-01,Renfrew-Collingwood,140,40,36,24,9,19,3,8,1,0
2013,2,2013-02,Renfrew-Collingwood,115,35,21,24,13,14,2,3,3,0
2013,3,2013-03,Renfrew-Collingwood,132,31,30,25,20,10,6,7,3,0
2013,4,2013-04,Renfrew-Collingwood,135,33,43,22,19,10,2,6,0,0
2013,5,2013-05,Renfrew-Collingwood,176,50,48,15,16,25,12,5,5,0
2013,6,2013-06,Renfrew-Collingwood,109,38,20,17,13,12,1,6,2,0
2013,7,2013-07,Renfrew-Collingwood,130,37,28,19,14,21,4,5,2,0
2013,8,2013-08,Renfrew-Collingwood,112,40,25,10,12,14,2,4,5,0
2013,9,2013-09,Renfrew-Collingwood,147,44,20,17,22,23,8,10,3,0
2013,10,2013-10,Renfrew-Collingwood,141,38,37,18,20,16,4,5,3,0
2013,11,2013-11,Renfrew-Collingwood,151,33,48,23,19,17,3,7,1,0
2013,12,2013-12,Renfrew-Collingwood,162,61,53,17,12,9,4,3,3,0
2014,1,2014-01,Renfrew-Collingwood,165,61,44,18,11,12,3,12,4,0
2014,2,2014-02,Renfrew-Collingwood,118,46,23,14,12,9,7,6,1,0
2014,3,2014-03,Renfrew-Collingwood,158,69,26,14,13,23,1,11,1,0
2014,4,2014-04,Renfrew-Collingwood,124,42,20,17,11,11,6,13,4,0
2014,5,2014-05,Renfrew-Collingwood,168,45,51,27,9,18,6,3,9,0
2014,6,2014-06,Renfrew-Collingwood,158,41,51,15,18,14,4,6,9,0
2014,7,2014-07,Renfrew-Collingwood,184,64,51,11,16,16,3,7,16,0
2014,8,2014-08,Renfrew-Collingwood,144,47,45,17,11,10,4,7,3,0
2014,9,2014-09,Renfrew-Collingwood,177,55,56,19,9,18,9,8,3,0
2014,10,2014-10,Renfrew-Collingwood,193,65,48,20,9,29,7,11,4,0
2014,11,2014-11,Renfrew-Collingwood,151,43,49,13,13,12,7,12,2,0
2014,12,2014-12,Renfrew-Collingwood,157,40,55,11,13,22,9,7,0,0
2015,1,2015-01,Renfrew-Collingwood,213,67,45,22,19,29,14,13,4,0
2015,2,2015-02,Renfrew-Collingwood,133,50,22,17,9,23,4,6,2,0
2015,3,2015-03,Renfrew-Collingwood,145,59,25,17,15,15,3,8,3,0
2015,4,2015-04,Renfrew-Collingwood,137,47,36,17,11,14,5,2,5,0
2015,5,2015-05,Renfrew-Collingwood,167,54,38,17,17,26,3,10,2,0
2015,6,2015-06,Renfrew-Collingwood,138,43,34,17,14,8,5,7,10,0
2015,7,2015-07,Renfrew-Collingwood,151,48,37,20,14,15,8,2,7,0
2015,8,2015-08,Renfrew-Collingwood,129,41,28,17,12,13,7,6,5,0
2015,9,2015-09,Renfrew-Collingwood,128,47,36,11,10,8,5,8,3,0
2015,10,2015-10,Renfrew-Collingwood,184,60,53,21,7,24,6,10,3,0
2015,11,2015-11,Renfrew-Collingwood,175,52,57,20,10,12,9,14,1,0
2015,12,2015-12,Renfrew-Collingwood,162,38,61,11,12,25,5,8,2,0
2016,1,2016-01,Renfrew-Collingwood,219,74,57,24,18,32,5,7,2,0
2016,2,2016-02,Renfrew-Collingwood,164,68,33,14,19,21,4,5,0,0
2016,3,2016-03,Renfrew-Collingwood,157,61,31,20,5,23,7,9,1,0
2016,4,2016-04,Renfrew-Collingwood,148,51,28,19,11,18,5,11,5,0
2016,5,2016-05,Renfrew-Collingwood,188,63,47,19,14,14,4,15,12,0
2016,6,2016-06,Renfrew-Collingwood,137,64,28,8,5,13,3,8,8,0
2016,7,2016-07,Renfrew-Collingwood,162,64,37,11,15,13,4,11,7,0
2016,8,2016-08,Renfrew-Collingwood,166,64,33,23,9,22,3,7,5,0
2016,9,2016-09,Renfrew-Collingwood,152,48,30,17,9,25,1,13,9,0
2016,10,2016-10,Renfrew-Collingwood,183,64,51,16,7,18,4,12,11,0
2016,11,2016-11,Renfrew-Collingwood,162,45,38,16,17,26,4,11,5,0
2016,12,2016-12,Renfrew-Collingwood,121,46,26,20,3,16,2,7,1,0
2017,1,2017-01,Renfrew-Collingwood,142,53,35,19,18,4,4,9,0,0
2017,2,2017-02,Renfrew-Collingwood,137,52,36,14,10,12,6,7,0,0
2017,3,2017-03,Renfrew-Collingwood,159,40,46,27,8,11,6,18,3,0
2017,4,2017-04,Renfrew-Collingwood,146,54,37,23,11,12,7,2,0,0
2017,5,2017-05,Renfrew-Collingwood,201,57,68,23,9,15,7,14,8,0
2017,6,2017-06,Renfrew-Collingwood,207,62,79,26,11,7,5,6,11,0
2017,7,2017-07,Renfrew-Collingwood,194,56,59,16,16,14,7,18,8,0
2017,8,2017-08,Renfrew-Collingwood,160,56,50,13,10,17,2,7,5,0
2017,9,2017-09,Renfrew-Collingwood,226,74,72,35,15,12,3,11,4,0
2017,10,2017-10,Renfrew-Collingwood,219,56,85,37,8,14,6,6,7,0
2017,11,2017-11,Renfrew-Collingwood,230,51,101,36,5,17,8,10,2,0
2017,12,2017-12,Renfrew-Collingwood,209,62,88,31,15,6,3,4,0,0
2018,1,2018-01,Renfrew-Collingwood,209,71,77,21,15,11,7,7,0,0
2018,2,2018-02,Renfrew-Collingwood,145,52,45,14,12,7,10,5,0,0
2018,3,2018-03,Renfrew-Collingwood,177,63,46,24,12,14,10,6,2,0
2018,4,2018-04,Renfrew-Collingwood,135,60,25,12,8,10,7,10,3,0
2018,5,2018-05,Renfrew-Collingwood,154,55,43,15,5,14,8,8,6,0
2018,6,2018-06,Renfrew-Collingwood,167,56,35,29,11,12,10,12,2,0
2018,7,2018-07,Renfrew-Collingwood,157,56,36,18,13,15,5,11,3,0
2018,8,2018-08,Renfrew-Collingwood,173,53,43,20,14,16,8,12,7,0
2018,9,2018-09,Renfrew-Collingwood,160,61,27,22,9,19,6,10,6,0
2018,10,2018-10,Renfrew-Collingwood,187,70,58,22,7,15,10,1,4,0
2018,11,2018-11,Renfrew-Collingwood,172,61,60,21,8,13,1,4,4,0
2018,12,2018-12,Renfrew-Collingwood,168,40,75,22,7,11,9,4,0,0
2019,1,2019-01,Renfrew-Collingwood,188,57,55,26,14,19,6,9,2,0
2019,2,2019-02,Renfrew-Collingwood,122,49,35,11,6,11,2,6,2,0
2019,3,2019-03,Renfrew-Collingwood,174,57,58,19,13,11,5,8,3,0
2019,4,2019-04,Renfrew-Collingwood,161,56,45,16,12,14,3,12,3,0
2019,5,2019-05,Renfrew-Collingwood,174,59,59,18,9,13,3,10,3,0
2019,6,2019-06,Renfrew-Collingwood,140,37,54,22,4,5,6,10,2,0
2019,7,2019-07,Renfrew-Collingwood,144,43,45,11,14,10,6,11,4,0
2019,8,2019-08,Renfrew-Collingwood,186,59,66,23,14,6,4,10,4,0
2019,9,2019-09,Renfrew-Collingwood,213,49,92,22,15,12,8,7,8,0
2019,10,2019-10,Renfrew-Collingwood,235,69,79,30,9,16,11,13,8,0
2019,11,2019-11,Renfrew-Collingwood,185,76,52,16,11,10,9,4,7,0
2019,12,2019-12,Renfrew-Collingwood,172,54,44,26,11,10,13,8,6,0
2020,1,2020-01,Renfrew-Collingwood,159,56,49,28,6,7,10,2,1,0
2020,2,2020-02,Renfrew-Collingwood,143,59,37,20,9,5,5,5,3,0
2020,3,2020-03,Renfrew-Collingwood,213,79,66,24,14,9,11,6,4,0
2020,4,2020-04,Renfrew-Collingwood,194,38,81,22,12,18,9,4,10,0
2020,5,2020-05,Renfrew-Collingwood,129,39,37,23,7,8,7,1,7,0
2020,6,2020-06,Renfrew-Collingwood,138,69,22,21,17,5,2,2,0,0
2020,7,2020-07,Renfrew-Collingwood,181,88,48,12,5,12,5,2,9,0
2020,8,2020-08,Renfrew-Collingwood,212,76,59,25,21,12,5,8,6,0
2020,9,2020-09,Renfrew-Collingwood,168,64,41,27,11,8,6,6,5,0
2020,10,2020-10,Renfrew-Collingwood,214,92,62,25,11,6,4,7,7,0
2020,11,2020-11,Renfrew-Collingwood,190,90,35,24,11,7,9,7,7,0
2020,12,2020-12,Renfrew-Collingwood,172,80,47,21,4,2,6,10,2,0
2021,1,2021-01,Renfrew-Collingwood,183,96,36,27,6,5,3,8,2,0
2021,2,2021-02,Renfrew-Collingwood,173,94,29,18,15,6,8,3,0,0
2021,3,2021-03,Renfrew-Collingwood,158,88,25,14,12,5,5,6,3,0
2021,4,2021-04,Renfrew-Collingwood,132,68,24,12,9,5,5,5,4,0
2021,5,2021-05,Renfrew-Collingwood,185,93,38,18,10,11,3,7,5,0
2021,6,2021-06,Renfrew-Collingwood,154,83,22,12,13,10,4,5,5,0
2021,7,2021-07,Renfrew-Collingwood,176,82,39,17,16,5,5,6,6,0
2021,8,2021-08,Renfrew-Collingwood,135,69,32,7,8,9,2,3,5,0
2021,9,2021-09,Renfrew-Collingwood,173,77,40,25,12,4,3,6,6,0
2021,10,2021-10,Renfrew-Collingwood,154,66,23,28,13,6,5,12,1,0
2021,11,2021-11,Renfrew-Collingwood,176,102,23,15,19,6,4,5,2,0
2021,12,2021-12,Renfrew-Collingwood,153,81,24,20,10,4,7,7,0,0
2022,1,2022-01,Renfrew-Collingwood,194,103,41,17,9,8,7,7,2,0
2022,2,2022-02,Renfrew-Collingwood,166,96,25,19,11,5,3,7,0,0
2022,3,2022-03,Renfrew-Collingwood,181,120,19,15,14,2,2,6,3,0
2022,4,2022-04,Renfrew-Collingwood,214,123,36,23,9,3,5,6,9,0
2022,5,2022-05,Renfrew-Collingwood,195,127,25,13,11,7,4,6,2,0
2022,6,2022-06,Renfrew-Collingwood,179,89,35,12,11,8,7,8,9,0
2022,7,2022-07,Renfrew-Collingwood,202,116,37,17,9,4,4,11,4,0
2022,8,2022-08,Renfrew-Collingwood,239,142,37,20,20,10,3,3,4,0
2022,9,2022-09,Renfrew-Collingwood,192,98,35,23,15,3,6,5,7,0
2022,10,2022-10,Renfrew-Collingwood,194,106,42,10,14,9,1,7,5,0
2022,11,2022-11,Renfrew-Collingwood,206,111,45,16,12,13,0,6,3,0
2022,12,2022-12,Renfrew-Collingwood,138,86,23,11,11,2,2,2,1,0
2023,1,2023-01,Renfrew-Collingwood,169,89,35,14,12,5,6,3,5,0
2023,2,2023-02,Renfrew-Collingwood,204,140,29,9,15,0,3,6,2,0
2023,3,2023-03,Renfrew-Collingwood,195,136,18,14,3,4,13,5,2,0
2023,4,2023-04,Renfrew-Collingwood,217,108,44,25,14,7,12,6,1,0
2023,5,2023-05,Renfrew-Collingwood,228,151,26,17,18,6,3,5,2,0
2023,6,2023-06,Renfrew-Collingwood,235,158,32,13,12,7,6,4,3,0
2023,7,2023-07,Renfrew-Collingwood,226,144,35,18,9,7,4,7,2,0
2023,8,2023-08,Renfrew-Collingwood,216,152,17,17,14,4,9,2,1,0
2023,9,2023-09,Renfrew-Collingwood,241,151,27,26,14,5,7,7,4,0
2023,10,2023-10,Renfrew-Collingwood,211,120,35,19,6,13,13,2,3,0
2023,11,2023-11,Renfrew-Collingwood,201,136,19,17,10,6,9,2,2,0
2023,12,2023-12,Renfrew-Collingwood,178,103,21,25,5,9,12,3,0,0
2024,1,2024-01,Renfrew-Collingwood,203,108,29,28,19,3,11,3,2,0
2024,2,2024-02,Renfrew-Collingwood,202,117,28,14,17,13,7,3,3,0
2024,3,2024-03,Renfrew-Collingwood,165,93,25,24,9,4,5,4,1,0
2024,4,2024-04,Renfrew-Collingwood,196,117,30,18,11,4,9,4,3,0
2024,5,2024-05,Renfrew-Collingwood,214,134,17,27,4,15,5,8,4,0
2024,6,2024-06,Renfrew-Collingwood,177,111,27,13,11,6,4,4,1,0
2024,7,2024-07,Renfrew-Collingwood,185,131,12,14,12,6,4,3,3,0
2024,8,2024-08,Renfrew-Collingwood,218,162,14,16,7,9,3,5,2,0
2024,9,2024-09,Renfrew-Collingwood,146,79,16,21,11,6,4,8,1,0
2024,10,2024-10,Renfrew-Collingwood,208,143,12,21,13,9,4,3,3,0
2024,11,2024-11,Renfrew-Collingwood,151,109,10,9,13,3,3,3,1,0
2024,12,2024-12,Renfrew-Collingwood,168,108,5,31,9,5,6,3,1,0
2025,1,2025-01,Renfrew-Collingwood,194,129,20,21,8,6,5,5,0,0
2025,2,2025-02,Renfrew-Collingwood,162,127,12,12,8,0,2,1,0,0
2025,3,2025-03,Renfrew-Collingwood,153,105,12,18,9,3,1,4,1,0
2025,4,2025-04,Renfrew-Collingwood,180,132,20,14,8,1,5,0,0,0
2025,5,2025-05,Renfrew-Collingwood,229,163,21,17,12,2,3,8,3,0
2025,6,2025-06,Renfrew-Collingwood,198,147,11,14,10,5,3,7,1,0
2025,7,2025-07,Renfrew-Collingwood,219,145,17,16,21,8,5,7,0,0
2025,8,2025-08,Renfrew-Collingwood,222,153,16,16,16,11,5,3,2,0
2025,9,2025-09,Renfrew-Collingwood,169,105,15,14,17,8,4,4,2,0
2025,10,2025-10,Renfrew-Collingwood,150,99,21,11,7,2,6,2,2,0
2025,11,2025-11,Renfrew-Collingwood,183,101,23,21,13,4,16,5,0,0
2025,12,2025-12,Renfrew-Collingwood,150,95,22,7,10,8,3,3,2,0
2026,1,2026-01,Renfrew-Collingwood,162,108,16,14,12,4,6,2,0,0
2026,2,2026-02,Renfrew-Collingwood,145,101,10,9,10,5,6,2,2,0
2026,3,2026-03,Renfrew-Collingwood,175,117,23,11,15,3,6,0,0,0
2026,4,2026-04,Renfrew-Collingwood,186,121,23,12,18,8,3,1,0,0
2026,5,2026-05,Renfrew-Collingwood,235,173,19,16,13,7,5,2,0,0
2026,6,2026-06,Renfrew-Collingwood,239,135,31,49,10,5,3,4,2,0
2026,7,2026-07,Renfrew-Collingwood,207,136,41,17,2,1,5,4,1,0
2026,8,2026-08,Renfrew-Collingwood,221,137,36,27,10,5,3,1,2,0
2026,9,2026-09,Renfrew-Collingwood,138,94,19,8,5,3,3,3,3,1
2003,1,2003-01,Riley Park,106,13,29,12,7,21,7,14,3,0
2003,2,2003-02,Riley Park,78,12,15,18,7,8,6,12,0,0
2003,3,2003-03,Riley Park,112,18,24,27,9,13,5,13,3,0
2003,4,2003-04,Riley Park,104,10,37,11,3,15,8,17,3,0
2003,5,2003-05,Riley Park,151,18,58,17,7,16,12,22,1,0
2003,6,2003-06,Riley Park,127,17,51,14,5,19,9,9,3,0
2003,7,2003-07,Riley Park,98,6,23,10,3,26,8,14,8,0
2003,8,2003-08,Riley Park,106,8,25,18,8,19,14,8,6,0
2003,9,2003-09,Riley Park,92,10,24,8,4,25,6,11,4,0
2003,10,2003-10,Riley Park,112,13,32,21,5,23,3,13,2,0
2003,11,2003-11,Riley Park,120,16,34,9,7,22,10,20,2,0
2003,12,2003-12,Riley Park,86,15,18,14,11,10,6,9,3,0
2004,1,2004-01,Riley Park,110,18,32,7,6,22,3,19,3,0
2004,2,2004-02,Riley Park,89,8,30,11,5,20,3,11,1,0
2004,3,2004-03,Riley Park,103,14,28,14,10,12,6,18,1,0
2004,4,2004-04,Riley Park,123,19,29,19,4,22,13,15,2,0
2004,5,2004-05,Riley Park,128,15,39,13,6,26,7,17,5,0
2004,6,2004-06,Riley Park,98,10,24,15,6,25,4,14,0,0
2004,7,2004-07,Riley Park,102,13,19,16,4,16,9,23,2,0
2004,8,2004-08,Riley Park,119,13,37,11,1,28,7,17,5,0
2004,9,2004-09,Riley Park,121,13,38,15,6,17,11,18,3,0
2004,10,2004-10,Riley Park,116,9,28,23,5,20,12,15,4,0
2004,11,2004-11,Riley Park,124,12,52,7,9,20,10,10,4,0
2004,12,2004-12,Riley Park,104,12,34,16,5,18,1,18,0,0
2005,1,2005-01,Riley Park,100,14,18,11,9,19,8,20,1,0
2005,2,2005-02,Riley Park,72,12,23,9,5,11,3,8,1,0
2005,3,2005-03,Riley Park,101,12,22,6,6,27,6,21,1,0
2005,4,2005-04,Riley Park,115,11,36,21,5,25,2,15,0,0
2005,5,2005-05,Riley Park,127,16,44,11,10,20,6,15,5,0
2005,6,2005-06,Riley Park,133,11,37,15,4,30,10,24,2,0
2005,7,2005-07,Riley Park,109,13,33,11,0,21,10,20,1,0
2005,8,2005-08,Riley Park,127,16,31,17,6,27,8,16,6,0
2005,9,2005-09,Riley Park,97,17,25,10,4,24,6,8,3,0
2005,10,2005-10,Riley Park,115,7,36,17,9,29,8,5,4,0
2005,11,2005-11,Riley Park,119,14,28,11,8,31,7,16,4,0
2005,12,2005-12,Riley Park,80,10,21,11,5,19,7,7,0,0
2006,1,2006-01,Riley Park,113,16,31,12,3,34,7,9,1,0
2006,2,2006-02,Riley Park,105,21,23,7,9,23,4,14,4,0
2006,3,2006-03,Riley Park,123,15,35,17,19,20,6,11,0,0
2006,4,2006-04,Riley Park,126,23,31,16,8,24,6,18,0,0
2006,5,2006-05,Riley Park,98,13,18,13,12,28,4,9,1,0
2006,6,2006-06,Riley Park,95,17,25,13,7,16,5,9,3,0
2006,7,2006-07,Riley Park,123,20,31,14,8,21,14,11,4,0
2006,8,2006-08,Riley Park,98,13,21,14,7,30,4,5,4,0
2006,9,2006-09,Riley Park,87,12,22,18,8,10,6,11,0,0
2006,10,2006-10,Riley Park,73,14,24,8,6,7,1,11,2,0
2006,11,2006-11,Riley Park,78,14,19,12,5,14,4,9,1,0
2006,12,2006-12,Riley Park,76,4,27,11,8,11,7,8,0,0
2007,1,2007-01,Riley Park,76,6,23,5,7,12,8,13,2,0
2007,2,2007-02,Riley Park,84,12,26,7,9,19,7,3,1,0
2007,3,2007-03,Riley Park,97,18,24,11,10,20,3,10,1,0
2007,4,2007-04,Riley Park,65,14,13,12,5,12,4,4,1,0
2007,5,2007-05,Riley Park,71,13,12,9,18,13,0,4,2,0
2007,6,2007-06,Riley Park,81,16,13,14,4,17,8,8,1,0
2007,7,2007-07,Riley Park,98,10,29,17,7,16,5,11,3,0
2007,8,2007-08,Riley Park,68,7,11,6,6,17,4,13,4,0
2007,9,2007-09,Riley Park,75,13,27,3,4,12,7,7,2,0
2007,10,2007-10,Riley Park,55,3,10,13,10,8,1,7,3,0
2007,11,2007-11,Riley Park,69,10,14,6,9,18,5,6,1,0
2007,12,2007-12,Riley Park,78,9,22,9,5,16,5,8,4,0
2008,1,2008-01,Riley Park,59,7,10,8,10,15,2,6,1,0
2008,2,2008-02,Riley Park,71,9,15,10,6,22,9,0,0,0
2008,3,2008-03,Riley Park,79,12,18,9,2,18,11,6,3,0
2008,4,2008-04,Riley Park,71,14,15,14,3,12,3,8,2,0
2008,5,2008-05,Riley Park,79,8,22,13,7,10,4,13,2,0
2008,6,2008-06,Riley Park,59,11,11,10,5,12,2,6,2,0
2008,7,2008-07,Riley Park,63,8,14,11,3,14,5,7,1,0
2008,8,2008-08,Riley Park,98,11,34,11,8,22,4,7,1,0
2008,9,2008-09,Riley Park,90,16,32,5,4,15,5,9,4,0
2008,10,2008-10,Riley Park,89,9,31,17,9,13,4,5,1,0
2008,11,2008-11,Riley Park,85,11,22,11,3,30,0,6,2,0
2008,12,2008-12,Riley Park,76,18,28,11,1,14,2,1,1,0
2009,1,2009-01,Riley Park,55,8,6,18,3,10,3,5,2,0
2009,2,2009-02,Riley Park,61,10,19,7,5,7,4,9,0,0
2009,3,2009-03,Riley Park,68,14,18,9,3,8,5,10,1,0
2009,4,2009-04,Riley Park,69,11,23,9,5,9,5,4,3,0
2009,5,2009-05,Riley Park,83,8,19,24,2,13,7,7,3,0
2009,6,2009-06,Riley Park,80,12,31,8,2,7,5,11,4,0
2009,7,2009-07,Riley Park,85,12,21,13,7,13,6,9,4,0
2009,8,2009-08,Riley Park,66,9,16,7,7,17,3,5,2,0
2009,9,2009-09,Riley Park,66,5,13,12,5,16,6,3,6,0
2009,10,2009-10,Riley Park,65,4,19,8,5,22,2,2,3,0
2009,11,2009-11,Riley Park,65,7,16,10,3,19,2,5,3,0
2009,12,2009-12,Riley Park,61,11,14,10,3,8,7,6,2,0
2010,1,2010-01,Riley Park,57,6,20,9,7,8,1,4,2,0
2010,2,2010-02,Riley Park,58,7,11,7,8,14,4,5,2,0
2010,3,2010-03,Riley Park,83,19,20,5,9,24,3,2,1,0
2010,4,2010-04,Riley Park,70,10,10,10,5,20,4,5,6,0
2010,5,2010-05,Riley Park,46,5,7,9,5,15,1,1,3,0
2010,6,2010-06,Riley Park,49,7,12,10,6,8,2,3,1,0
2010,7,2010-07,Riley Park,51,11,14,8,4,9,1,2,2,0
2010,8,2010-08,Riley Park,71,11,11,9,8,18,3,3,8,0
2010,9,2010-09,Riley Park,73,11,27,7,6,8,7,2,5,0
2010,10,2010-10,Riley Park,130,14,52,21,7,18,2,2,14,0
2010,11,2010-11,Riley Park,73,9,26,7,3,9,12,1,6,0
2010,12,2010-12,Riley Park,53,5,16,8,9,8,3,2,2,0
2011,1,2011-01,Riley Park,69,9,22,13,4,13,4,3,1,0
2011,2,2011-02,Riley Park,60,16,16,6,2,10,6,2,2,0
2011,3,2011-03,Riley Park,75,17,16,12,6,16,2,1,5,0
2011,4,2011-04,Riley Park,54,18,9,16,1,3,3,1,3,0
2011,5,2011-05,Riley Park,65,12,12,7,10,14,7,1,2,0
2011,6,2011-06,Riley Park,57,14,11,15,2,7,1,1,6,0
2011,7,2011-07,Riley Park,69,14,14,6,7,11,1,9,7,0
2011,8,2011-08,Riley Park,74,13,22,14,3,11,2,7,2,0
2011,9,2011-09,Riley Park,73,20,17,8,7,10,3,5,3,0
2011,10,2011-10,Riley Park,70,7,26,10,5,14,3,1,4,0
2011,11,2011-11,Riley Park,83,11,22,10,6,20,11,1,2,0
2011,12,2011-12,Riley Park,73,12,21,12,1,20,3,1,3,0
2012,1,2012-01,Riley Park,58,8,17,4,5,16,3,0,5,0
2012,2,2012-02,Riley Park,57,7,11,6,8,14,5,2,4,0
2012,3,2012-03,Riley Park,61,11,17,5,6,11,3,6,2,0
2012,4,2012-04,Riley Park,78,10,35,7,3,14,4,4,1,0
2012,5,2012-05,Riley Park,62,7,30,3,5,9,3,0,5,0
2012,6,2012-06,Riley Park,90,20,19,12,7,17,8,2,5,0
2012,7,2012-07,Riley Park,68,19,15,9,2,9,3,5,6,0
2012,8,2012-08,Riley Park,78,19,14,11,4,15,4,5,6,0
2012,9,2012-09,Riley Park,64,13,20,12,7,6,3,1,2,0
2012,10,2012-10,Riley Park,71,16,12,6,9,15,5,2,6,0
2012,11,2012-11,Riley Park,112,10,35,13,8,34,6,4,2,0
2012,12,2012-12,Riley Park,75,15,23,10,3,17,3,2,2,0
2013,1,2013-01,Riley Park,90,18,28,1,6,28,2,4,3,0
2013,2,2013-02,Riley Park,63,10,19,7,7,3,10,3,4,0
2013,3,2013-03,Riley Park,60,15,10,8,8,11,4,2,2,0
2013,4,2013-04,Riley Park,90,20,34,6,5,12,5,3,5,0
2013,5,2013-05,Riley Park,107,21,40,15,3,16,3,3,6,0
2013,6,2013-06,Riley Park,86,21,32,7,6,10,0,2,8,0
2013,7,2013-07,Riley Park,97,14,36,8,9,11,3,3,13,0
2013,8,2013-08,Riley Park,76,22,18,9,4,14,0,1,8,0
2013,9,2013-09,Riley Park,87,16,25,14,6,12,4,3,7,0
2013,10,2013-10,Riley Park,81,14,29,9,3,16,3,3,4,0
2013,11,2013-11,Riley Park,72,5,37,8,3,11,3,0,5,0
2013,12,2013-12,Riley Park,68,22,18,7,7,7,3,3,1,0
2014,1,2014-01,Riley Park,68,16,16,10,2,16,2,3,3,0
2014,2,2014-02,Riley Park,56,16,17,7,3,9,1,1,2,0
2014,3,2014-03,Riley Park,65,11,29,5,4,7,5,4,0,0
2014,4,2014-04,Riley Park,65,12,26,4,3,8,3,5,4,0
2014,5,2014-05,Riley Park,105,19,37,8,5,15,8,6,7,0
2014,6,2014-06,Riley Park,93,25,30,8,5,11,4,4,6,0
2014,7,2014-07,Riley Park,114,25,43,4,6,23,4,4,5,0
2014,8,2014-08,Riley Park,80,18,27,9,6,6,7,4,3,0
2014,9,2014-09,Riley Park,65,13,21,5,4,11,2,0,9,0
2014,10,2014-10,Riley Park,78,20,21,7,4,14,3,6,3,0
2014,11,2014-11,Riley Park,67,19,20,6,7,3,4,3,5,0
2014,12,2014-12,Riley Park,68,12,17,13,4,9,2,5,6,0
2015,1,2015-01,Riley Park,83,21,24,9,5,12,7,2,3,0
2015,2,2015-02,Riley Park,57,20,19,4,4,4,3,3,0,0
2015,3,2015-03,Riley Park,67,23,20,8,2,4,5,2,3,0
2015,4,2015-04,Riley Park,59,13,25,6,1,9,1,1,3,0
2015,5,2015-05,Riley Park,92,13,30,7,9,18,4,5,6,0
2015,6,2015-06,Riley Park,80,15,28,11,2,12,1,4,7,0
2015,7,2015-07,Riley Park,69,11,19,5,3,21,1,3,6,0
2015,8,2015-08,Riley Park,81,13,23,9,1,13,4,8,10,0
2015,9,2015-09,Riley Park,68,14,17,9,4,9,3,2,10,0
2015,10,2015-10,Riley Park,94,11,34,12,4,14,4,5,10,0
2015,11,2015-11,Riley Park,84,7,27,13,2,21,6,4,4,0
2015,12,2015-12,Riley Park,103,19,36,9,4,21,3,7,4,0
2016,1,2016-01,Riley Park,89,12,36,7,6,19,2,6,1,0
2016,2,2016-02,Riley Park,94,7,38,6,6,24,6,4,3,0
2016,3,2016-03,Riley Park,125,15,53,11,5,22,9,7,3,0
2016,4,2016-04,Riley Park,84,14,27,10,3,13,7,2,8,0
2016,5,2016-05,Riley Park,80,9,35,10,5,8,3,2,8,0
2016,6,2016-06,Riley Park,66,10,26,1,7,8,2,4,8,0
2016,7,2016-07,Riley Park,88,22,28,4,2,15,6,4,7,0
2016,8,2016-08,Riley Park,98,16,30,8,4,21,10,1,8,0
2016,9,2016-09,Riley Park,111,17,39,6,3,25,4,5,12,0
2016,10,2016-10,Riley Park,93,12,28,13,6,14,4,4,12,0
2016,11,2016-11,Riley Park,70,7,23,8,4,13,6,5,4,0
2016,12,2016-12,Riley Park,54,9,18,4,4,7,6,5,1,0
2017,1,2017-01,Riley Park,66,5,25,6,6,14,7,1,2,0
2017,2,2017-02,Riley Park,35,6,12,2,0,8,5,2,0,0
2017,3,2017-03,Riley Park,75,14,21,7,4,12,5,7,5,0
2017,4,2017-04,Riley Park,78,18,25,6,5,13,4,4,3,0
2017,5,2017-05,Riley Park,82,15,22,14,2,16,2,4,7,0
2017,6,2017-06,Riley Park,90,13,42,11,1,7,2,5,9,0
2017,7,2017-07,Riley Park,89,9,33,8,4,12,5,7,11,0
2017,8,2017-08,Riley Park,75,15,25,4,2,12,6,4,7,0
2017,9,2017-09,Riley Park,90,14,30,6,4,19,4,6,7,0
2017,10,2017-10,Riley Park,97,13,33,22,4,9,6,7,3,0
2017,11,2017-11,Riley Park,92,17,30,9,4,18,9,4,1,0
2017,12,2017-12,Riley Park,91,15,38,15,2,9,5,5,2,0
2018,1,2018-01,Riley Park,86,16,25,10,3,17,7,6,2,0
2018,2,2018-02,Riley Park,83,14,33,11,6,11,4,1,3,0
2018,3,2018-03,Riley Park,70,17,29,8,4,5,1,3,3,0
2018,4,2018-04,Riley Park,87,13,44,9,5,10,1,2,3,0
2018,5,2018-05,Riley Park,103,25,40,11,1,13,2,4,7,0
2018,6,2018-06,Riley Park,96,17,34,12,3,9,9,5,7,0
2018,7,2018-07,Riley Park,83,17,31,14,3,10,3,2,3,0
2018,8,2018-08,Riley Park,65,11,30,10,2,6,0,2,4,0
2018,9,2018-09,Riley Park,72,14,22,11,3,9,3,4,6,0
2018,10,2018-10,Riley Park,84,16,28,14,4,10,3,4,5,0
2018,11,2018-11,Riley Park,87,20,23,15,6,14,2,2,5,0
2018,12,2018-12,Riley Park,99,19,39,15,8,8,1,4,5,0
2019,1,2019-01,Riley Park,68,18,26,11,4,4,2,1,2,0
2019,2,2019-02,Riley Park,88,28,34,12,1,9,0,2,2,0
2019,3,2019-03,Riley Park,85,24,29,10,3,10,3,1,5,0
2019,4,2019-04,Riley Park,99,20,40,8,6,10,1,5,9,0
2019,5,2019-05,Riley Park,108,22,45,7,2,14,3,8,7,0
2019,6,2019-06,Riley Park,94,21,35,8,4,9,6,7,4,0
2019,7,2019-07,Riley Park,114,21,41,6,2,10,9,12,13,0
2019,8,2019-08,Riley Park,86,21,32,8,2,9,5,4,5,0
2019,9,2019-09,Riley Park,105,34,37,10,3,7,2,5,7,0
2019,10,2019-10,Riley Park,104,24,43,9,4,10,5,8,1,0
2019,11,2019-11,Riley Park,110,28,39,11,6,8,7,5,6,0
2019,12,2019-12,Riley Park,108,32,28,8,2,20,5,7,6,0
2020,1,2020-01,Riley Park,99,37,30,12,4,11,4,1,0,0
2020,2,2020-02,Riley Park,104,24,33,15,5,14,6,4,3,0
2020,3,2020-03,Riley Park,79,18,21,7,5,17,8,2,1,0
2020,4,2020-04,Riley Park,89,13,31,8,4,11,14,2,6,0
2020,5,2020-05,Riley Park,43,4,9,7,5,12,3,0,3,0
2020,6,2020-06,Riley Park,58,9,11,11,4,9,3,3,8,0
2020,7,2020-07,Riley Park,48,6,18,3,2,7,3,1,8,0
2020,8,2020-08,Riley Park,68,15,21,14,1,9,2,3,3,0
2020,9,2020-09,Riley Park,66,11,27,10,5,7,3,2,1,0
2020,10,2020-10,Riley Park,65,12,11,12,3,6,8,3,10,0
2020,11,2020-11,Riley Park,67,8,21,8,8,13,5,3,1,0
2020,12,2020-12,Riley Park,82,6,29,12,5,16,7,2,5,0
2021,1,2021-01,Riley Park,77,8,27,13,0,15,4,5,5,0
2021,2,2021-02,Riley Park,63,6,22,14,2,10,4,0,5,0
2021,3,2021-03,Riley Park,60,8,13,14,6,3,8,3,5,0
2021,4,2021-04,Riley Park,58,3,22,10,2,8,9,0,4,0
2021,5,2021-05,Riley Park,60,4,19,15,4,6,4,2,6,0
2021,6,2021-06,Riley Park,58,7,24,10,4,7,4,1,1,0
2021,7,2021-07,Riley Park,75,12,30,8,2,7,7,2,7,0
2021,8,2021-08,Riley Park,57,10,18,10,5,4,1,4,5,0
2021,9,2021-09,Riley Park,70,4,24,16,5,9,4,4,4,0
2021,10,2021-10,Riley Park,49,7,14,6,1,13,3,3,2,0
2021,11,2021-11,Riley Park,50,8,20,5,3,3,3,3,5,0
2021,12,2021-12,Riley Park,34,8,9,5,4,5,1,2,0,0
2022,1,2022-01,Riley Park,47,7,14,9,4,5,2,4,2,0
2022,2,2022-02,Riley Park,35,5,16,4,5,1,2,1,1,0
2022,3,2022-03,Riley Park,77,13,28,12,4,5,4,4,7,0
2022,4,2022-04,Riley Park,83,10,32,20,1,11,3,2,4,0
2022,5,2022-05,Riley Park,46,13,11,12,3,3,2,2,0,0
2022,6,2022-06,Riley Park,51,7,14,10,1,6,5,2,6,0
2022,7,2022-07,Riley Park,71,18,18,14,7,7,1,5,1,0
2022,8,2022-08,Riley Park,62,24,7,9,6,3,5,7,1,0
2022,9,2022-09,Riley Park,57,14,16,11,5,1,4,4,2,0
2022,10,2022-10,Riley Park,39,16,8,3,4,2,2,1,3,0
2022,11,2022-11,Riley Park,53,20,14,7,2,4,3,3,0,0
2022,12,2022-12,Riley Park,41,12,10,4,2,3,7,2,1,0
2023,1,2023-01,Riley Park,68,21,13,16,6,6,2,2,2,0
2023,2,2023-02,Riley Park,45,15,8,3,5,6,1,4,3,0
2023,3,2023-03,Riley Park,53,15,14,14,3,3,3,1,0,0
2023,4,2023-04,Riley Park,51,6,19,11,1,4,8,0,2,0
2023,5,2023-05,Riley Park,60,13,24,5,8,2,5,1,2,0
2023,6,2023-06,Riley Park,54,13,26,5,2,1,3,1,3,0
2023,7,2023-07,Riley Park,54,6,23,15,2,2,0,4,2,0
2023,8,2023-08,Riley Park,53,12,19,10,3,4,4,0,1,0
2023,9,2023-09,Riley Park,69,14,24,7,7,4,8,2,3,0
2023,10,2023-10,Riley Park,38,6,13,6,4,4,3,0,2,0
2023,11,2023-11,Riley Park,37,10,12,6,6,1,1,1,0,0
2023,12,2023-12,Riley Park,32,3,14,7,0,3,1,1,3,0
2024,1,2024-01,Riley Park,33,9,8,5,4,3,2,2,0,0
2024,2,2024-02,Riley Park,42,12,14,5,4,4,2,0,1,0
2024,3,2024-03,Riley Park,29,10,5,6,3,2,1,1,1,0
2024,4,2024-04,Riley Park,51,12,16,10,5,1,4,3,0,0
2024,5,2024-05,Riley Park,47,13,14,12,1,2,2,0,3,0
2024,6,2024-06,Riley Park,46,10,12,11,5,1,2,2,3,0
2024,7,2024-07,Riley Park,55,23,11,9,4,2,3,1,2,0
2024,8,2024-08,Riley Park,54,32,7,3,2,3,2,3,2,0
2024,9,2024-09,Riley Park,38,14,6,8,3,1,3,1,2,0
2024,10,2024-10,Riley Park,36,7,11,5,1,5,2,3,2,0
2024,11,2024-11,Riley Park,35,10,10,6,7,0,1,0,1,0
2024,12,2024-12,Riley Park,36,11,4,5,8,3,5,0,0,0
2025,1,2025-01,Riley Park,40,13,5,9,3,4,4,2,0,0
2025,2,2025-02,Riley Park,35,14,8,3,2,3,2,2,1,0
2025,3,2025-03,Riley Park,46,22,10,4,3,2,1,2,2,0
2025,4,2025-04,Riley Park,42,8,8,16,6,3,0,1,0,0
2025,5,2025-05,Riley Park,45,11,20,6,1,3,1,0,3,0
2025,6,2025-06,Riley Park,45,11,16,8,0,3,3,0,4,0
2025,7,2025-07,Riley Park,44,14,11,5,3,3,4,1,3,0
2025,8,2025-08,Riley Park,57,20,18,8,0,5,4,0,2,0
2025,9,2025-09,Riley Park,66,26,20,3,0,4,9,2,2,0
2025,10,2025-10,Riley Park,73,7,30,24,0,7,3,1,1,0
2025,11,2025-11,Riley Park,31,11,8,2,4,1,1,2,2,0
2025,12,2025-12,Riley Park,42,14,9,4,5,5,1,0,4,0
2026,1,2026-01,Riley Park,59,19,11,21,2,2,1,3,0,0
2026,2,2026-02,Riley Park,34,16,8,5,3,0,0,2,0,0
2026,3,2026-03,Riley Park,37,15,15,3,2,0,2,0,0,0
2026,4,2026-04,Riley Park,39,17,7,4,5,2,3,0,1,0
2026,5,2026-05,Riley Park,53,22,11,9,1,1,5,2,2,0
2026,6,2026-06,Riley Park,46,21,12,6,5,0,1,1,0,0
2026,7,2026-07,Riley Park,65,28,24,8,1,1,1,1,1,0
2026,8,2026-08,Riley Park,72,25,19,14,3,5,1,2,3,0
2026,9,2026-09,Riley Park,32,8,10,4,1,3,3,2,1,1
2003,1,2003-01,Shaughnessy,57,4,12,5,3,31,0,1,1,0
2003,2,2003-02,Shaughnessy,33,3,5,6,1,12,2,3,1,0
2003,3,2003-03,Shaughnessy,43,4,9,7,6,10,1,6,0,0
2003,4,2003-04,Shaughnessy,44,7,6,1,3,19,0,7,1,0
2003,5,2003-05,Shaughnessy,54,7,12,9,2,15,3,6,0,0
2003,6,2003-06,Shaughnessy,44,5,16,3,4,12,1,1,2,0
2003,7,2003-07,Shaughnessy,47,3,9,6,2,21,1,3,2,0
2003,8,2003-08,Shaughnessy,47,5,11,4,3,17,1,5,1,0
2003,9,2003-09,Shaughnessy,45,7,13,3,1,18,0,1,2,0
2003,10,2003-10,Shaughnessy,53,3,12,5,1,19,1,11,1,0
2003,11,2003-11,Shaughnessy,57,10,13,6,1,19,1,4,3,0
2003,12,2003-12,Shaughnessy,37,2,15,2,1,12,0,4,1,0
2004,1,2004-01,Shaughnessy,50,6,10,5,3,19,1,6,0,0
2004,2,2004-02,Shaughnessy,37,3,8,2,2,13,2,7,0,0
2004,3,2004-03,Shaughnessy,63,2,14,8,4,21,2,11,1,0
2004,4,2004-04,Shaughnessy,20,3,4,2,1,6,0,4,0,0
2004,5,2004-05,Shaughnessy,62,2,23,5,1,13,3,13,2,0
2004,6,2004-06,Shaughnessy,50,6,12,6,1,17,0,6,2,0
2004,7,2004-07,Shaughnessy,47,5,11,5,1,17,1,7,0,0
2004,8,2004-08,Shaughnessy,37,4,11,5,3,11,0,3,0,0
2004,9,2004-09,Shaughnessy,51,4,17,4,2,19,0,4,1,0
2004,10,2004-10,Shaughnessy,52,4,12,9,1,21,0,5,0,0
2004,11,2004-11,Shaughnessy,51,5,24,1,2,15,0,4,0,0
2004,12,2004-12,Shaughnessy,45,2,19,3,4,12,0,5,0,0
2005,1,2005-01,Shaughnessy,52,10,21,1,3,11,0,6,0,0
2005,2,2005-02,Shaughnessy,53,3,24,4,1,13,1,7,0,0
2005,3,2005-03,Shaughnessy,47,2,11,2,2,21,1,8,0,0
2005,4,2005-04,Shaughnessy,51,7,19,4,1,11,1,7,1,0
2005,5,2005-05,Shaughnessy,67,6,25,6,1,20,2,6,1,0
2005,6,2005-06,Shaughnessy,63,5,22,8,3,12,1,11,1,0
2005,7,2005-07,Shaughnessy,49,4,17,6,2,13,1,5,1,0
2005,8,2005-08,Shaughnessy,29,1,12,1,2,8,0,3,2,0
2005,9,2005-09,Shaughnessy,30,3,15,1,0,8,1,2,0,0
2005,10,2005-10,Shaughnessy,34,4,9,2,4,12,1,2,0,0
2005,11,2005-11,Shaughnessy,45,3,12,7,3,18,0,2,0,0
2005,12,2005-12,Shaughnessy,40,2,12,6,4,11,1,4,0,0
2006,1,2006-01,Shaughnessy,39,1,12,3,3,18,0,2,0,0
2006,2,2006-02,Shaughnessy,41,6,9,7,2,11,2,2,2,0
2006,3,2006-03,Shaughnessy,45,1,15,6,5,12,1,5,0,0
2006,4,2006-04,Shaughnessy,23,3,4,3,3,8,1,1,0,0
2006,5,2006-05,Shaughnessy,31,5,6,4,6,5,0,5,0,0
2006,6,2006-06,Shaughnessy,33,3,11,4,3,8,2,2,0,0
2006,7,2006-07,Shaughnessy,29,3,4,3,1,13,0,3,2,0
2006,8,2006-08,Shaughnessy,30,2,3,8,3,12,1,1,0,0
2006,9,2006-09,Shaughnessy,18,6,2,1,2,4,0,2,1,0
2006,10,2006-10,Shaughnessy,31,1,10,8,0,11,0,1,0,0
2006,11,2006-11,Shaughnessy,21,1,7,4,2,6,0,1,0,0
2006,12,2006-12,Shaughnessy,27,5,3,3,2,11,1,1,1,0
2007,1,2007-01,Shaughnessy,32,2,8,3,3,10,3,3,0,0
2007,2,2007-02,Shaughnessy,22,5,2,4,2,7,0,2,0,0
2007,3,2007-03,Shaughnessy,18,2,4,2,2,6,0,0,2,0
2007,4,2007-04,Shaughnessy,27,5,11,3,4,3,0,0,1,0
2007,5,2007-05,Shaughnessy,32,2,6,2,1,12,5,3,1,0
2007,6,2007-06,Shaughnessy,34,8,7,4,2,7,0,6,0,0
2007,7,2007-07,Shaughnessy,43,1,16,8,5,7,0,5,1,0
2007,8,2007-08,Shaughnessy,31,6,10,2,2,7,0,4,0,0
2007,9,2007-09,Shaughnessy,30,5,5,6,2,9,1,0,2,0
2007,10,2007-10,Shaughnessy,37,5,4,2,4,17,0,4,1,0
2007,11,2007-11,Shaughnessy,26,4,9,5,1,5,0,0,2,0
2007,12,2007-12,Shaughnessy,35,9,10,2,1,11,0,2,0,0
2008,1,2008-01,Shaughnessy,18,6,2,2,1,6,0,1,0,0
2008,2,2008-02,Shaughnessy,23,9,4,1,1,4,1,1,2,0
2008,3,2008-03,Shaughnessy,33,2,13,3,3,9,1,2,0,0
2008,4,2008-04,Shaughnessy,30,2,11,0,1,13,0,3,0,0
2008,5,2008-05,Shaughnessy,28,5,9,1,4,6,1,2,0,0
2008,6,2008-06,Shaughnessy,34,8,9,4,2,11,0,0,0,0
2008,7,2008-07,Shaughnessy,24,6,3,4,3,5,1,2,0,0
2008,8,2008-08,Shaughnessy,19,0,3,7,2,3,2,2,0,0
2008,9,2008-09,Shaughnessy,21,0,7,2,3,7,2,0,0,0
2008,10,2008-10,Shaughnessy,35,3,10,2,4,11,3,2,0,0
2008,11,2008-11,Shaughnessy,27,5,15,2,0,3,0,1,1,0
2008,12,2008-12,Shaughnessy,24,1,3,4,3,9,1,3,0,0
2009,1,2009-01,Shaughnessy,9,1,6,1,0,1,0,0,0,0
2009,2,2009-02,Shaughnessy,20,1,5,7,1,3,0,1,2,0
2009,3,2009-03,Shaughnessy,18,0,4,5,4,3,0,2,0,0
2009,4,2009-04,Shaughnessy,21,0,12,2,1,3,0,2,1,0
2009,5,2009-05,Shaughnessy,30,3,7,3,3,9,1,1,3,0
2009,6,2009-06,Shaughnessy,26,2,13,4,0,7,0,0,0,0
2009,7,2009-07,Shaughnessy,24,3,7,2,3,7,0,2,0,0
2009,8,2009-08,Shaughnessy,22,0,6,1,4,10,0,1,0,0
2009,9,2009-09,Shaughnessy,15,0,5,5,1,3,0,0,1,0
2009,10,2009-10,Shaughnessy,23,3,6,4,2,7,0,1,0,0
2009,11,2009-11,Shaughnessy,24,1,6,1,2,9,4,1,0,0
2009,12,2009-12,Shaughnessy,13,1,5,1,0,4,2,0,0,0
2010,1,2010-01,Shaughnessy,24,2,10,2,2,4,2,0,2,0
2010,2,2010-02,Shaughnessy,19,2,5,3,1,6,1,0,1,0
2010,3,2010-03,Shaughnessy,20,3,5,2,1,4,3,1,1,0
2010,4,2010-04,Shaughnessy,31,4,8,3,0,10,2,3,1,0
2010,5,2010-05,Shaughnessy,23,2,8,2,4,3,0,0,4,0
2010,6,2010-06,Shaughnessy,23,2,10,1,3,3,2,0,2,0
2010,7,2010-07,Shaughnessy,34,5,6,5,3,9,1,3,2,0
2010,8,2010-08,Shaughnessy,23,4,4,3,0,10,0,0,2,0
2010,9,2010-09,Shaughnessy,14,1,5,2,1,4,0,1,0,0
2010,10,2010-10,Shaughnessy,22,3,6,3,4,5,0,1,0,0
2010,11,2010-11,Shaughnessy,30,4,5,3,1,14,0,2,1,0
2010,12,2010-12,Shaughnessy,26,5,6,3,2,5,0,5,0,0
2011,1,2011-01,Shaughnessy,18,3,6,3,1,5,0,0,0,0
2011,2,2011-02,Shaughnessy,20,4,2,4,0,8,0,2,0,0
2011,3,2011-03,Shaughnessy,27,4,7,3,2,9,0,1,1,0
2011,4,2011-04,Shaughnessy,34,4,12,2,2,13,0,1,0,0
2011,5,2011-05,Shaughnessy,53,3,20,7,3,16,0,1,3,0
2011,6,2011-06,Shaughnessy,45,5,8,10,0,20,0,2,0,0
2011,7,2011-07,Shaughnessy,39,2,21,4,1,9,0,1,1,0
2011,8,2011-08,Shaughnessy,27,2,13,5,0,3,2,0,2,0
2011,9,2011-09,Shaughnessy,32,4,15,2,2,8,0,0,1,0
2011,10,2011-10,Shaughnessy,31,5,8,5,4,5,3,1,0,0
2011,11,2011-11,Shaughnessy,22,3,5,3,1,8,1,1,0,0
2011,12,2011-12,Shaughnessy,28,2,16,1,1,8,0,0,0,0
2012,1,2012-01,Shaughnessy,34,11,9,4,2,6,0,0,2,0
2012,2,2012-02,Shaughnessy,36,7,11,3,1,12,0,1,1,0
2012,3,2012-03,Shaughnessy,27,6,12,1,2,5,0,0,1,0
2012,4,2012-04,Shaughnessy,49,10,18,3,0,15,0,2,1,0
2012,5,2012-05,Shaughnessy,35,9,10,5,0,9,0,0,2,0
2012,6,2012-06,Shaughnessy,38,11,14,3,3,7,0,0,0,0
2012,7,2012-07,Shaughnessy,25,2,10,7,1,3,0,2,0,0
2012,8,2012-08,Shaughnessy,30,3,20,2,0,2,1,1,1,0
2012,9,2012-09,Shaughnessy,37,1,12,6,1,14,2,1,0,0
2012,10,2012-10,Shaughnessy,20,2,6,1,2,4,2,2,1,0
2012,11,2012-11,Shaughnessy,24,3,8,0,0,10,0,2,1,0
2012,12,2012-12,Shaughnessy,31,3,12,4,1,8,0,1,2,0
2013,1,2013-01,Shaughnessy,26,5,11,1,1,7,0,1,0,0
2013,2,2013-02,Shaughnessy,13,2,3,0,1,6,0,0,1,0
2013,3,2013-03,Shaughnessy,31,5,13,6,3,2,2,0,0,0
2013,4,2013-04,Shaughnessy,36,5,16,4,1,5,2,2,1,0
2013,5,2013-05,Shaughnessy,22,1,10,2,5,3,1,0,0,0
2013,6,2013-06,Shaughnessy,21,2,8,1,1,5,0,4,0,0
2013,7,2013-07,Shaughnessy,26,3,8,4,1,8,0,0,2,0
2013,8,2013-08,Shaughnessy,25,3,9,7,0,2,0,3,1,0
2013,9,2013-09,Shaughnessy,14,4,3,1,0,5,0,1,0,0
2013,10,2013-10,Shaughnessy,31,3,17,4,1,3,0,1,2,0
2013,11,2013-11,Shaughnessy,22,3,5,7,3,4,0,0,0,0
2013,12,2013-12,Shaughnessy,29,7,10,3,1,7,1,0,0,0
2014,1,2014-01,Shaughnessy,22,1,14,1,0,4,0,2,0,0
2014,2,2014-02,Shaughnessy,16,1,6,1,1,5,1,1,0,0
2014,3,2014-03,Shaughnessy,28,0,12,4,0,8,2,1,1,0
2014,4,2014-04,Shaughnessy,35,3,6,6,1,11,1,5,2,0
2014,5,2014-05,Shaughnessy,22,6,4,1,2,8,0,1,0,0
2014,6,2014-06,Shaughnessy,31,8,10,3,0,9,0,1,0,0
2014,7,2014-07,Shaughnessy,44,3,17,2,1,16,2,3,0,0
2014,8,2014-08,Shaughnessy,35,4,9,5,2,12,1,0,2,0
2014,9,2014-09,Shaughnessy,44,2,20,6,0,11,2,1,2,0
2014,10,2014-10,Shaughnessy,31,1,8,4,2,13,0,1,2,0
2014,11,2014-11,Shaughnessy,30,1,5,2,3,13,4,1,1,0
2014,12,2014-12,Shaughnessy,40,3,12,2,1,19,2,0,1,0
2015,1,2015-01,Shaughnessy,34,3,7,1,1,17,4,0,1,0
2015,2,2015-02,Shaughnessy,28,6,6,1,2,10,1,2,0,0
2015,3,2015-03,Shaughnessy,23,1,8,2,2,10,0,0,0,0
2015,4,2015-04,Shaughnessy,32,6,10,2,3,8,1,1,1,0
2015,5,2015-05,Shaughnessy,28,8,7,5,2,5,0,0,1,0
2015,6,2015-06,Shaughnessy,25,1,6,2,1,9,1,2,3,0
2015,7,2015-07,Shaughnessy,36,0,13,2,1,16,1,1,2,0
2015,8,2015-08,Shaughnessy,38,5,13,1,1,15,1,0,2,0
2015,9,2015-09,Shaughnessy,23,4,5,1,1,9,0,1,2,0
2015,10,2015-10,Shaughnessy,43,4,13,8,2,12,1,0,3,0
2015,11,2015-11,Shaughnessy,43,2,17,4,2,15,1,1,1,0
2015,12,2015-12,Shaughnessy,51,8,9,6,2,25,0,1,0,0
2016,1,2016-01,Shaughnessy,63,5,21,7,1,21,3,4,1,0
2016,2,2016-02,Shaughnessy,25,1,13,1,0,9,1,0,0,0
2016,3,2016-03,Shaughnessy,48,6,18,6,2,13,0,2,1,0
2016,4,2016-04,Shaughnessy,26,1,9,5,0,9,0,0,2,0
2016,5,2016-05,Shaughnessy,30,0,9,5,0,12,0,1,3,0
2016,6,2016-06,Shaughnessy,40,9,13,0,3,12,0,3,0,0
2016,7,2016-07,Shaughnessy,37,0,18,6,0,11,1,0,1,0
2016,8,2016-08,Shaughnessy,35,0,14,8,0,12,1,0,0,0
2016,9,2016-09,Shaughnessy,20,3,6,2,2,6,0,0,1,0
2016,10,2016-10,Shaughnessy,28,4,12,3,1,7,0,1,0,0
2016,11,2016-11,Shaughnessy,38,4,8,3,4,16,2,0,1,0
2016,12,2016-12,Shaughnessy,31,10,6,1,1,13,0,0,0,0
2017,1,2017-01,Shaughnessy,28,1,10,5,1,11,0,0,0,0
2017,2,2017-02,Shaughnessy,20,1,11,3,0,5,0,0,0,0
2017,3,2017-03,Shaughnessy,35,4,6,5,2,16,0,1,1,0
2017,4,2017-04,Shaughnessy,32,6,10,4,1,9,0,1,1,0
2017,5,2017-05,Shaughnessy,45,3,12,4,1,19,1,4,1,0
2017,6,2017-06,Shaughnessy,61,7,21,5,0,24,1,1,2,0
2017,7,2017-07,Shaughnessy,47,7,13,4,4,15,0,1,3,0
2017,8,2017-08,Shaughnessy,59,2,26,9,0,18,0,2,2,0
2017,9,2017-09,Shaughnessy,32,2,11,6,0,10,1,2,0,0
2017,10,2017-10,Shaughnessy,29,3,16,3,0,6,0,0,1,0
2017,11,2017-11,Shaughnessy,28,3,9,2,0,13,1,0,0,0
2017,12,2017-12,Shaughnessy,29,2,14,2,1,9,0,1,0,0
2018,1,2018-01,Shaughnessy,44,5,19,4,5,7,1,3,0,0
2018,2,2018-02,Shaughnessy,37,3,14,6,2,9,2,1,0,0
2018,3,2018-03,Shaughnessy,30,2,10,1,1,12,1,1,2,0
2018,4,2018-04,Shaughnessy,39,1,16,7,1,11,1,1,1,0
2018,5,2018-05,Shaughnessy,44,7,13,3,2,15,0,2,2,0
2018,6,2018-06,Shaughnessy,52,3,20,4,1,23,0,0,1,0
2018,7,2018-07,Shaughnessy,29,5,6,2,1,12,1,1,1,0
2018,8,2018-08,Shaughnessy,31,3,15,2,1,8,1,0,1,0
2018,9,2018-09,Shaughnessy,30,0,19,2,1,4,2,1,1,0
2018,10,2018-10,Shaughnessy,36,8,12,4,1,8,3,0,0,0
2018,11,2018-11,Shaughnessy,31,2,23,1,0,4,0,1,0,0
2018,12,2018-12,Shaughnessy,44,7,20,5,5,6,0,0,1,0
2019,1,2019-01,Shaughnessy,29,2,9,1,0,11,2,1,3,0
2019,2,2019-02,Shaughnessy,25,2,10,4,1,8,0,0,0,0
2019,3,2019-03,Shaughnessy,24,4,11,1,2,4,2,0,0,0
2019,4,2019-04,Shaughnessy,23,3,5,5,1,6,0,0,3,0
2019,5,2019-05,Shaughnessy,34,3,9,4,1,13,2,2,0,0
2019,6,2019-06,Shaughnessy,20,5,8,1,1,3,2,0,0,0
2019,7,2019-07,Shaughnessy,36,8,11,2,3,6,2,1,3,0
2019,8,2019-08,Shaughnessy,30,3,10,3,2,10,0,1,1,0
2019,9,2019-09,Shaughnessy,36,2,16,3,3,8,1,2,1,0
2019,10,2019-10,Shaughnessy,41,8,10,4,1,12,3,2,1,0
2019,11,2019-11,Shaughnessy,33,9,8,2,0,11,1,1,1,0
2019,12,2019-12,Shaughnessy,29,3,12,3,0,8,0,2,1,0
2020,1,2020-01,Shaughnessy,42,7,11,4,2,18,0,0,0,0
2020,2,2020-02,Shaughnessy,22,2,7,3,2,5,1,1,1,0
2020,3,2020-03,Shaughnessy,38,5,15,8,1,7,0,2,0,0
2020,4,2020-04,Shaughnessy,40,5,15,6,2,9,2,1,0,0
2020,5,2020-05,Shaughnessy,27,2,7,5,0,10,0,0,3,0
2020,6,2020-06,Shaughnessy,26,1,9,1,1,13,0,1,0,0
2020,7,2020-07,Shaughnessy,43,4,14,5,2,16,0,1,1,0
2020,8,2020-08,Shaughnessy,34,2,12,2,4,12,1,0,1,0
2020,9,2020-09,Shaughnessy,42,3,19,5,1,12,0,0,2,0
2020,10,2020-10,Shaughnessy,31,10,8,4,0,8,0,1,0,0
2020,11,2020-11,Shaughnessy,39,1,19,8,1,9,0,1,0,0
2020,12,2020-12,Shaughnessy,30,7,4,1,2,12,1,2,1,0
2021,1,2021-01,Shaughnessy,22,5,3,6,0,8,0,0,0,0
2021,2,2021-02,Shaughnessy,22,1,9,2,1,7,1,0,1,0
2021,3,2021-03,Shaughnessy,13,2,5,3,0,2,0,0,1,0
2021,4,2021-04,Shaughnessy,34,3,8,6,0,10,1,2,4,0
2021,5,2021-05,Shaughnessy,21,2,6,6,1,4,2,0,0,0
2021,6,2021-06,Shaughnessy,23,3,7,4,1,4,3,1,0,0
2021,7,2021-07,Shaughnessy,28,7,9,6,0,4,0,2,0,0
2021,8,2021-08,Shaughnessy,29,3,12,6,1,4,0,2,1,0
2021,9,2021-09,Shaughnessy,26,6,5,4,0,4,1,2,4,0
2021,10,2021-10,Shaughnessy,24,4,13,2,1,3,0,1,0,0
2021,11,2021-11,Shaughnessy,17,3,7,0,2,5,0,0,0,0
2021,12,2021-12,Shaughnessy,23,2,6,4,2,3,2,3,1,0
2022,1,2022-01,Shaughnessy,23,3,9,2,2,3,1,3,0,0
2022,2,2022-02,Shaughnessy,28,3,10,3,0,5,2,3,2,0
2022,3,2022-03,Shaughnessy,24,3,11,2,0,3,2,1,2,0
2022,4,2022-04,Shaughnessy,37,8,12,3,3,5,2,3,1,0
2022,5,2022-05,Shaughnessy,22,3,2,6,1,6,2,1,1,0
2022,6,2022-06,Shaughnessy,19,4,8,1,0,6,0,0,0,0
2022,7,2022-07,Shaughnessy,25,3,4,4,1,11,0,2,0,0
2022,8,2022-08,Shaughnessy,20,2,4,4,3,2,1,4,0,0
2022,9,2022-09,Shaughnessy,22,3,7,4,4,3,0,1,0,0
2022,10,2022-10,Shaughnessy,20,1,4,5,1,9,0,0,0,0
2022,11,2022-11,Shaughnessy,13,4,3,2,1,2,0,1,0,0
2022,12,2022-12,Shaughnessy,17,2,5,0,4,5,1,0,0,0
2023,1,2023-01,Shaughnessy,14,3,4,2,0,4,1,0,0,0
2023,2,2023-02,Shaughnessy,20,5,3,1,2,5,1,1,2,0
2023,3,2023-03,Shaughnessy,16,4,3,3,1,4,1,0,0,0
2023,4,2023-04,Shaughnessy,19,3,4,3,6,2,1,0,0,0
2023,5,2023-05,Shaughnessy,23,1,9,1,6,4,0,1,1,0
2023,6,2023-06,Shaughnessy,15,2,5,1,4,1,0,0,2,0
2023,7,2023-07,Shaughnessy,17,3,9,1,1,3,0,0,0,0
2023,8,2023-08,Shaughnessy,14,1,5,3,2,2,0,1,0,0
2023,9,2023-09,Shaughnessy,16,1,5,0,2,5,1,1,1,0
2023,10,2023-10,Shaughnessy,16,6,4,2,1,2,0,1,0,0
2023,11,2023-11,Shaughnessy,14,3,4,4,1,1,0,0,1,0
2023,12,2023-12,Shaughnessy,23,3,9,6,2,3,0,0,0,0
2024,1,2024-01,Shaughnessy,24,2,1,6,1,14,0,0,0,0
2024,2,2024-02,Shaughnessy,22,5,2,5,4,5,0,0,1,0
2024,3,2024-03,Shaughnessy,25,2,9,11,1,1,0,1,0,0
2024,4,2024-04,Shaughnessy,31,7,13,6,1,3,1,0,0,0
2024,5,2024-05,Shaughnessy,19,2,7,0,2,1,3,2,2,0
2024,6,2024-06,Shaughnessy,14,2,5,1,3,2,0,0,1,0
2024,7,2024-07,Shaughnessy,15,0,10,2,0,1,1,0,1,0
2024,8,2024-08,Shaughnessy,22,4,5,3,1,6,1,1,1,0
2024,9,2024-09,Shaughnessy,18,3,5,4,3,1,2,0,0,0
2024,10,2024-10,Shaughnessy,21,4,3,3,2,7,1,1,0,0
2024,11,2024-11,Shaughnessy,30,5,14,4,0,5,0,0,2,0
2024,12,2024-12,Shaughnessy,23,3,8,4,2,4,1,1,0,0
2025,1,2025-01,Shaughnessy,13,2,1,4,1,5,0,0,0,0
2025,2,2025-02,Shaughnessy,10,2,2,1,1,4,0,0,0,0
2025,3,2025-03,Shaughnessy,13,6,1,1,1,3,0,1,0,0
2025,4,2025-04,Shaughnessy,9,2,2,0,2,1,1,1,0,0
2025,5,2025-05,Shaughnessy,21,7,4,1,1,4,2,0,2,0
2025,6,2025-06,Shaughnessy,12,4,3,2,2,1,0,0,0,0
2025,7,2025-07,Shaughnessy,12,2,2,4,1,1,1,1,0,0
2025,8,2025-08,Shaughnessy,20,4,7,4,2,1,2,0,0,0
2025,9,2025-09,Shaughnessy,22,3,12,3,2,1,0,0,1,0
2025,10,2025-10,Shaughnessy,16,1,6,7,0,1,0,0,1,0
2025,11,2025-11,Shaughnessy,7,1,1,3,1,1,0,0,0,0
2025,12,2025-12,Shaughnessy,13,2,2,2,3,3,0,1,0,0
2026,1,2026-01,Shaughnessy,9,2,0,2,1,3,0,0,1,0
2026,2,2026-02,Shaughnessy,20,2,5,4,4,5,0,0,0,0
2026,3,2026-03,Shaughnessy,15,3,2,4,1,1,2,2,0,0
2026,4,2026-04,Shaughnessy,13,4,4,1,2,0,1,0,1,0
2026,5,2026-05,Shaughnessy,26,11,5,4,1,5,0,0,0,0
2026,6,2026-06,Shaughnessy,20,6,5,2,4,2,1,0,0,0
2026,7,2026-07,Shaughnessy,22,2,14,2,1,3,0,0,0,0
2026,8,2026-08,Shaughnessy,24,3,8,5,4,3,0,0,1,0
2026,9,2026-09,Shaughnessy,7,1,3,1,0,1,1,0,0,1
2003,1,2003-01,South Cambie,70,17,9,10,7,11,7,9,0,0
2003,2,2003-02,South Cambie,41,12,5,5,0,6,4,9,0,0
2003,3,2003-03,South Cambie,42,13,7,2,0,13,3,4,0,0
2003,4,2003-04,South Cambie,48,11,16,4,2,8,3,4,0,0
2003,5,2003-05,South Cambie,70,12,17,13,1,12,4,10,1,0
2003,6,2003-06,South Cambie,54,9,20,5,0,11,5,3,1,0
2003,7,2003-07,South Cambie,52,7,17,3,0,15,1,6,3,0
2003,8,2003-08,South Cambie,67,19,8,7,1,14,7,9,2,0
2003,9,2003-09,South Cambie,54,12,14,2,2,12,1,8,3,0
2003,10,2003-10,South Cambie,56,12,9,8,3,12,1,11,0,0
2003,11,2003-11,South Cambie,55,12,23,5,1,5,2,7,0,0
2003,12,2003-12,South Cambie,33,11,5,5,3,5,0,4,0,0
2004,1,2004-01,South Cambie,40,11,6,2,2,10,1,7,1,0
2004,2,2004-02,South Cambie,56,12,20,5,2,9,2,5,1,0
2004,3,2004-03,South Cambie,50,12,15,7,0,10,0,6,0,0
2004,4,2004-04,South Cambie,29,8,5,6,1,7,0,2,0,0
2004,5,2004-05,South Cambie,51,7,16,5,0,12,1,8,2,0
2004,6,2004-06,South Cambie,46,11,11,3,1,9,1,10,0,0
2004,7,2004-07,South Cambie,47,15,9,6,1,9,3,4,0,0
2004,8,2004-08,South Cambie,34,11,3,4,0,11,1,3,1,0
2004,9,2004-09,South Cambie,40,5,9,8,3,7,4,4,0,0
2004,10,2004-10,South Cambie,56,11,15,6,1,10,7,3,3,0
2004,11,2004-11,South Cambie,62,7,30,5,6,8,2,4,0,0
2004,12,2004-12,South Cambie,39,8,9,3,5,9,0,5,0,0
2005,1,2005-01,South Cambie,45,5,17,2,0,6,2,12,1,0
2005,2,2005-02,South Cambie,43,5,17,4,1,5,2,8,1,0
2005,3,2005-03,South Cambie,56,12,16,5,0,11,5,6,1,0
2005,4,2005-04,South Cambie,36,7,9,4,1,7,2,6,0,0
2005,5,2005-05,South Cambie,64,15,23,2,2,10,5,6,1,0
2005,6,2005-06,South Cambie,36,8,5,7,1,7,1,3,4,0
2005,7,2005-07,South Cambie,47,10,15,1,1,9,5,5,1,0
2005,8,2005-08,South Cambie,41,9,11,4,2,8,3,4,0,0
2005,9,2005-09,South Cambie,46,9,12,5,1,9,2,4,4,0
2005,10,2005-10,South Cambie,36,7,11,5,0,8,2,2,1,0
2005,11,2005-11,South Cambie,34,6,6,5,1,8,3,3,2,0
2005,12,2005-12,South Cambie,41,10,10,4,3,8,2,3,1,0
2006,1,2006-01,South Cambie,50,9,21,5,2,7,4,2,0,0
2006,2,2006-02,South Cambie,36,9,12,1,3,3,2,6,0,0
2006,3,2006-03,South Cambie,42,13,12,3,2,5,1,6,0,0
2006,4,2006-04,South Cambie,37,11,8,2,2,3,4,7,0,0
2006,5,2006-05,South Cambie,37,10,9,3,1,8,2,3,1,0
2006,6,2006-06,South Cambie,29,7,1,5,1,8,4,2,1,0
2006,7,2006-07,South Cambie,26,5,4,2,2,6,1,3,3,0
2006,8,2006-08,South Cambie,26,4,7,2,0,4,0,5,4,0
2006,9,2006-09,South Cambie,44,10,8,2,4,9,3,7,1,0
2006,10,2006-10,South Cambie,26,3,6,5,2,2,0,4,4,0
2006,11,2006-11,South Cambie,41,4,10,5,3,9,5,5,0,0
2006,12,2006-12,South Cambie,30,4,18,2,2,1,1,2,0,0
2007,1,2007-01,South Cambie,25,5,5,2,3,4,4,2,0,0
2007,2,2007-02,South Cambie,26,4,3,2,0,12,1,3,1,0
2007,3,2007-03,South Cambie,29,5,8,1,3,9,1,1,1,0
2007,4,2007-04,South Cambie,21,8,2,3,1,4,0,3,0,0
2007,5,2007-05,South Cambie,46,9,16,6,1,4,3,5,2,0
2007,6,2007-06,South Cambie,26,8,3,3,2,4,1,4,1,0
2007,7,2007-07,South Cambie,27,7,3,1,1,5,3,6,1,0
2007,8,2007-08,South Cambie,37,6,7,6,1,9,3,3,2,0
2007,9,2007-09,South Cambie,25,6,3,6,0,7,0,2,1,0
2007,10,2007-10,South Cambie,29,10,4,2,0,6,0,4,3,0
2007,11,2007-11,South Cambie,35,11,2,4,3,13,1,1,0,0
2007,12,2007-12,South Cambie,27,5,9,4,0,3,4,2,0,0
2008,1,2008-01,South Cambie,34,12,8,5,0,5,2,2,0,0
2008,2,2008-02,South Cambie,26,12,2,2,2,3,2,2,1,0
2008,3,2008-03,South Cambie,22,5,2,2,2,9,1,1,0,0
2008,4,2008-04,South Cambie,38,5,11,3,2,8,3,4,2,0
2008,5,2008-05,South Cambie,32,9,4,3,0,7,6,2,1,0
2008,6,2008-06,South Cambie,22,6,3,0,2,8,1,2,0,0
2008,7,2008-07,South Cambie,25,5,7,1,0,7,2,2,1,0
2008,8,2008-08,South Cambie,26,6,4,1,2,7,5,0,1,0
2008,9,2008-09,South Cambie,19,4,7,1,3,0,0,1,3,0
2008,10,2008-10,South Cambie,27,9,8,2,1,5,0,1,1,0
2008,11,2008-11,South Cambie,43,8,15,3,2,11,2,2,0,0
2008,12,2008-12,South Cambie,20,10,3,0,2,3,1,1,0,0
2009,1,2009-01,South Cambie,27,11,3,2,0,9,2,0,0,0
2009,2,2009-02,South Cambie,26,10,6,0,1,5,1,2,1,0
2009,3,2009-03,South Cambie,47,12,6,7,1,12,5,3,1,0
2009,4,2009-04,South Cambie,24,8,3,5,0,4,1,2,1,0
2009,5,2009-05,South Cambie,40,8,5,4,2,11,5,2,3,0
2009,6,2009-06,South Cambie,35,2,20,3,1,5,1,1,2,0
2009,7,2009-07,South Cambie,31,10,10,3,1,4,0,3,0,0
2009,8,2009-08,South Cambie,25,9,4,0,2,2,1,4,3,0
2009,9,2009-09,South Cambie,44,13,12,2,3,6,6,2,0,0
2009,10,2009-10,South Cambie,33,12,6,3,0,9,3,0,0,0
2009,11,2009-11,South Cambie,20,4,2,1,2,8,2,0,1,0
2009,12,2009-12,South Cambie,29,14,2,3,1,7,2,0,0,0
2010,1,2010-01,South Cambie,36,14,4,2,2,10,0,0,4,0
2010,2,2010-02,South Cambie,21,13,1,3,1,3,0,0,0,0
2010,3,2010-03,South Cambie,38,12,4,10,2,8,1,0,1,0
2010,4,2010-04,South Cambie,26,8,5,3,2,4,0,2,2,0
2010,5,2010-05,South Cambie,34,6,9,3,2,11,0,1,2,0
2010,6,2010-06,South Cambie,33,10,4,4,3,6,0,2,4,0
2010,7,2010-07,South Cambie,16,7,2,2,0,0,1,0,4,0
2010,8,2010-08,South Cambie,26,11,3,3,3,2,0,2,2,0
2010,9,2010-09,South Cambie,29,8,5,7,2,4,1,2,0,0
2010,10,2010-10,South Cambie,45,6,20,7,1,4,2,2,3,0
2010,11,2010-11,South Cambie,21,7,11,1,0,2,0,0,0,0
2010,12,2010-12,South Cambie,18,4,7,2,0,4,1,0,0,0
2011,1,2011-01,South Cambie,23,8,3,4,2,4,1,1,0,0
2011,2,2011-02,South Cambie,32,8,10,3,1,6,2,1,1,0
2011,3,2011-03,South Cambie,21,6,4,4,0,3,1,3,0,0
2011,4,2011-04,South Cambie,26,11,3,4,2,3,0,2,1,0
2011,5,2011-05,South Cambie,17,6,5,2,0,2,1,0,1,0
2011,6,2011-06,South Cambie,34,13,5,4,2,4,1,3,2,0
2011,7,2011-07,South Cambie,29,16,1,1,2,4,2,1,2,0
2011,8,2011-08,South Cambie,35,10,15,4,1,2,1,0,2,0
2011,9,2011-09,South Cambie,26,12,5,2,2,2,0,1,2,0
2011,10,2011-10,South Cambie,20,8,4,3,0,4,1,0,0,0
2011,11,2011-11,South Cambie,32,13,6,2,4,4,2,1,0,0
2011,12,2011-12,South Cambie,34,9,4,8,1,10,0,1,1,0
2012,1,2012-01,South Cambie,33,7,6,3,3,12,1,1,0,0
2012,2,2012-02,South Cambie,23,9,3,2,1,6,1,0,1,0
2012,3,2012-03,South Cambie,17,7,1,4,0,2,1,1,1,0
2012,4,2012-04,South Cambie,36,7,10,2,3,10,2,0,2,0
2012,5,2012-05,South Cambie,19,6,3,4,1,4,1,0,0,0
2012,6,2012-06,South Cambie,30,12,6,1,4,4,0,1,2,0
2012,7,2012-07,South Cambie,24,7,3,3,2,3,1,1,4,0
2012,8,2012-08,South Cambie,32,6,12,1,2,8,0,2,1,0
2012,9,2012-09,South Cambie,27,9,7,3,1,1,1,3,2,0
2012,10,2012-10,South Cambie,39,6,16,5,3,8,0,0,1,0
2012,11,2012-11,South Cambie,34,11,3,5,2,11,0,2,0,0
2012,12,2012-12,South Cambie,39,11,13,4,1,7,2,1,0,0
2013,1,2013-01,South Cambie,22,3,9,0,0,7,1,1,1,0
2013,2,2013-02,South Cambie,23,11,5,4,0,2,0,1,0,0
2013,3,2013-03,South Cambie,32,16,3,5,1,2,3,2,0,0
2013,4,2013-04,South Cambie,29,16,6,1,0,3,1,1,1,0
2013,5,2013-05,South Cambie,25,9,6,3,3,1,2,0,1,0
2013,6,2013-06,South Cambie,29,11,7,3,1,1,2,2,2,0
2013,7,2013-07,South Cambie,26,5,12,5,0,4,0,0,0,0
2013,8,2013-08,South Cambie,16,4,4,3,1,3,1,0,0,0
2013,9,2013-09,South Cambie,30,11,8,1,1,5,1,2,1,0
2013,10,2013-10,South Cambie,17,6,5,2,1,2,1,0,0,0
2013,11,2013-11,South Cambie,43,11,14,3,0,11,1,3,0,0
2013,12,2013-12,South Cambie,32,13,4,5,3,5,0,2,0,0
2014,1,2014-01,South Cambie,45,17,16,3,0,2,5,1,1,0
2014,2,2014-02,South Cambie,36,17,6,0,2,7,1,1,2,0
2014,3,2014-03,South Cambie,38,10,9,2,0,9,3,1,4,0
2014,4,2014-04,South Cambie,31,16,6,3,0,3,0,1,2,0
2014,5,2014-05,South Cambie,42,16,15,2,3,5,0,1,0,0
2014,6,2014-06,South Cambie,37,9,11,2,1,8,2,2,2,0
2014,7,2014-07,South Cambie,49,12,19,4,0,8,2,2,2,0
2014,8,2014-08,South Cambie,44,17,12,2,1,7,0,1,4,0
2014,9,2014-09,South Cambie,45,12,16,2,0,4,3,2,6,0
2014,10,2014-10,South Cambie,50,14,17,9,0,4,2,1,3,0
2014,11,2014-11,South Cambie,35,10,11,2,0,8,1,1,2,0
2014,12,2014-12,South Cambie,27,4,8,1,1,8,2,2,1,0
2015,1,2015-01,South Cambie,37,15,5,6,0,7,2,1,1,0
2015,2,2015-02,South Cambie,37,14,8,6,2,1,2,1,3,0
2015,3,2015-03,South Cambie,32,5,8,5,3,9,0,1,1,0
2015,4,2015-04,South Cambie,34,10,14,5,1,2,1,1,0,0
2015,5,2015-05,South Cambie,40,12,9,8,0,9,0,2,0,0
2015,6,2015-06,South Cambie,30,8,9,1,0,9,2,0,1,0
2015,7,2015-07,South Cambie,43,18,13,0,1,6,1,1,3,0
2015,8,2015-08,South Cambie,45,14,7,6,1,11,2,0,4,0
2015,9,2015-09,South Cambie,35,12,11,1,2,5,0,3,1,0
2015,10,2015-10,South Cambie,43,17,12,3,1,3,1,4,2,0
2015,11,2015-11,South Cambie,41,11,13,2,3,8,3,0,1,0
2015,12,2015-12,South Cambie,52,11,17,4,2,9,5,2,2,0
2016,1,2016-01,South Cambie,38,13,13,2,0,1,7,2,0,0
2016,2,2016-02,South Cambie,38,13,13,4,1,3,2,1,1,0
2016,3,2016-03,South Cambie,34,10,14,3,1,1,2,1,2,0
2016,4,2016-04,South Cambie,31,16,6,4,2,3,0,0,0,0
2016,5,2016-05,South Cambie,36,16,6,6,0,4,3,0,1,0
2016,6,2016-06,South Cambie,36,15,5,2,0,6,2,1,5,0
2016,7,2016-07,South Cambie,46,12,8,5,5,9,3,1,3,0
2016,8,2016-08,South Cambie,42,11,12,3,0,6,3,0,7,0
2016,9,2016-09,South Cambie,40,12,12,2,0,7,1,3,3,0
2016,10,2016-10,South Cambie,34,10,7,5,0,9,0,1,2,0
2016,11,2016-11,South Cambie,26,7,6,1,1,6,3,0,2,0
2016,12,2016-12,South Cambie,19,3,5,4,2,4,1,0,0,0
2017,1,2017-01,South Cambie,17,3,6,1,2,3,2,0,0,0
2017,2,2017-02,South Cambie,28,5,9,3,1,4,4,2,0,0
2017,3,2017-03,South Cambie,31,11,7,2,0,8,1,1,1,0
2017,4,2017-04,South Cambie,29,7,7,4,0,7,2,0,2,0
2017,5,2017-05,South Cambie,39,8,11,7,0,8,1,2,2,0
2017,6,2017-06,South Cambie,41,11,15,4,0,5,1,0,5,0
2017,7,2017-07,South Cambie,40,8,15,1,2,4,1,3,6,0
2017,8,2017-08,South Cambie,28,0,14,5,2,4,1,1,1,0
2017,9,2017-09,South Cambie,35,3,13,3,2,7,3,2,2,0
2017,10,2017-10,South Cambie,39,6,13,4,1,6,1,1,7,0
2017,11,2017-11,South Cambie,25,5,8,2,4,2,2,1,1,0
2017,12,2017-12,South Cambie,29,7,10,4,0,4,2,1,1,0
2018,1,2018-01,South Cambie,21,4,8,3,0,3,3,0,0,0
2018,2,2018-02,South Cambie,39,8,13,8,2,4,3,0,1,0
2018,3,2018-03,South Cambie,25,10,8,2,1,1,2,0,1,0
2018,4,2018-04,South Cambie,33,10,9,4,2,3,1,0,4,0
2018,5,2018-05,South Cambie,29,8,5,1,1,7,0,2,5,0
2018,6,2018-06,South Cambie,30,7,9,3,1,5,4,0,1,0
2018,7,2018-07,South Cambie,30,8,13,1,2,3,1,0,2,0
2018,8,2018-08,South Cambie,21,5,5,3,1,2,2,1,2,0
2018,9,2018-09,South Cambie,34,10,7,4,1,4,2,4,2,0
2018,10,2018-10,South Cambie,27,8,8,2,1,4,2,1,1,0
2018,11,2018-11,South Cambie,31,6,16,4,0,4,1,0,0,0
2018,12,2018-12,South Cambie,26,7,10,5,1,2,1,0,0,0
2019,1,2019-01,South Cambie,35,14,9,5,0,3,2,0,2,0
2019,2,2019-02,South Cambie,36,12,13,4,2,2,2,0,1,0
2019,3,2019-03,South Cambie,39,10,17,5,0,4,3,0,0,0
2019,4,2019-04,South Cambie,25,7,12,2,0,3,0,1,0,0
2019,5,2019-05,South Cambie,35,12,10,7,0,5,0,1,0,0
2019,6,2019-06,South Cambie,35,10,6,6,1,3,4,1,4,0
2019,7,2019-07,South Cambie,43,11,14,1,6,3,3,0,5,0
2019,8,2019-08,South Cambie,51,19,19,4,0,5,2,0,2,0
2019,9,2019-09,South Cambie,43,7,15,4,4,5,1,5,2,0
2019,10,2019-10,South Cambie,64,18,21,5,1,10,4,0,5,0
2019,11,2019-11,South Cambie,43,12,10,7,1,7,2,3,1,0
2019,12,2019-12,South Cambie,37,7,12,3,1,6,6,1,1,0
2020,1,2020-01,South Cambie,38,15,5,8,6,1,2,0,1,0
2020,2,2020-02,South Cambie,29,9,5,3,1,5,5,1,0,0
2020,3,2020-03,South Cambie,64,18,21,7,3,7,5,2,1,0
2020,4,2020-04,South Cambie,46,15,5,12,1,6,7,0,0,0
2020,5,2020-05,South Cambie,36,9,8,5,2,3,3,0,6,0
2020,6,2020-06,South Cambie,29,8,6,4,4,3,0,0,4,0
2020,7,2020-07,South Cambie,35,10,9,1,6,4,0,1,4,0
2020,8,2020-08,South Cambie,43,11,15,3,3,6,1,0,4,0
2020,9,2020-09,South Cambie,33,9,6,4,2,3,2,0,7,0
2020,10,2020-10,South Cambie,35,9,12,4,0,4,1,3,2,0
2020,11,2020-11,South Cambie,54,10,25,6,6,0,3,0,4,0
2020,12,2020-12,South Cambie,48,6,14,9,1,10,4,1,3,0
2021,1,2021-01,South Cambie,26,4,3,7,2,5,0,4,1,0
2021,2,2021-02,South Cambie,31,8,7,4,2,4,5,0,1,0
2021,3,2021-03,South Cambie,32,14,10,1,2,2,1,0,2,0
2021,4,2021-04,South Cambie,30,11,7,3,1,2,0,0,6,0
2021,5,2021-05,South Cambie,38,16,6,1,2,5,3,1,4,0
2021,6,2021-06,South Cambie,23,4,6,2,0,3,3,1,4,0
2021,7,2021-07,South Cambie,20,6,7,1,3,2,1,0,0,0
2021,8,2021-08,South Cambie,43,13,10,5,0,5,3,1,6,0
2021,9,2021-09,South Cambie,37,11,6,7,6,2,1,2,2,0
2021,10,2021-10,South Cambie,27,7,8,5,2,2,0,1,2,0
2021,11,2021-11,South Cambie,27,9,7,2,3,3,1,0,2,0
2021,12,2021-12,South Cambie,20,6,4,1,1,7,1,0,0,0
2022,1,2022-01,South Cambie,18,7,2,1,1,1,2,3,1,0
2022,2,2022-02,South Cambie,28,6,8,2,0,2,5,3,2,0
2022,3,2022-03,South Cambie,40,9,6,5,0,9,7,1,3,0
2022,4,2022-04,South Cambie,52,17,7,8,2,7,3,3,5,0
2022,5,2022-05,South Cambie,44,14,9,5,4,3,2,1,6,0
2022,6,2022-06,South Cambie,36,11,6,7,2,3,5,0,2,0
2022,7,2022-07,South Cambie,29,8,5,6,0,5,2,0,3,0
2022,8,2022-08,South Cambie,30,6,4,7,0,1,2,2,8,0
2022,9,2022-09,South Cambie,35,16,7,4,2,1,1,0,4,0
2022,10,2022-10,South Cambie,21,6,3,3,0,2,3,3,1,0
2022,11,2022-11,South Cambie,21,7,4,5,0,1,1,0,3,0
2022,12,2022-12,South Cambie,16,3,3,2,0,2,6,0,0,0
2023,1,2023-01,South Cambie,28,9,6,5,3,1,3,0,1,0
2023,2,2023-02,South Cambie,17,8,2,3,1,2,0,0,1,0
2023,3,2023-03,South Cambie,37,5,8,9,3,3,7,1,1,0
2023,4,2023-04,South Cambie,36,14,6,3,0,1,11,1,0,0
2023,5,2023-05,South Cambie,29,11,6,4,2,4,1,0,1,0
2023,6,2023-06,South Cambie,20,7,3,4,1,1,4,0,0,0
2023,7,2023-07,South Cambie,22,6,5,4,3,0,0,0,4,0
2023,8,2023-08,South Cambie,39,15,10,8,1,2,1,1,1,0
2023,9,2023-09,South Cambie,20,6,6,4,0,1,1,0,2,0
2023,10,2023-10,South Cambie,23,14,4,4,0,0,0,0,1,0
2023,11,2023-11,South Cambie,24,11,3,3,2,1,1,2,1,0
2023,12,2023-12,South Cambie,20,12,3,3,0,1,1,0,0,0
2024,1,2024-01,South Cambie,24,9,6,3,0,5,1,0,0,0
2024,2,2024-02,South Cambie,28,12,3,2,4,2,3,0,2,0
2024,3,2024-03,South Cambie,34,18,5,5,1,1,3,0,1,0
2024,4,2024-04,South Cambie,15,7,1,3,1,1,2,0,0,0
2024,5,2024-05,South Cambie,28,15,5,3,0,1,2,1,1,0
2024,6,2024-06,South Cambie,30,14,6,3,1,3,1,1,1,0
2024,7,2024-07,South Cambie,27,11,5,6,1,2,0,0,2,0
2024,8,2024-08,South Cambie,23,13,2,4,1,3,0,0,0,0
2024,9,2024-09,South Cambie,31,19,3,3,1,2,2,0,1,0
2024,10,2024-10,South Cambie,22,11,2,3,0,1,1,0,4,0
2024,11,2024-11,South Cambie,22,9,2,3,1,2,3,0,2,0
2024,12,2024-12,South Cambie,23,9,2,4,1,3,4,0,0,0
2025,1,2025-01,South Cambie,15,5,4,1,3,1,1,0,0,0
2025,2,2025-02,South Cambie,29,16,4,3,2,2,1,1,0,0
2025,3,2025-03,South Cambie,33,21,5,1,3,1,2,0,0,0
2025,4,2025-04,South Cambie,37,20,4,8,0,3,2,0,0,0
2025,5,2025-05,South Cambie,26,12,7,1,2,2,1,0,1,0
2025,6,2025-06,South Cambie,21,6,5,3,2,3,1,0,1,0
2025,7,2025-07,South Cambie,18,9,2,4,2,1,0,0,0,0
2025,8,2025-08,South Cambie,38,17,13,4,1,0,0,3,0,0
2025,9,2025-09,South Cambie,29,12,9,5,0,1,2,0,0,0
2025,10,2025-10,South Cambie,25,10,2,5,3,1,3,1,0,0
2025,11,2025-11,South Cambie,21,8,0,4,5,0,3,0,1,0
2025,12,2025-12,South Cambie,20,9,2,4,1,1,1,1,1,0
2026,1,2026-01,South Cambie,31,16,6,4,2,1,2,0,0,0
2026,2,2026-02,South Cambie,23,11,2,5,1,3,1,0,0,0
2026,3,2026-03,South Cambie,25,17,0,2,0,1,3,1,1,0
2026,4,2026-04,South Cambie,27,16,4,2,1,2,2,0,0,0
2026,5,2026-05,South Cambie,27,13,4,1,1,2,0,2,4,0
2026,6,2026-06,South Cambie,28,13,3,4,2,0,5,0,1,0
2026,7,2026-07,South Cambie,25,15,2,2,5,1,0,0,0,0
2026,8,2026-08,South Cambie,37,20,10,4,0,1,0,0,2,0
2026,9,2026-09,South Cambie,21,6,4,3,1,3,1,0,3,1
2003,1,2003-01,Stanley Park,12,3,7,2,0,0,0,0,0,0
2003,2,2003-02,Stanley Park,25,7,16,2,0,0,0,0,0,0
2003,3,2003-03,Stanley Park,23,8,10,3,2,0,0,0,0,0
2003,4,2003-04,Stanley Park,32,5,21,3,3,0,0,0,0,0
2003,5,2003-05,Stanley Park,45,3,33,4,3,0,0,2,0,0
2003,6,2003-06,Stanley Park,50,7,36,4,0,0,1,2,0,0
2003,7,2003-07,Stanley Park,96,16,63,7,1,0,1,3,5,0
2003,8,2003-08,Stanley Park,89,13,61,7,1,0,0,2,5,0
2003,9,2003-09,Stanley Park,67,8,53,4,1,0,0,1,0,0
2003,10,2003-10,Stanley Park,39,4,25,2,2,0,0,6,0,0
2003,11,2003-11,Stanley Park,13,1,11,0,0,0,0,1,0,0
2003,12,2003-12,Stanley Park,10,0,10,0,0,0,0,0,0,0
2004,1,2004-01,Stanley Park,19,0,12,4,2,0,0,1,0,0
2004,2,2004-02,Stanley Park,21,4,14,1,0,0,1,0,1,0
2004,3,2004-03,Stanley Park,18,4,11,1,0,0,0,2,0,0
2004,4,2004-04,Stanley Park,36,8,18,1,2,1,0,4,2,0
2004,5,2004-05,Stanley Park,53,11,33,6,1,0,1,1,0,0
2004,6,2004-06,Stanley Park,45,6,26,4,0,1,2,2,4,0
2004,7,2004-07,Stanley Park,71,10,48,1,3,1,0,5,3,0
2004,8,2004-08,Stanley Park,58,14,36,2,0,1,0,1,4,0
2004,9,2004-09,Stanley Park,46,8,31,0,2,0,1,1,3,0
2004,10,2004-10,Stanley Park,39,8,16,0,2,13,0,0,0,0
2004,11,2004-11,Stanley Park,38,4,28,2,3,1,0,0,0,0
2004,12,2004-12,Stanley Park,15,2,12,0,1,0,0,0,0,0
2005,1,2005-01,Stanley Park,12,1,8,2,1,0,0,0,0,0
2005,2,2005-02,Stanley Park,25,2,19,1,3,0,0,0,0,0
2005,3,2005-03,Stanley Park,32,6,20,1,1,0,0,2,2,0
2005,4,2005-04,Stanley Park,34,2,27,2,1,0,0,1,1,0
2005,5,2005-05,Stanley Park,31,8,17,1,1,0,0,0,4,0
2005,6,2005-06,Stanley Park,47,12,34,1,0,0,0,0,0,0
2005,7,2005-07,Stanley Park,51,6,37,3,2,0,0,1,2,0
2005,8,2005-08,Stanley Park,95,10,67,3,1,3,0,3,8,0
2005,9,2005-09,Stanley Park,50,8,35,2,1,0,2,0,2,0
2005,10,2005-10,Stanley Park,28,1,23,3,0,0,0,1,0,0
2005,11,2005-11,Stanley Park,10,0,7,1,1,0,0,1,0,0
2005,12,2005-12,Stanley Park,16,4,9,0,3,0,0,0,0,0
2006,1,2006-01,Stanley Park,28,0,25,1,2,0,0,0,0,0
2006,2,2006-02,Stanley Park,28,6,21,1,0,0,0,0,0,0
2006,3,2006-03,Stanley Park,41,3,34,1,1,0,0,1,1,0
2006,4,2006-04,Stanley Park,43,3,32,5,1,0,1,1,0,0
2006,5,2006-05,Stanley Park,43,5,32,4,0,0,1,0,1,0
2006,6,2006-06,Stanley Park,46,13,28,0,3,1,0,0,1,0
2006,7,2006-07,Stanley Park,48,10,26,0,7,0,1,0,4,0
2006,8,2006-08,Stanley Park,39,10,14,3,1,0,1,2,8,0
2006,9,2006-09,Stanley Park,33,5,24,1,2,0,0,0,1,0
2006,10,2006-10,Stanley Park,30,2,20,1,4,1,1,0,1,0
2006,11,2006-11,Stanley Park,7,1,2,1,3,0,0,0,0,0
2006,12,2006-12,Stanley Park,16,0,11,0,3,0,1,1,0,0
2007,1,2007-01,Stanley Park,20,1,15,0,3,1,0,0,0,0
2007,2,2007-02,Stanley Park,13,1,11,0,0,0,1,0,0,0
2007,3,2007-03,Stanley Park,12,2,7,1,1,0,0,1,0,0
2007,4,2007-04,Stanley Park,17,4,10,1,2,0,0,0,0,0
2007,5,2007-05,Stanley Park,21,5,14,1,1,0,0,0,0,0
2007,6,2007-06,Stanley Park,20,4,14,1,0,0,1,0,0,0
2007,7,2007-07,Stanley Park,30,8,17,1,1,0,0,1,2,0
2007,8,2007-08,Stanley Park,45,6,29,4,2,0,0,1,3,0
2007,9,2007-09,Stanley Park,38,9,24,2,1,0,0,2,0,0
2007,10,2007-10,Stanley Park,27,2,23,0,1,0,1,0,0,0
2007,11,2007-11,Stanley Park,15,2,12,0,1,0,0,0,0,0
2007,12,2007-12,Stanley Park,19,2,15,1,0,0,1,0,0,0
2008,1,2008-01,Stanley Park,20,1,14,1,3,1,0,0,0,0
2008,2,2008-02,Stanley Park,17,2,9,3,3,0,0,0,0,0
2008,3,2008-03,Stanley Park,29,0,28,1,0,0,0,0,0,0
2008,4,2008-04,Stanley Park,27,2,19,1,2,0,0,0,3,0
2008,5,2008-05,Stanley Park,37,6,23,2,0,2,0,1,3,0
2008,6,2008-06,Stanley Park,41,5,25,1,3,0,0,4,3,0
2008,7,2008-07,Stanley Park,34,4,23,1,1,0,2,1,2,0
2008,8,2008-08,Stanley Park,28,3,22,1,1,0,0,0,1,0
2008,9,2008-09,Stanley Park,41,9,23,2,2,2,1,0,2,0
2008,10,2008-10,Stanley Park,15,1,10,1,1,0,2,0,0,0
2008,11,2008-11,Stanley Park,26,1,19,0,3,0,2,1,0,0
2008,12,2008-12,Stanley Park,13,1,9,0,3,0,0,0,0,0
2009,1,2009-01,Stanley Park,19,0,15,1,0,2,0,1,0,0
2009,2,2009-02,Stanley Park,17,1,14,1,1,0,0,0,0,0
2009,3,2009-03,Stanley Park,26,2,23,0,1,0,0,0,0,0
2009,4,2009-04,Stanley Park,26,1,19,2,4,0,0,0,0,0
2009,5,2009-05,Stanley Park,27,5,18,2,2,0,0,0,0,0
2009,6,2009-06,Stanley Park,43,2,35,2,1,0,0,1,2,0
2009,7,2009-07,Stanley Park,55,8,33,5,4,0,1,1,3,0
2009,8,2009-08,Stanley Park,38,6,21,1,4,0,0,0,6,0
2009,9,2009-09,Stanley Park,19,2,11,2,2,0,2,0,0,0
2009,10,2009-10,Stanley Park,15,3,8,3,0,0,1,0,0,0
2009,11,2009-11,Stanley Park,11,0,8,0,0,1,0,0,2,0
2009,12,2009-12,Stanley Park,9,1,8,0,0,0,0,0,0,0
2010,1,2010-01,Stanley Park,22,4,15,0,3,0,0,0,0,0
2010,2,2010-02,Stanley Park,17,1,15,0,1,0,0,0,0,0
2010,3,2010-03,Stanley Park,10,1,8,1,0,0,0,0,0,0
2010,4,2010-04,Stanley Park,14,4,8,0,2,0,0,0,0,0
2010,5,2010-05,Stanley Park,22,4,13,2,2,0,0,0,1,0
2010,6,2010-06,Stanley Park,36,6,23,4,0,2,0,0,1,0
2010,7,2010-07,Stanley Park,28,5,16,3,2,0,0,1,1,0
2010,8,2010-08,Stanley Park,35,4,22,1,2,0,1,1,4,0
2010,9,2010-09,Stanley Park,22,3,16,2,1,0,0,0,0,0
2010,10,2010-10,Stanley Park,10,0,5,1,3,0,0,0,1,0
2010,11,2010-11,Stanley Park,7,1,5,0,1,0,0,0,0,0
2010,12,2010-12,Stanley Park,6,0,5,0,0,0,0,0,1,0
2011,1,2011-01,Stanley Park,10,1,6,1,1,0,0,1,0,0
2011,2,2011-02,Stanley Park,4,1,3,0,0,0,0,0,0,0
2011,3,2011-03,Stanley Park,7,2,4,0,1,0,0,0,0,0
2011,4,2011-04,Stanley Park,8,0,7,1,0,0,0,0,0,0
2011,5,2011-05,Stanley Park,17,5,11,1,0,0,0,0,0,0
2011,6,2011-06,Stanley Park,14,6,5,0,0,0,0,0,3,0
2011,7,2011-07,Stanley Park,29,8,14,1,0,0,1,0,5,0
2011,8,2011-08,Stanley Park,60,13,34,5,3,0,0,0,5,0
2011,9,2011-09,Stanley Park,34,7,19,4,0,0,2,1,1,0
2011,10,2011-10,Stanley Park,14,4,5,2,1,0,0,1,1,0
2011,11,2011-11,Stanley Park,8,0,6,1,0,0,1,0,0,0
2011,12,2011-12,Stanley Park,10,3,3,2,2,0,0,0,0,0
2012,1,2012-01,Stanley Park,11,3,4,1,2,0,1,0,0,0
2012,2,2012-02,Stanley Park,11,2,7,0,1,0,1,0,0,0
2012,3,2012-03,Stanley Park,13,1,11,1,0,0,0,0,0,0
2012,4,2012-04,Stanley Park,9,1,6,0,2,0,0,0,0,0
2012,5,2012-05,Stanley Park,7,2,0,1,3,0,1,0,0,0
2012,6,2012-06,Stanley Park,26,7,14,2,1,1,1,0,0,0
2012,7,2012-07,Stanley Park,52,9,34,3,3,0,1,0,2,0
2012,8,2012-08,Stanley Park,33,8,19,1,2,0,0,0,3,0
2012,9,2012-09,Stanley Park,18,4,8,3,2,0,0,1,0,0
2012,10,2012-10,Stanley Park,11,3,6,0,1,0,0,0,1,0
2012,11,2012-11,Stanley Park,17,0,14,2,1,0,0,0,0,0
2012,12,2012-12,Stanley Park,22,1,19,1,1,0,0,0,0,0
2013,1,2013-01,Stanley Park,15,0,10,2,1,0,2,0,0,0
2013,2,2013-02,Stanley Park,28,1,27,0,0,0,0,0,0,0
2013,3,2013-03,Stanley Park,15,3,4,1,2,5,0,0,0,0
2013,4,2013-04,Stanley Park,17,0,7,1,2,6,0,0,1,0
2013,5,2013-05,Stanley Park,21,3,14,2,1,0,1,0,0,0
2013,6,2013-06,Stanley Park,30,4,23,1,0,0,1,0,1,0
2013,7,2013-07,Stanley Park,57,12,40,1,2,0,1,0,1,0
2013,8,2013-08,Stanley Park,27,7,17,0,2,0,0,0,1,0
2013,9,2013-09,Stanley Park,17,2,13,0,1,0,1,0,0,0
2013,10,2013-10,Stanley Park,38,5,31,1,1,0,0,0,0,0
2013,11,2013-11,Stanley Park,30,1,26,1,2,0,0,0,0,0
2013,12,2013-12,Stanley Park,14,1,12,1,0,0,0,0,0,0
2014,1,2014-01,Stanley Park,15,1,9,1,2,1,1,0,0,0
2014,2,2014-02,Stanley Park,14,0,8,0,1,4,1,0,0,0
2014,3,2014-03,Stanley Park,31,1,23,1,3,2,0,0,1,0
2014,4,2014-04,Stanley Park,16,1,8,2,4,0,0,0,1,0
2014,5,2014-05,Stanley Park,20,2,15,0,3,0,0,0,0,0
2014,6,2014-06,Stanley Park,38,4,24,3,3,0,1,0,3,0
2014,7,2014-07,Stanley Park,42,6,26,0,3,1,1,0,5,0
2014,8,2014-08,Stanley Park,28,7,12,0,2,1,0,1,5,0
2014,9,2014-09,Stanley Park,12,4,6,0,0,0,1,1,0,0
2014,10,2014-10,Stanley Park,13,0,11,1,1,0,0,0,0,0
2014,11,2014-11,Stanley Park,5,0,1,1,2,0,1,0,0,0
2014,12,2014-12,Stanley Park,3,1,2,0,0,0,0,0,0,0
2015,1,2015-01,Stanley Park,11,1,8,0,0,0,2,0,0,0
2015,2,2015-02,Stanley Park,11,1,7,1,1,0,0,1,0,0
2015,3,2015-03,Stanley Park,12,2,6,1,0,0,3,0,0,0
2015,4,2015-04,Stanley Park,22,1,17,2,1,0,1,0,0,0
2015,5,2015-05,Stanley Park,21,5,10,2,1,0,0,0,3,0
2015,6,2015-06,Stanley Park,22,7,8,2,0,0,0,0,5,0
2015,7,2015-07,Stanley Park,40,0,16,2,2,2,1,0,17,0
2015,8,2015-08,Stanley Park,43,19,12,3,3,0,1,0,5,0
2015,9,2015-09,Stanley Park,26,6,11,1,1,0,0,0,7,0
2015,10,2015-10,Stanley Park,16,1,10,0,2,0,0,0,3,0
2015,11,2015-11,Stanley Park,20,2,14,1,0,1,2,0,0,0
2015,12,2015-12,Stanley Park,8,0,6,0,1,0,1,0,0,0
2016,1,2016-01,Stanley Park,15,5,5,2,3,0,0,0,0,0
2016,2,2016-02,Stanley Park,16,1,7,3,3,1,1,0,0,0
2016,3,2016-03,Stanley Park,17,0,13,0,0,3,1,0,0,0
2016,4,2016-04,Stanley Park,20,1,18,0,0,0,1,0,0,0
2016,5,2016-05,Stanley Park,14,3,7,0,0,1,1,0,2,0
2016,6,2016-06,Stanley Park,17,7,6,2,0,0,0,0,2,0
2016,7,2016-07,Stanley Park,21,2,11,1,0,0,1,1,5,0
2016,8,2016-08,Stanley Park,24,8,7,2,1,0,0,0,6,0
2016,9,2016-09,Stanley Park,11,2,5,2,0,0,0,0,2,0
2016,10,2016-10,Stanley Park,6,0,2,1,2,0,1,0,0,0
2016,11,2016-11,Stanley Park,10,1,3,3,2,0,0,0,1,0
2016,12,2016-12,Stanley Park,8,1,3,1,1,0,1,1,0,0
2017,1,2017-01,Stanley Park,10,2,5,0,2,0,0,0,1,0
2017,2,2017-02,Stanley Park,3,1,2,0,0,0,0,0,0,0
2017,3,2017-03,Stanley Park,11,0,8,2,0,0,0,0,1,0
2017,4,2017-04,Stanley Park,13,1,9,2,0,0,1,0,0,0
2017,5,2017-05,Stanley Park,11,7,4,0,0,0,0,0,0,0
2017,6,2017-06,Stanley Park,31,7,17,2,2,1,0,0,2,0
2017,7,2017-07,Stanley Park,35,8,14,0,1,0,1,0,11,0
2017,8,2017-08,Stanley Park,33,6,16,2,3,0,3,0,3,0
2017,9,2017-09,Stanley Park,17,3,8,1,0,0,2,0,3,0
2017,10,2017-10,Stanley Park,11,3,4,1,0,0,0,0,3,0
2017,11,2017-11,Stanley Park,8,2,5,0,1,0,0,0,0,0
2017,12,2017-12,Stanley Park,4,0,4,0,0,0,0,0,0,0
2018,1,2018-01,Stanley Park,6,1,3,0,0,0,2,0,0,0
2018,2,2018-02,Stanley Park,13,4,8,0,0,1,0,0,0,0
2018,3,2018-03,Stanley Park,3,1,2,0,0,0,0,0,0,0
2018,4,2018-04,Stanley Park,7,2,1,1,2,1,0,0,0,0
2018,5,2018-05,Stanley Park,15,3,7,1,1,0,3,0,0,0
2018,6,2018-06,Stanley Park,8,1,5,1,1,0,0,0,0,0
2018,7,2018-07,Stanley Park,18,8,4,1,1,0,0,0,4,0
2018,8,2018-08,Stanley Park,32,3,18,0,3,0,0,2,6,0
2018,9,2018-09,Stanley Park,25,5,15,0,2,0,0,1,2,0
2018,10,2018-10,Stanley Park,25,2,17,2,3,0,0,0,1,0
2018,11,2018-11,Stanley Park,16,0,14,1,0,0,0,0,1,0
2018,12,2018-12,Stanley Park,21,3,15,1,1,0,1,0,0,0
2019,1,2019-01,Stanley Park,12,2,5,1,3,1,0,0,0,0
2019,2,2019-02,Stanley Park,15,0,10,1,1,1,1,1,0,0
2019,3,2019-03,Stanley Park,18,3,13,1,1,0,0,0,0,0
2019,4,2019-04,Stanley Park,19,5,12,1,1,0,0,0,0,0
2019,5,2019-05,Stanley Park,39,6,19,4,3,0,1,0,6,0
2019,6,2019-06,Stanley Park,20,8,5,2,1,0,0,1,3,0
2019,7,2019-07,Stanley Park,25,7,8,3,1,1,2,2,1,0
2019,8,2019-08,Stanley Park,30,4,16,4,2,0,1,0,3,0
2019,9,2019-09,Stanley Park,14,3,9,1,0,0,1,0,0,0
2019,10,2019-10,Stanley Park,12,2,6,2,0,0,2,0,0,0
2019,11,2019-11,Stanley Park,15,0,13,1,1,0,0,0,0,0
2019,12,2019-12,Stanley Park,12,2,7,0,2,0,1,0,0,0
2020,1,2020-01,Stanley Park,16,2,13,1,0,0,0,0,0,0
2020,2,2020-02,Stanley Park,13,2,7,1,1,0,2,0,0,0
2020,3,2020-03,Stanley Park,6,2,2,0,2,0,0,0,0,0
2020,4,2020-04,Stanley Park,2,0,0,0,0,0,0,0,2,0
2020,5,2020-05,Stanley Park,1,0,0,1,0,0,0,0,0,0
2020,6,2020-06,Stanley Park,7,0,0,4,2,0,1,0,0,0
2020,7,2020-07,Stanley Park,4,1,2,0,1,0,0,0,0,0
2020,8,2020-08,Stanley Park,5,1,1,0,0,0,1,0,2,0
2020,9,2020-09,Stanley Park,12,1,1,4,5,0,1,0,0,0
2020,10,2020-10,Stanley Park,6,1,1,2,1,1,0,0,0,0
2020,11,2020-11,Stanley Park,5,0,2,1,0,0,2,0,0,0
2020,12,2020-12,Stanley Park,3,0,0,1,1,0,0,1,0,0
2021,1,2021-01,Stanley Park,2,0,0,0,0,0,1,0,1,0
2021,2,2021-02,Stanley Park,2,1,0,0,0,0,0,0,1,0
2021,3,2021-03,Stanley Park,2,1,1,0,0,0,0,0,0,0
2021,4,2021-04,Stanley Park,4,0,0,2,1,0,1,0,0,0
2021,5,2021-05,Stanley Park,6,2,1,1,0,0,2,0,0,0
2021,6,2021-06,Stanley Park,14,4,7,0,0,0,1,0,2,0
2021,7,2021-07,Stanley Park,26,10,9,3,2,0,0,0,2,0
2021,8,2021-08,Stanley Park,12,6,4,0,1,0,1,0,0,0
2021,9,2021-09,Stanley Park,8,1,2,3,1,0,1,0,0,0
2021,10,2021-10,Stanley Park,8,3,5,0,0,0,0,0,0,0
2021,11,2021-11,Stanley Park,5,1,4,0,0,0,0,0,0,0
2021,12,2021-12,Stanley Park,19,2,15,0,1,0,1,0,0,0
2022,1,2022-01,Stanley Park,3,0,0,1,1,1,0,0,0,0
2022,2,2022-02,Stanley Park,4,1,1,1,1,0,0,0,0,0
2022,3,2022-03,Stanley Park,4,1,0,2,1,0,0,0,0,0
2022,4,2022-04,Stanley Park,9,0,6,0,1,0,1,0,1,0
2022,5,2022-05,Stanley Park,3,1,1,0,1,0,0,0,0,0
2022,6,2022-06,Stanley Park,9,2,2,2,0,0,0,0,3,0
2022,7,2022-07,Stanley Park,11,3,1,2,3,0,0,1,1,0
2022,8,2022-08,Stanley Park,5,1,3,1,0,0,0,0,0,0
2022,9,2022-09,Stanley Park,5,0,2,1,2,0,0,0,0,0
2022,10,2022-10,Stanley Park,7,1,2,2,0,0,0,0,2,0
2022,11,2022-11,Stanley Park,7,2,3,1,1,0,0,0,0,0
2022,12,2022-12,Stanley Park,6,2,2,0,1,0,1,0,0,0
2023,1,2023-01,Stanley Park,5,0,2,1,2,0,0,0,0,0
2023,2,2023-02,Stanley Park,2,0,2,0,0,0,0,0,0,0
2023,3,2023-03,Stanley Park,5,1,3,1,0,0,0,0,0,0
2023,4,2023-04,Stanley Park,6,1,0,1,0,0,1,1,2,0
2023,5,2023-05,Stanley Park,28,1,14,3,5,0,0,0,5,0
2023,6,2023-06,Stanley Park,23,5,6,4,4,0,0,0,4,0
2023,7,2023-07,Stanley Park,21,6,4,5,3,0,0,1,2,0
2023,8,2023-08,Stanley Park,29,10,8,6,0,0,0,0,5,0
2023,9,2023-09,Stanley Park,20,5,8,1,4,0,1,0,1,0
2023,10,2023-10,Stanley Park,9,4,3,1,0,0,0,0,1,0
2023,11,2023-11,Stanley Park,4,1,1,2,0,0,0,0,0,0
2023,12,2023-12,Stanley Park,6,2,1,1,2,0,0,0,0,0
2024,1,2024-01,Stanley Park,3,1,0,1,0,0,1,0,0,0
2024,2,2024-02,Stanley Park,3,0,1,2,0,0,0,0,0,0
2024,3,2024-03,Stanley Park,10,3,1,4,2,0,0,0,0,0
2024,4,2024-04,Stanley Park,10,3,1,0,4,0,0,0,2,0
2024,5,2024-05,Stanley Park,15,4,6,0,3,0,2,0,0,0
2024,6,2024-06,Stanley Park,30,10,13,3,2,0,0,1,1,0
2024,7,2024-07,Stanley Park,28,8,5,4,4,0,0,0,7,0
2024,8,2024-08,Stanley Park,15,9,3,0,1,1,1,0,0,0
2024,9,2024-09,Stanley Park,15,5,6,0,1,0,1,0,2,0
2024,10,2024-10,Stanley Park,18,6,3,4,0,1,3,0,1,0
2024,11,2024-11,Stanley Park,1,0,0,1,0,0,0,0,0,0
2024,12,2024-12,Stanley Park,4,1,0,0,1,1,1,0,0,0
2025,1,2025-01,Stanley Park,14,3,4,3,3,0,1,0,0,0
2025,2,2025-02,Stanley Park,7,2,1,2,0,0,1,0,1,0
2025,3,2025-03,Stanley Park,2,0,1,1,0,0,0,0,0,0
2025,4,2025-04,Stanley Park,7,2,1,1,1,0,1,0,1,0
2025,5,2025-05,Stanley Park,17,5,5,2,3,0,0,0,2,0
2025,6,2025-06,Stanley Park,21,10,5,0,3,0,2,0,1,0
2025,7,2025-07,Stanley Park,18,7,8,0,1,0,0,0,2,0
2025,8,2025-08,Stanley Park,17,7,3,1,3,0,1,0,2,0
2025,9,2025-09,Stanley Park,13,3,8,1,0,0,0,0,1,0
2025,10,2025-10,Stanley Park,14,2,6,4,1,0,1,0,0,0
2025,11,2025-11,Stanley Park,11,2,5,2,1,0,1,0,0,0
2025,12,2025-12,Stanley Park,12,1,6,1,2,0,1,1,0,0
2026,1,2026-01,Stanley Park,5,1,2,1,0,1,0,0,0,0
2026,2,2026-02,Stanley Park,6,1,2,1,0,0,2,0,0,0
2026,3,2026-03,Stanley Park,2,0,2,0,0,0,0,0,0,0
2026,4,2026-04,Stanley Park,8,3,2,1,1,0,0,0,1,0
2026,5,2026-05,Stanley Park,11,6,0,1,1,0,0,0,3,0
2026,6,2026-06,Stanley Park,22,8,9,0,2,0,0,0,3,0
2026,7,2026-07,Stanley Park,31,8,15,1,3,0,0,0,4,0
2026,8,2026-08,Stanley Park,27,9,13,2,0,0,0,0,3,0
2026,9,2026-09,Stanley Park,10,5,3,0,1,0,0,0,1,1
2003,1,2003-01,Strathcona,262,49,71,31,39,15,20,34,3,0
2003,2,2003-02,Strathcona,221,51,73,20,24,11,15,25,2,0
2003,3,2003-03,Strathcona,260,79,63,24,30,24,18,20,2,0
2003,4,2003-04,Strathcona,280,74,92,25,31,10,29,17,2,0
2003,5,2003-05,Strathcona,315,87,93,30,29,17,27,30,2,0
2003,6,2003-06,Strathcona,295,100,108,21,31,9,11,14,1,0
2003,7,2003-07,Strathcona,293,89,97,25,30,15,12,17,8,0
2003,8,2003-08,Strathcona,312,82,112,35,28,15,5,25,10,0
2003,9,2003-09,Strathcona,339,84,139,23,30,21,10,23,9,0
2003,10,2003-10,Strathcona,323,70,113,31,29,25,19,26,10,0
2003,11,2003-11,Strathcona,294,86,101,21,26,15,14,25,6,0
2003,12,2003-12,Strathcona,247,64,93,18,25,11,10,21,5,0
2004,1,2004-01,Strathcona,250,77,80,23,36,8,9,15,2,0
2004,2,2004-02,Strathcona,216,60,68,18,29,9,9,20,3,0
2004,3,2004-03,Strathcona,277,78,95,23,24,22,14,18,3,0
2004,4,2004-04,Strathcona,282,83,98,20,24,24,16,12,5,0
2004,5,2004-05,Strathcona,257,70,74,24,32,20,18,16,3,0
2004,6,2004-06,Strathcona,287,77,74,37,31,26,14,22,6,0
2004,7,2004-07,Strathcona,296,83,103,17,39,15,15,18,6,0
2004,8,2004-08,Strathcona,334,94,105,22,30,25,35,19,4,0
2004,9,2004-09,Strathcona,333,85,97,29,34,16,51,16,5,0
2004,10,2004-10,Strathcona,272,71,88,27,32,8,23,20,3,0
2004,11,2004-11,Strathcona,254,65,94,18,31,14,20,12,0,0
2004,12,2004-12,Strathcona,259,71,90,18,32,9,18,17,4,0
2005,1,2005-01,Strathcona,268,81,99,17,36,12,10,13,0,0
2005,2,2005-02,Strathcona,247,93,78,21,27,7,9,8,4,0
2005,3,2005-03,Strathcona,215,54,69,29,25,11,8,14,5,0
2005,4,2005-04,Strathcona,286,84,100,32,39,10,5,11,5,0
2005,5,2005-05,Strathcona,302,69,100,37,32,18,18,17,11,0
2005,6,2005-06,Strathcona,287,87,72,25,38,13,29,10,13,0
2005,7,2005-07,Strathcona,297,86,89,25,38,11,24,14,10,0
2005,8,2005-08,Strathcona,315,98,91,30,44,17,9,15,11,0
2005,9,2005-09,Strathcona,298,107,82,18,44,14,19,10,4,0
2005,10,2005-10,Strathcona,221,78,57,18,23,13,15,13,4,0
2005,11,2005-11,Strathcona,246,65,61,25,38,17,18,18,4,0
2005,12,2005-12,Strathcona,240,67,79,17,35,17,13,11,1,0
2006,1,2006-01,Strathcona,191,57,44,22,33,13,7,13,2,0
2006,2,2006-02,Strathcona,188,49,55,24,28,12,11,8,1,0
2006,3,2006-03,Strathcona,228,82,54,20,26,13,16,12,5,0
2006,4,2006-04,Strathcona,216,54,73,26,29,14,7,11,2,0
2006,5,2006-05,Strathcona,283,75,75,28,50,16,18,14,7,0
2006,6,2006-06,Strathcona,241,66,63,20,42,14,15,13,8,0
2006,7,2006-07,Strathcona,254,73,58,38,32,19,10,13,11,0
2006,8,2006-08,Strathcona,280,60,88,31,44,19,14,17,7,0
2006,9,2006-09,Strathcona,234,61,52,21,38,31,11,12,8,0
2006,10,2006-10,Strathcona,200,51,53,17,28,26,10,11,4,0
2006,11,2006-11,Strathcona,195,44,45,22,40,28,5,10,1,0
2006,12,2006-12,Strathcona,194,51,37,27,32,25,13,6,3,0
2007,1,2007-01,Strathcona,184,57,47,14,42,6,6,11,1,0
2007,2,2007-02,Strathcona,148,45,39,14,25,7,6,8,4,0
2007,3,2007-03,Strathcona,209,45,53,25,40,23,10,13,0,0
2007,4,2007-04,Strathcona,199,42,62,23,36,9,13,7,7,0
2007,5,2007-05,Strathcona,235,49,42,28,49,20,26,14,7,0
2007,6,2007-06,Strathcona,230,49,74,28,40,13,13,9,4,0
2007,7,2007-07,Strathcona,263,53,68,37,42,19,19,14,11,0
2007,8,2007-08,Strathcona,244,60,66,37,36,15,13,10,7,0
2007,9,2007-09,Strathcona,187,46,52,22,33,10,13,8,3,0
2007,10,2007-10,Strathcona,206,59,40,32,40,8,6,15,6,0
2007,11,2007-11,Strathcona,185,29,52,29,39,11,11,14,0,0
2007,12,2007-12,Strathcona,171,39,32,28,45,7,11,7,2,0
2008,1,2008-01,Strathcona,177,37,30,19,58,11,15,6,1,0
2008,2,2008-02,Strathcona,192,43,50,30,31,16,7,12,3,0
2008,3,2008-03,Strathcona,190,53,37,27,32,17,11,9,4,0
2008,4,2008-04,Strathcona,161,42,37,27,29,7,7,5,7,0
2008,5,2008-05,Strathcona,224,39,49,30,54,16,14,12,10,0
2008,6,2008-06,Strathcona,214,56,48,24,44,14,14,9,5,0
2008,7,2008-07,Strathcona,227,58,41,30,41,25,12,11,9,0
2008,8,2008-08,Strathcona,250,57,58,37,43,13,11,22,9,0
2008,9,2008-09,Strathcona,220,55,47,26,36,22,15,13,6,0
2008,10,2008-10,Strathcona,205,51,52,31,32,11,10,10,8,0
2008,11,2008-11,Strathcona,188,60,40,24,28,12,10,12,2,0
2008,12,2008-12,Strathcona,173,42,33,29,45,15,5,2,2,0
2009,1,2009-01,Strathcona,191,39,53,27,35,16,11,10,0,0
2009,2,2009-02,Strathcona,152,25,47,24,43,3,1,8,1,0
2009,3,2009-03,Strathcona,167,47,45,17,33,18,4,1,2,0
2009,4,2009-04,Strathcona,179,34,38,28,50,20,2,3,4,0
2009,5,2009-05,Strathcona,169,35,35,33,41,7,8,5,5,0
2009,6,2009-06,Strathcona,185,36,48,25,38,7,13,9,9,0
2009,7,2009-07,Strathcona,214,36,55,40,44,11,7,2,19,0
2009,8,2009-08,Strathcona,200,43,53,18,42,12,6,5,21,0
2009,9,2009-09,Strathcona,172,39,43,15,36,23,7,6,3,0
2009,10,2009-10,Strathcona,191,50,29,19,58,9,11,8,7,0
2009,11,2009-11,Strathcona,158,39,31,26,34,11,9,4,4,0
2009,12,2009-12,Strathcona,141,40,24,18,42,5,4,7,1,0
2010,1,2010-01,Strathcona,170,55,16,27,52,6,6,5,3,0
2010,2,2010-02,Strathcona,192,52,42,30,38,14,8,6,2,0
2010,3,2010-03,Strathcona,149,47,27,16,37,5,6,4,7,0
2010,4,2010-04,Strathcona,118,35,15,13,31,8,6,4,6,0
2010,5,2010-05,Strathcona,189,36,44,46,41,11,5,3,3,0
2010,6,2010-06,Strathcona,177,42,38,32,36,9,8,4,8,0
2010,7,2010-07,Strathcona,171,46,32,25,31,13,8,6,10,0
2010,8,2010-08,Strathcona,211,54,27,33,45,20,9,11,12,0
2010,9,2010-09,Strathcona,174,38,35,23,40,14,7,6,11,0
2010,10,2010-10,Strathcona,214,40,68,33,40,10,5,9,9,0
2010,11,2010-11,Strathcona,145,29,32,22,36,12,7,6,1,0
2010,12,2010-12,Strathcona,142,32,31,30,27,6,9,6,1,0
2011,1,2011-01,Strathcona,154,34,27,22,45,12,7,5,2,0
2011,2,2011-02,Strathcona,175,37,49,28,40,7,6,7,1,0
2011,3,2011-03,Strathcona,160,40,28,28,42,8,8,4,2,0
2011,4,2011-04,Strathcona,141,22,31,26,47,5,5,3,2,0
2011,5,2011-05,Strathcona,169,50,28,21,52,7,5,2,4,0
2011,6,2011-06,Strathcona,168,60,18,30,38,7,7,3,5,0
2011,7,2011-07,Strathcona,181,46,25,35,49,7,3,7,9,0
2011,8,2011-08,Strathcona,183,51,20,29,53,15,6,4,5,0
2011,9,2011-09,Strathcona,196,33,46,27,46,13,16,5,10,0
2011,10,2011-10,Strathcona,163,34,39,28,44,3,3,3,9,0
2011,11,2011-11,Strathcona,174,45,43,29,33,8,5,4,7,0
2011,12,2011-12,Strathcona,194,43,39,33,45,15,11,7,1,0
2012,1,2012-01,Strathcona,168,39,39,23,39,5,11,8,4,0
2012,2,2012-02,Strathcona,158,42,32,26,41,4,7,2,4,0
2012,3,2012-03,Strathcona,155,35,23,24,44,6,12,6,5,0
2012,4,2012-04,Strathcona,159,30,31,26,41,7,13,5,6,0
2012,5,2012-05,Strathcona,208,47,32,39,53,11,12,7,7,0
2012,6,2012-06,Strathcona,172,56,23,25,36,8,7,10,7,0
2012,7,2012-07,Strathcona,189,63,26,27,38,9,6,9,11,0
2012,8,2012-08,Strathcona,208,45,46,27,53,6,8,10,13,0
2012,9,2012-09,Strathcona,202,52,33,25,54,9,10,7,12,0
2012,10,2012-10,Strathcona,171,47,27,30,31,7,13,9,7,0
2012,11,2012-11,Strathcona,207,52,39,30,36,13,24,7,6,0
2012,12,2012-12,Strathcona,127,32,27,16,33,4,8,3,4,0
2013,1,2013-01,Strathcona,157,51,31,19,36,11,7,1,1,0
2013,2,2013-02,Strathcona,150,44,17,29,35,8,7,7,3,0
2013,3,2013-03,Strathcona,176,43,31,30,39,15,8,5,5,0
2013,4,2013-04,Strathcona,159,49,22,19,38,8,7,7,9,0
2013,5,2013-05,Strathcona,192,56,27,31,49,11,7,3,8,0
2013,6,2013-06,Strathcona,194,64,24,19,39,16,10,10,12,0
2013,7,2013-07,Strathcona,201,53,23,41,52,11,7,5,9,0
2013,8,2013-08,Strathcona,216,58,23,36,49,12,11,6,21,0
2013,9,2013-09,Strathcona,189,37,37,36,53,9,3,6,8,0
2013,10,2013-10,Strathcona,178,42,31,28,52,7,11,1,6,0
2013,11,2013-11,Strathcona,170,45,39,25,34,6,15,2,4,0
2013,12,2013-12,Strathcona,128,37,23,19,30,6,4,4,5,0
2014,1,2014-01,Strathcona,171,46,31,27,30,4,19,4,10,0
2014,2,2014-02,Strathcona,143,42,25,26,29,7,7,4,3,0
2014,3,2014-03,Strathcona,164,47,29,32,34,6,9,4,3,0
2014,4,2014-04,Strathcona,188,42,40,32,43,8,10,7,6,0
2014,5,2014-05,Strathcona,214,60,49,23,41,13,8,6,14,0
2014,6,2014-06,Strathcona,224,53,43,35,50,5,17,5,16,0
2014,7,2014-07,Strathcona,231,67,48,42,32,15,8,1,18,0
2014,8,2014-08,Strathcona,239,49,50,58,35,11,14,7,15,0
2014,9,2014-09,Strathcona,232,46,67,28,39,8,19,7,18,0
2014,10,2014-10,Strathcona,184,36,45,25,33,9,14,12,10,0
2014,11,2014-11,Strathcona,205,54,53,24,34,8,16,7,9,0
2014,12,2014-12,Strathcona,174,41,39,29,36,5,11,6,7,0
2015,1,2015-01,Strathcona,193,57,46,22,36,7,12,7,6,0
2015,2,2015-02,Strathcona,165,40,44,29,25,3,16,5,3,0
2015,3,2015-03,Strathcona,188,50,40,33,34,5,13,5,8,0
2015,4,2015-04,Strathcona,161,39,33,29,28,8,12,4,8,0
2015,5,2015-05,Strathcona,197,40,33,38,45,5,17,12,7,0
2015,6,2015-06,Strathcona,222,42,49,38,44,4,19,11,15,0
2015,7,2015-07,Strathcona,244,62,54,33,37,9,23,5,21,0
2015,8,2015-08,Strathcona,228,63,39,33,35,9,24,10,15,0
2015,9,2015-09,Strathcona,196,41,37,41,34,6,19,8,10,0
2015,10,2015-10,Strathcona,206,45,47,31,39,7,16,11,10,0
2015,11,2015-11,Strathcona,205,50,58,32,28,6,19,7,5,0
2015,12,2015-12,Strathcona,199,40,43,26,44,9,18,12,7,0
2016,1,2016-01,Strathcona,232,41,59,35,37,23,14,12,11,0
2016,2,2016-02,Strathcona,200,57,47,27,32,13,17,6,1,0
2016,3,2016-03,Strathcona,235,48,69,29,42,9,23,12,3,0
2016,4,2016-04,Strathcona,222,49,59,27,38,7,23,15,4,0
2016,5,2016-05,Strathcona,220,47,44,37,40,9,17,13,13,0
2016,6,2016-06,Strathcona,278,67,77,41,29,7,27,11,19,0
2016,7,2016-07,Strathcona,262,55,76,27,47,10,22,12,13,0
2016,8,2016-08,Strathcona,294,71,77,37,58,8,14,15,14,0
2016,9,2016-09,Strathcona,253,50,66,43,43,9,24,8,10,0
2016,10,2016-10,Strathcona,248,60,73,28,39,5,21,15,7,0
2016,11,2016-11,Strathcona,207,45,60,27,40,4,19,6,6,0
2016,12,2016-12,Strathcona,182,39,47,32,27,1,19,15,2,0
2017,1,2017-01,Strathcona,162,48,28,35,36,3,3,5,4,0
2017,2,2017-02,Strathcona,180,38,41,34,40,4,14,8,1,0
2017,3,2017-03,Strathcona,229,50,67,45,26,11,13,12,5,0
2017,4,2017-04,Strathcona,205,47,56,35,29,6,16,8,8,0
2017,5,2017-05,Strathcona,234,72,48,41,41,8,8,9,7,0
2017,6,2017-06,Strathcona,236,60,59,34,39,12,11,8,13,0
2017,7,2017-07,Strathcona,235,66,46,32,40,9,17,9,16,0
2017,8,2017-08,Strathcona,263,56,59,38,56,8,10,12,24,0
2017,9,2017-09,Strathcona,248,55,62,43,48,6,13,11,10,0
2017,10,2017-10,Strathcona,320,74,96,45,60,8,11,17,9,0
2017,11,2017-11,Strathcona,288,62,89,36,45,17,15,17,7,0
2017,12,2017-12,Strathcona,243,46,81,49,38,8,10,8,3,0
2018,1,2018-01,Strathcona,277,56,85,52,51,6,13,7,7,0
2018,2,2018-02,Strathcona,231,52,86,38,30,5,10,5,5,0
2018,3,2018-03,Strathcona,232,67,49,41,39,16,12,2,6,0
2018,4,2018-04,Strathcona,275,65,66,59,37,13,17,9,9,0
2018,5,2018-05,Strathcona,218,45,71,36,32,9,10,5,10,0
2018,6,2018-06,Strathcona,230,48,61,40,39,13,14,5,10,0
2018,7,2018-07,Strathcona,254,58,59,43,41,11,14,15,13,0
2018,8,2018-08,Strathcona,270,60,71,47,49,5,15,6,17,0
2018,9,2018-09,Strathcona,258,46,74,51,40,13,15,7,12,0
2018,10,2018-10,Strathcona,277,52,96,55,36,9,12,6,11,0
2018,11,2018-11,Strathcona,268,46,101,41,34,15,16,3,12,0
2018,12,2018-12,Strathcona,231,59,59,46,37,9,12,7,2,0
2019,1,2019-01,Strathcona,227,42,82,46,24,12,11,5,5,0
2019,2,2019-02,Strathcona,191,44,40,34,44,8,12,6,3,0
2019,3,2019-03,Strathcona,216,61,53,36,39,3,12,8,4,0
2019,4,2019-04,Strathcona,289,58,97,53,47,8,13,5,8,0
2019,5,2019-05,Strathcona,249,64,58,36,47,8,16,8,12,0
2019,6,2019-06,Strathcona,340,63,120,54,49,12,23,9,10,0
2019,7,2019-07,Strathcona,339,75,103,51,42,13,21,18,16,0
2019,8,2019-08,Strathcona,322,62,88,49,58,11,17,15,22,0
2019,9,2019-09,Strathcona,328,70,83,51,51,13,33,10,17,0
2019,10,2019-10,Strathcona,318,61,94,52,44,24,19,10,14,0
2019,11,2019-11,Strathcona,273,69,81,42,39,10,17,7,8,0
2019,12,2019-12,Strathcona,227,59,47,37,35,16,17,9,7,0
2020,1,2020-01,Strathcona,258,54,59,49,48,14,25,5,4,0
2020,2,2020-02,Strathcona,265,51,73,59,38,10,20,5,9,0
2020,3,2020-03,Strathcona,304,58,67,75,37,11,40,11,5,0
2020,4,2020-04,Strathcona,263,44,57,61,49,16,23,7,6,0
2020,5,2020-05,Strathcona,211,36,35,56,53,9,7,3,12,0
2020,6,2020-06,Strathcona,212,43,40,46,46,6,15,8,8,0
2020,7,2020-07,Strathcona,280,73,46,69,50,6,7,10,19,0
2020,8,2020-08,Strathcona,264,70,55,41,54,9,12,11,12,0
2020,9,2020-09,Strathcona,276,55,57,60,60,9,13,10,12,0
2020,10,2020-10,Strathcona,251,62,60,39,49,7,12,6,16,0
2020,11,2020-11,Strathcona,214,58,43,42,38,6,18,6,3,0
2020,12,2020-12,Strathcona,251,60,47,52,60,11,10,6,5,0
2021,1,2021-01,Strathcona,224,46,60,43,42,4,17,7,5,0
2021,2,2021-02,Strathcona,169,35,30,35,44,7,12,3,3,0
2021,3,2021-03,Strathcona,188,40,28,44,54,8,8,4,2,0
2021,4,2021-04,Strathcona,223,49,33,49,56,12,11,10,3,0
2021,5,2021-05,Strathcona,205,40,21,52,59,12,13,4,4,0
2021,6,2021-06,Strathcona,167,36,28,35,40,8,11,2,7,0
2021,7,2021-07,Strathcona,189,40,24,35,53,7,14,6,10,0
2021,8,2021-08,Strathcona,208,52,30,41,47,8,14,7,9,0
2021,9,2021-09,Strathcona,199,52,29,34,51,5,9,10,9,0
2021,10,2021-10,Strathcona,180,52,28,40,39,6,4,6,5,0
2021,11,2021-11,Strathcona,211,57,40,42,39,15,7,7,4,0
2021,12,2021-12,Strathcona,161,41,24,29,45,4,10,5,3,0
2022,1,2022-01,Strathcona,203,49,34,41,54,5,12,4,4,0
2022,2,2022-02,Strathcona,185,43,30,42,39,14,7,6,4,0
2022,3,2022-03,Strathcona,212,49,54,43,32,7,19,6,2,0
2022,4,2022-04,Strathcona,190,44,28,54,39,3,12,4,6,0
2022,5,2022-05,Strathcona,209,41,39,54,49,5,11,7,3,0
2022,6,2022-06,Strathcona,215,44,43,49,54,6,7,3,9,0
2022,7,2022-07,Strathcona,256,60,41,50,66,6,19,7,7,0
2022,8,2022-08,Strathcona,245,65,42,50,47,7,12,13,9,0
2022,9,2022-09,Strathcona,223,42,47,54,49,5,12,7,7,0
2022,10,2022-10,Strathcona,241,54,59,45,46,9,9,14,5,0
2022,11,2022-11,Strathcona,169,49,28,41,36,6,4,4,1,0
2022,12,2022-12,Strathcona,176,51,32,28,45,8,9,1,2,0
2023,1,2023-01,Strathcona,208,48,41,38,52,11,9,4,5,0
2023,2,2023-02,Strathcona,185,44,35,38,40,8,9,7,4,0
2023,3,2023-03,Strathcona,258,55,58,66,54,7,10,6,2,0
2023,4,2023-04,Strathcona,194,54,36,49,30,7,9,3,6,0
2023,5,2023-05,Strathcona,233,64,45,46,47,8,14,5,4,0
2023,6,2023-06,Strathcona,266,77,36,58,63,10,13,3,6,0
2023,7,2023-07,Strathcona,246,85,31,45,61,11,6,7,0,0
2023,8,2023-08,Strathcona,272,94,28,63,58,6,11,8,4,0
2023,9,2023-09,Strathcona,265,73,35,66,59,9,15,2,6,0
2023,10,2023-10,Strathcona,227,69,34,60,37,7,11,4,5,0
2023,11,2023-11,Strathcona,197,61,23,45,41,8,10,6,3,0
2023,12,2023-12,Strathcona,206,44,36,59,48,4,7,7,1,0
2024,1,2024-01,Strathcona,159,48,17,38,39,5,4,7,1,0
2024,2,2024-02,Strathcona,149,54,18,31,27,10,5,3,1,0
2024,3,2024-03,Strathcona,158,55,17,29,36,9,10,1,1,0
2024,4,2024-04,Strathcona,177,56,27,28,45,6,9,2,4,0
2024,5,2024-05,Strathcona,222,58,42,45,47,7,13,5,5,0
2024,6,2024-06,Strathcona,197,35,34,42,57,10,10,6,3,0
2024,7,2024-07,Strathcona,225,57,34,45,55,11,9,9,5,0
2024,8,2024-08,Strathcona,205,63,28,36,42,14,11,10,1,0
2024,9,2024-09,Strathcona,174,54,29,41,35,3,8,2,2,0
2024,10,2024-10,Strathcona,217,57,28,54,50,8,13,5,2,0
2024,11,2024-11,Strathcona,152,58,22,32,29,3,4,1,3,0
2024,12,2024-12,Strathcona,190,53,22,52,45,7,4,3,4,0
2025,1,2025-01,Strathcona,156,52,17,36,40,3,4,2,2,0
2025,2,2025-02,Strathcona,184,51,36,39,35,8,8,5,2,0
2025,3,2025-03,Strathcona,163,41,25,41,42,7,4,0,3,0
2025,4,2025-04,Strathcona,166,43,33,44,33,3,5,4,1,0
2025,5,2025-05,Strathcona,187,59,27,33,43,5,5,9,6,0
2025,6,2025-06,Strathcona,172,48,24,39,35,7,5,5,9,0
2025,7,2025-07,Strathcona,192,61,31,49,32,6,8,2,3,0
2025,8,2025-08,Strathcona,209,65,44,31,41,4,11,6,7,0
2025,9,2025-09,Strathcona,201,58,33,52,29,7,18,1,3,0
2025,10,2025-10,Strathcona,191,48,41,49,29,9,7,5,3,0
2025,11,2025-11,Strathcona,204,58,36,43,44,10,6,3,4,0
2025,12,2025-12,Strathcona,186,66,35,48,28,4,3,2,0,0
2026,1,2026-01,Strathcona,233,67,34,72,44,6,7,2,1,0
2026,2,2026-02,Strathcona,259,80,53,62,41,8,7,2,6,0
2026,3,2026-03,Strathcona,225,68,44,45,38,11,11,4,4,0
2026,4,2026-04,Strathcona,212,76,30,42,39,8,9,4,4,0
2026,5,2026-05,Strathcona,235,69,30,63,45,6,8,6,8,0
2026,6,2026-06,Strathcona,207,71,24,50,37,8,7,3,7,0
2026,7,2026-07,Strathcona,258,96,35,60,39,10,13,2,3,0
2026,8,2026-08,Strathcona,226,87,28,38,39,8,13,3,10,0
2026,9,2026-09,Strathcona,175,46,30,48,21,3,14,7,6,1
2003,1,2003-01,Sunset,161,23,48,21,11,28,5,25,0,0
2003,2,2003-02,Sunset,154,28,42,12,10,26,9,27,0,0
2003,3,2003-03,Sunset,158,25,41,25,8,28,1,30,0,0
2003,4,2003-04,Sunset,196,20,62,34,7,27,10,35,1,0
2003,5,2003-05,Sunset,211,27,85,24,9,32,7,27,0,0
2003,6,2003-06,Sunset,175,20,62,34,11,10,12,25,1,0
2003,7,2003-07,Sunset,152,17,41,29,8,15,15,24,3,0
2003,8,2003-08,Sunset,178,28,44,26,11,30,11,26,2,0
2003,9,2003-09,Sunset,157,17,31,27,15,37,4,26,0,0
2003,10,2003-10,Sunset,200,25,50,30,14,45,7,28,1,0
2003,11,2003-11,Sunset,194,23,61,31,15,20,9,35,0,0
2003,12,2003-12,Sunset,180,18,73,18,7,26,6,30,2,0
2004,1,2004-01,Sunset,156,27,58,17,6,25,5,17,1,0
2004,2,2004-02,Sunset,204,25,67,19,7,37,11,37,1,0
2004,3,2004-03,Sunset,192,18,54,33,12,31,11,33,0,0
2004,4,2004-04,Sunset,129,20,35,20,20,21,3,9,1,0
2004,5,2004-05,Sunset,175,26,44,20,10,30,7,35,3,0
2004,6,2004-06,Sunset,165,22,38,33,12,25,4,30,1,0
2004,7,2004-07,Sunset,137,22,35,14,8,25,5,26,2,0
2004,8,2004-08,Sunset,179,29,55,16,15,24,8,31,1,0
2004,9,2004-09,Sunset,171,24,32,20,14,35,13,32,1,0
2004,10,2004-10,Sunset,184,15,40,37,8,41,7,36,0,0
2004,11,2004-11,Sunset,178,16,50,31,7,35,11,27,1,0
2004,12,2004-12,Sunset,160,22,30,27,16,27,9,28,1,0
2005,1,2005-01,Sunset,174,31,40,23,8,21,12,39,0,0
2005,2,2005-02,Sunset,125,18,40,13,4,20,6,24,0,0
2005,3,2005-03,Sunset,173,27,54,23,12,20,5,31,1,0
2005,4,2005-04,Sunset,150,18,41,20,11,15,6,39,0,0
2005,5,2005-05,Sunset,162,27,47,18,10,26,9,23,2,0
2005,6,2005-06,Sunset,160,23,42,26,10,16,7,35,1,0
2005,7,2005-07,Sunset,138,20,45,23,6,11,3,29,1,0
2005,8,2005-08,Sunset,141,19,37,11,14,14,9,36,1,0
2005,9,2005-09,Sunset,161,21,50,16,18,16,8,29,3,0
2005,10,2005-10,Sunset,174,23,54,26,9,22,7,33,0,0
2005,11,2005-11,Sunset,171,8,72,17,13,18,6,34,3,0
2005,12,2005-12,Sunset,141,13,35,22,10,24,9,28,0,0
2006,1,2006-01,Sunset,183,11,55,26,16,20,22,33,0,0
2006,2,2006-02,Sunset,144,17,41,22,13,16,15,20,0,0
2006,3,2006-03,Sunset,194,13,61,27,12,28,21,32,0,0
2006,4,2006-04,Sunset,165,18,48,22,20,28,10,16,3,0
2006,5,2006-05,Sunset,169,16,84,19,5,20,10,15,0,0
2006,6,2006-06,Sunset,186,20,68,28,17,23,8,20,2,0
2006,7,2006-07,Sunset,165,14,43,27,11,28,24,17,1,0
2006,8,2006-08,Sunset,135,17,44,24,10,15,14,9,2,0
2006,9,2006-09,Sunset,135,24,32,18,13,12,16,19,1,0
2006,10,2006-10,Sunset,146,19,36,31,7,18,13,19,3,0
2006,11,2006-11,Sunset,138,21,27,16,17,26,11,19,1,0
2006,12,2006-12,Sunset,139,17,46,15,20,23,5,13,0,0
2007,1,2007-01,Sunset,154,19,46,12,17,27,17,15,1,0
2007,2,2007-02,Sunset,136,18,30,32,12,17,4,21,2,0
2007,3,2007-03,Sunset,133,25,27,20,15,20,6,20,0,0
2007,4,2007-04,Sunset,112,19,22,19,12,17,7,16,0,0
2007,5,2007-05,Sunset,144,30,33,28,10,22,12,9,0,0
2007,6,2007-06,Sunset,142,18,28,27,13,26,11,17,2,0
2007,7,2007-07,Sunset,167,31,38,17,18,23,9,28,3,0
2007,8,2007-08,Sunset,156,21,50,23,12,27,7,13,3,0
2007,9,2007-09,Sunset,160,20,63,26,21,10,9,11,0,0
2007,10,2007-10,Sunset,135,36,36,27,9,11,4,11,1,0
2007,11,2007-11,Sunset,129,20,38,20,17,10,9,15,0,0
2007,12,2007-12,Sunset,125,24,24,20,19,17,10,10,1,0
2008,1,2008-01,Sunset,131,25,30,20,16,20,12,8,0,0
2008,2,2008-02,Sunset,151,22,33,31,12,21,7,25,0,0
2008,3,2008-03,Sunset,120,17,22,30,15,16,14,6,0,0
2008,4,2008-04,Sunset,135,28,24,34,13,17,8,9,2,0
2008,5,2008-05,Sunset,105,17,14,18,15,13,18,6,4,0
2008,6,2008-06,Sunset,121,19,32,18,15,16,9,11,1,0
2008,7,2008-07,Sunset,118,18,15,32,13,7,14,12,7,0
2008,8,2008-08,Sunset,118,28,17,16,29,8,11,5,4,0
2008,9,2008-09,Sunset,96,23,12,21,19,8,2,11,0,0
2008,10,2008-10,Sunset,108,26,23,23,11,4,6,15,0,0
2008,11,2008-11,Sunset,103,17,25,21,8,16,5,11,0,0
2008,12,2008-12,Sunset,92,22,16,12,21,8,3,10,0,0
2009,1,2009-01,Sunset,100,23,21,16,14,9,5,12,0,0
2009,2,2009-02,Sunset,106,26,23,20,12,5,13,7,0,0
2009,3,2009-03,Sunset,107,36,16,25,13,5,2,7,3,0
2009,4,2009-04,Sunset,105,26,16,24,7,13,10,9,0,0
2009,5,2009-05,Sunset,98,21,19,20,10,3,11,14,0,0
2009,6,2009-06,Sunset,124,24,25,22,21,13,11,5,3,0
2009,7,2009-07,Sunset,82,28,11,17,6,9,2,8,1,0
2009,8,2009-08,Sunset,131,28,24,26,17,19,6,10,1,0
2009,9,2009-09,Sunset,89,18,19,14,10,6,7,14,1,0
2009,10,2009-10,Sunset,107,18,32,19,9,10,10,9,0,0
2009,11,2009-11,Sunset,109,26,33,16,12,5,3,14,0,0
2009,12,2009-12,Sunset,114,24,30,22,14,11,5,8,0,0
2010,1,2010-01,Sunset,122,23,36,20,13,11,8,10,1,0
2010,2,2010-02,Sunset,78,16,10,20,12,8,3,8,1,0
2010,3,2010-03,Sunset,87,22,24,12,10,9,6,4,0,0
2010,4,2010-04,Sunset,111,36,23,13,9,16,1,9,4,0
2010,5,2010-05,Sunset,122,25,26,28,12,13,9,8,1,0
2010,6,2010-06,Sunset,122,27,25,21,15,13,11,9,1,0
2010,7,2010-07,Sunset,103,29,22,14,19,8,5,2,4,0
2010,8,2010-08,Sunset,99,22,30,15,10,8,2,8,4,0
2010,9,2010-09,Sunset,138,33,38,15,16,12,9,11,4,0
2010,10,2010-10,Sunset,132,28,37,24,16,11,7,7,2,0
2010,11,2010-11,Sunset,99,23,23,15,12,11,2,11,2,0
2010,12,2010-12,Sunset,89,22,10,15,17,15,5,5,0,0
2011,1,2011-01,Sunset,77,21,20,8,7,11,5,5,0,0
2011,2,2011-02,Sunset,70,18,19,16,6,9,1,1,0,0
2011,3,2011-03,Sunset,72,9,19,15,16,4,2,6,1,0
2011,4,2011-04,Sunset,109,20,20,29,19,9,5,6,1,0
2011,5,2011-05,Sunset,94,14,15,18,20,9,3,12,3,0
2011,6,2011-06,Sunset,74,15,15,13,9,9,3,9,1,0
2011,7,2011-07,Sunset,92,17,26,14,10,13,3,7,2,0
2011,8,2011-08,Sunset,88,18,21,18,8,6,9,6,2,0
2011,9,2011-09,Sunset,83,16,20,19,12,6,2,6,2,0
2011,10,2011-10,Sunset,102,24,22,24,9,12,2,8,1,0
2011,11,2011-11,Sunset,69,16,8,10,20,11,0,3,1,0
2011,12,2011-12,Sunset,83,18,18,24,13,5,0,5,0,0
2012,1,2012-01,Sunset,61,13,15,16,5,8,1,3,0,0
2012,2,2012-02,Sunset,80,18,19,18,10,7,3,3,2,0
2012,3,2012-03,Sunset,87,22,21,11,3,15,3,11,1,0
2012,4,2012-04,Sunset,105,11,34,15,19,16,4,6,0,0
2012,5,2012-05,Sunset,86,22,16,19,10,13,1,5,0,0
2012,6,2012-06,Sunset,99,21,19,22,13,19,1,3,1,0
2012,7,2012-07,Sunset,88,17,20,19,10,16,2,2,2,0
2012,8,2012-08,Sunset,107,17,24,20,11,22,4,7,2,0
2012,9,2012-09,Sunset,90,25,19,14,10,14,4,2,2,0
2012,10,2012-10,Sunset,106,29,17,14,13,21,5,5,2,0
2012,11,2012-11,Sunset,125,27,34,15,14,18,10,7,0,0
2012,12,2012-12,Sunset,116,12,39,17,14,22,6,3,3,0
2013,1,2013-01,Sunset,78,12,28,11,8,11,3,4,1,0
2013,2,2013-02,Sunset,81,11,24,8,8,10,13,7,0,0
2013,3,2013-03,Sunset,94,17,20,21,5,14,8,8,1,0
2013,4,2013-04,Sunset,108,21,24,21,18,11,4,5,4,0
2013,5,2013-05,Sunset,88,21,14,17,12,6,5,9,4,0
2013,6,2013-06,Sunset,74,16,23,11,6,12,4,2,0,0
2013,7,2013-07,Sunset,85,17,16,18,14,11,3,1,5,0
2013,8,2013-08,Sunset,87,26,11,17,16,10,2,2,3,0
2013,9,2013-09,Sunset,84,22,14,12,10,10,8,5,3,0
2013,10,2013-10,Sunset,90,15,34,19,10,3,2,2,5,0
2013,11,2013-11,Sunset,80,20,22,9,7,10,5,5,2,0
2013,12,2013-12,Sunset,89,16,27,11,12,16,3,3,1,0
2014,1,2014-01,Sunset,78,12,19,17,6,10,7,5,2,0
2014,2,2014-02,Sunset,62,18,11,10,4,9,4,6,0,0
2014,3,2014-03,Sunset,97,23,22,21,8,12,3,5,3,0
2014,4,2014-04,Sunset,82,16,20,17,9,9,4,6,1,0
2014,5,2014-05,Sunset,100,28,24,11,10,12,3,9,3,0
2014,6,2014-06,Sunset,97,24,18,12,16,9,5,8,5,0
2014,7,2014-07,Sunset,70,13,18,12,5,11,5,3,3,0
2014,8,2014-08,Sunset,107,36,28,10,7,13,2,8,3,0
2014,9,2014-09,Sunset,65,16,11,13,3,6,5,6,5,0
2014,10,2014-10,Sunset,77,18,12,11,12,11,7,6,0,0
2014,11,2014-11,Sunset,76,20,16,7,12,8,6,6,1,0
2014,12,2014-12,Sunset,78,21,16,15,5,10,6,5,0,0
2015,1,2015-01,Sunset,75,15,14,6,17,13,2,7,1,0
2015,2,2015-02,Sunset,66,27,8,11,5,7,6,2,0,0
2015,3,2015-03,Sunset,78,29,15,8,11,7,3,2,3,0
2015,4,2015-04,Sunset,89,21,28,14,6,7,4,7,2,0
2015,5,2015-05,Sunset,74,12,14,11,11,13,5,5,3,0
2015,6,2015-06,Sunset,78,21,17,10,9,7,3,8,3,0
2015,7,2015-07,Sunset,80,23,16,15,4,7,7,5,3,0
2015,8,2015-08,Sunset,78,16,25,11,9,8,1,7,1,0
2015,9,2015-09,Sunset,78,20,21,11,4,7,2,9,4,0
2015,10,2015-10,Sunset,85,20,29,6,8,10,2,2,8,0
2015,11,2015-11,Sunset,97,29,29,12,11,2,3,10,1,0
2015,12,2015-12,Sunset,86,27,31,10,5,3,1,6,3,0
2016,1,2016-01,Sunset,90,22,23,10,11,13,2,9,0,0
2016,2,2016-02,Sunset,76,14,21,16,5,8,4,5,3,0
2016,3,2016-03,Sunset,94,20,33,14,5,9,2,7,4,0
2016,4,2016-04,Sunset,92,19,28,13,6,9,6,9,2,0
2016,5,2016-05,Sunset,94,40,24,9,8,5,2,4,2,0
2016,6,2016-06,Sunset,89,24,19,14,7,11,3,8,3,0
2016,7,2016-07,Sunset,108,23,29,15,13,9,3,14,2,0
2016,8,2016-08,Sunset,101,26,15,20,13,20,0,4,3,0
2016,9,2016-09,Sunset,72,15,23,13,5,5,1,10,0,0
2016,10,2016-10,Sunset,96,30,29,12,3,8,3,10,1,0
2016,11,2016-11,Sunset,74,24,13,11,9,8,4,4,1,0
2016,12,2016-12,Sunset,100,18,28,13,14,13,6,6,2,0
2017,1,2017-01,Sunset,63,13,16,7,11,6,5,5,0,0
2017,2,2017-02,Sunset,62,18,12,12,6,5,3,6,0,0
2017,3,2017-03,Sunset,92,18,19,20,13,2,6,13,1,0
2017,4,2017-04,Sunset,88,18,28,15,10,7,4,4,2,0
2017,5,2017-05,Sunset,79,16,24,12,10,9,1,7,0,0
2017,6,2017-06,Sunset,65,12,15,13,7,7,2,8,1,0
2017,7,2017-07,Sunset,83,22,24,12,5,13,1,6,0,0
2017,8,2017-08,Sunset,69,11,30,12,5,6,1,1,3,0
2017,9,2017-09,Sunset,88,13,33,16,9,4,9,3,1,0
2017,10,2017-10,Sunset,85,18,30,18,3,6,3,6,1,0
2017,11,2017-11,Sunset,74,12,32,8,3,7,3,5,4,0
2017,12,2017-12,Sunset,92,15,40,13,12,4,5,3,0,0
2018,1,2018-01,Sunset,97,23,32,22,7,4,2,6,1,0
2018,2,2018-02,Sunset,75,18,28,15,5,1,1,6,1,0
2018,3,2018-03,Sunset,79,13,34,15,5,6,4,2,0,0
2018,4,2018-04,Sunset,94,18,45,16,1,7,3,4,0,0
2018,5,2018-05,Sunset,111,24,42,14,6,12,3,4,6,0
2018,6,2018-06,Sunset,84,25,29,6,4,9,3,8,0,0
2018,7,2018-07,Sunset,103,25,41,11,5,4,5,6,6,0
2018,8,2018-08,Sunset,85,14,32,8,12,11,3,3,2,0
2018,9,2018-09,Sunset,69,14,20,16,5,5,3,6,0,0
2018,10,2018-10,Sunset,81,15,20,23,6,5,4,6,2,0
2018,11,2018-11,Sunset,87,26,20,11,6,16,2,5,1,0
2018,12,2018-12,Sunset,106,22,39,18,5,11,4,7,0,0
2019,1,2019-01,Sunset,114,38,31,9,6,2,14,12,2,0
2019,2,2019-02,Sunset,76,22,20,18,5,1,5,5,0,0
2019,3,2019-03,Sunset,86,28,20,13,7,4,8,3,3,0
2019,4,2019-04,Sunset,118,21,46,12,7,7,11,11,3,0
2019,5,2019-05,Sunset,104,26,38,13,8,3,8,7,1,0
2019,6,2019-06,Sunset,107,25,39,13,5,7,9,4,5,0
2019,7,2019-07,Sunset,95,25,36,12,7,3,3,4,5,0
2019,8,2019-08,Sunset,107,30,32,12,8,11,5,6,3,0
2019,9,2019-09,Sunset,114,26,42,12,11,8,8,0,7,0
2019,10,2019-10,Sunset,95,18,37,15,8,11,0,3,3,0
2019,11,2019-11,Sunset,85,19,27,21,4,3,6,4,1,0
2019,12,2019-12,Sunset,118,24,37,24,8,13,7,4,1,0
2020,1,2020-01,Sunset,139,18,54,44,4,8,6,4,1,0
2020,2,2020-02,Sunset,82,21,27,18,3,3,8,2,0,0
2020,3,2020-03,Sunset,93,22,29,16,10,5,9,2,0,0
2020,4,2020-04,Sunset,87,18,29,22,4,7,5,0,2,0
2020,5,2020-05,Sunset,56,12,14,11,12,4,1,1,1,0
2020,6,2020-06,Sunset,63,10,15,18,6,5,3,3,3,0
2020,7,2020-07,Sunset,72,20,18,13,7,5,2,5,2,0
2020,8,2020-08,Sunset,96,23,28,13,18,1,3,5,5,0
2020,9,2020-09,Sunset,91,16,37,11,7,5,4,4,7,0
2020,10,2020-10,Sunset,101,18,38,16,10,6,5,5,3,0
2020,11,2020-11,Sunset,73,27,16,16,6,3,1,3,1,0
2020,12,2020-12,Sunset,78,28,26,15,5,2,1,0,1,0
2021,1,2021-01,Sunset,80,18,26,13,7,8,3,3,2,0
2021,2,2021-02,Sunset,72,18,24,10,6,3,5,3,3,0
2021,3,2021-03,Sunset,79,25,19,17,11,3,3,1,0,0
2021,4,2021-04,Sunset,51,18,11,9,6,4,0,2,1,0
2021,5,2021-05,Sunset,103,28,29,19,13,4,7,3,0,0
2021,6,2021-06,Sunset,66,23,16,12,6,3,2,1,3,0
2021,7,2021-07,Sunset,66,20,13,10,13,5,0,4,1,0
2021,8,2021-08,Sunset,89,35,25,12,5,6,0,5,1,0
2021,9,2021-09,Sunset,75,24,30,11,4,1,1,3,1,0
2021,10,2021-10,Sunset,79,16,18,18,12,1,4,5,5,0
2021,11,2021-11,Sunset,73,18,26,9,9,6,1,4,0,0
2021,12,2021-12,Sunset,70,22,20,10,6,3,2,3,4,0
2022,1,2022-01,Sunset,98,36,22,9,12,6,11,2,0,0
2022,2,2022-02,Sunset,96,65,9,2,4,1,9,5,1,0
2022,3,2022-03,Sunset,132,48,33,24,8,3,5,8,3,0
2022,4,2022-04,Sunset,108,55,22,9,4,8,2,5,3,0
2022,5,2022-05,Sunset,138,80,19,8,14,8,2,2,5,0
2022,6,2022-06,Sunset,127,76,22,9,9,7,1,0,3,0
2022,7,2022-07,Sunset,132,68,22,16,13,3,3,6,1,0
2022,8,2022-08,Sunset,125,87,22,2,6,1,1,1,5,0
2022,9,2022-09,Sunset,132,77,18,14,9,6,1,7,0,0
2022,10,2022-10,Sunset,141,85,27,12,6,2,5,3,1,0
2022,11,2022-11,Sunset,127,83,15,6,10,3,3,6,1,0
2022,12,2022-12,Sunset,122,87,17,4,3,4,2,5,0,0
2023,1,2023-01,Sunset,136,74,34,9,9,2,1,4,3,0
2023,2,2023-02,Sunset,153,101,21,14,5,6,3,3,0,0
2023,3,2023-03,Sunset,122,78,19,9,9,3,3,1,0,0
2023,4,2023-04,Sunset,134,77,31,5,13,1,3,3,1,0
2023,5,2023-05,Sunset,127,74,18,12,7,7,3,4,2,0
2023,6,2023-06,Sunset,126,84,19,9,7,2,1,2,2,0
2023,7,2023-07,Sunset,111,67,23,8,3,1,4,4,1,0
2023,8,2023-08,Sunset,101,58,13,12,11,3,1,2,1,0
2023,9,2023-09,Sunset,90,47,13,11,9,4,4,2,0,0
2023,10,2023-10,Sunset,101,60,14,8,7,1,4,7,0,0
2023,11,2023-11,Sunset,87,46,9,16,9,4,3,0,0,0
2023,12,2023-12,Sunset,88,50,12,6,8,2,5,5,0,0
2024,1,2024-01,Sunset,90,60,13,7,5,2,0,1,2,0
2024,2,2024-02,Sunset,95,68,8,5,7,0,1,5,1,0
2024,3,2024-03,Sunset,124,72,24,12,7,1,3,4,1,0
2024,4,2024-04,Sunset,104,59,15,9,11,2,3,4,1,0
2024,5,2024-05,Sunset,118,68,17,19,2,1,5,5,1,0
2024,6,2024-06,Sunset,111,63,19,10,6,2,1,7,3,0
2024,7,2024-07,Sunset,107,62,20,10,4,4,4,3,0,0
2024,8,2024-08,Sunset,96,65,8,8,7,3,1,3,1,0
2024,9,2024-09,Sunset,90,58,10,4,7,7,0,4,0,0
2024,10,2024-10,Sunset,90,55,8,12,3,1,4,6,1,0
2024,11,2024-11,Sunset,76,35,16,12,7,0,3,2,1,0
2024,12,2024-12,Sunset,89,47,10,13,8,2,1,6,2,0
2025,1,2025-01,Sunset,101,50,10,17,12,3,4,5,0,0
2025,2,2025-02,Sunset,59,37,9,7,1,3,2,0,0,0
2025,3,2025-03,Sunset,80,39,12,14,6,1,4,4,0,0
2025,4,2025-04,Sunset,104,61,15,15,8,1,3,1,0,0
2025,5,2025-05,Sunset,103,72,14,6,6,3,0,0,2,0
2025,6,2025-06,Sunset,102,64,13,7,7,5,2,2,2,0
2025,7,2025-07,Sunset,83,44,11,16,7,1,1,2,1,0
2025,8,2025-08,Sunset,77,40,10,15,3,3,2,1,3,0
2025,9,2025-09,Sunset,115,53,20,17,7,5,5,5,3,0
2025,10,2025-10,Sunset,95,50,17,12,3,4,5,3,1,0
2025,11,2025-11,Sunset,98,57,11,11,7,2,3,3,4,0
2025,12,2025-12,Sunset,105,62,11,8,11,6,5,2,0,0
2026,1,2026-01,Sunset,80,48,7,13,5,4,3,0,0,0
2026,2,2026-02,Sunset,86,50,10,10,7,3,4,2,0,0
2026,3,2026-03,Sunset,89,49,13,10,12,1,0,4,0,0
2026,4,2026-04,Sunset,99,51,20,14,5,1,2,5,1,0
2026,5,2026-05,Sunset,94,48,10,21,5,0,1,8,1,0
2026,6,2026-06,Sunset,104,43,23,25,5,2,2,2,2,0
2026,7,2026-07,Sunset,105,58,23,13,2,2,2,5,0,0
2026,8,2026-08,Sunset,86,31,25,18,5,4,0,1,2,0
2026,9,2026-09,Sunset,51,25,9,6,3,6,0,0,2,1
2003,1,2003-01,Victoria-Fraserview,102,11,28,18,8,17,5,15,0,0
2003,2,2003-02,Victoria-Fraserview,90,11,24,15,6,25,3,6,0,0
2003,3,2003-03,Victoria-Fraserview,96,14,32,16,7,9,1,17,0,0
2003,4,2003-04,Victoria-Fraserview,131,27,26,27,5,26,0,20,0,0
2003,5,2003-05,Victoria-Fraserview,108,18,19,17,4,25,2,22,1,0
2003,6,2003-06,Victoria-Fraserview,106,14,30,15,6,9,9,21,2,0
2003,7,2003-07,Victoria-Fraserview,72,12,20,10,6,6,5,13,0,0
2003,8,2003-08,Victoria-Fraserview,99,13,28,8,7,16,1,25,1,0
2003,9,2003-09,Victoria-Fraserview,96,13,21,11,9,23,0,18,1,0
2003,10,2003-10,Victoria-Fraserview,90,12,20,18,5,18,1,15,1,0
2003,11,2003-11,Victoria-Fraserview,111,8,35,14,6,15,7,26,0,0
2003,12,2003-12,Victoria-Fraserview,138,13,48,15,11,25,0,26,0,0
2004,1,2004-01,Victoria-Fraserview,98,8,35,11,6,16,3,19,0,0
2004,2,2004-02,Victoria-Fraserview,90,9,37,4,4,20,1,14,1,0
2004,3,2004-03,Victoria-Fraserview,124,8,30,11,14,28,4,28,1,0
2004,4,2004-04,Victoria-Fraserview,163,21,37,20,11,41,3,28,2,0
2004,5,2004-05,Victoria-Fraserview,133,13,49,15,6,21,6,23,0,0
2004,6,2004-06,Victoria-Fraserview,109,9,32,18,7,19,2,21,1,0
2004,7,2004-07,Victoria-Fraserview,96,14,25,13,11,17,0,15,1,0
2004,8,2004-08,Victoria-Fraserview,123,22,36,12,14,19,7,11,2,0
2004,9,2004-09,Victoria-Fraserview,107,10,28,15,7,22,0,23,2,0
2004,10,2004-10,Victoria-Fraserview,128,13,43,12,8,28,4,19,1,0
2004,11,2004-11,Victoria-Fraserview,125,6,48,22,6,21,1,21,0,0
2004,12,2004-12,Victoria-Fraserview,112,9,32,11,4,27,5,23,1,0
2005,1,2005-01,Victoria-Fraserview,123,12,26,14,11,29,8,23,0,0
2005,2,2005-02,Victoria-Fraserview,123,13,33,11,8,27,2,29,0,0
2005,3,2005-03,Victoria-Fraserview,111,13,34,11,5,24,6,17,1,0
2005,4,2005-04,Victoria-Fraserview,90,10,29,8,5,18,4,15,1,0
2005,5,2005-05,Victoria-Fraserview,103,16,27,10,9,17,9,13,2,0
2005,6,2005-06,Victoria-Fraserview,95,11,23,17,11,18,2,11,2,0
2005,7,2005-07,Victoria-Fraserview,102,9,36,14,8,16,9,10,0,0
2005,8,2005-08,Victoria-Fraserview,104,15,32,13,8,14,6,15,1,0
2005,9,2005-09,Victoria-Fraserview,129,6,38,16,9,29,5,25,1,0
2005,10,2005-10,Victoria-Fraserview,115,8,39,12,11,25,5,15,0,0
2005,11,2005-11,Victoria-Fraserview,90,10,27,6,6,29,4,8,0,0
2005,12,2005-12,Victoria-Fraserview,99,8,24,17,14,24,3,9,0,0
2006,1,2006-01,Victoria-Fraserview,117,14,35,13,11,33,5,6,0,0
2006,2,2006-02,Victoria-Fraserview,99,10,29,16,7,24,4,8,1,0
2006,3,2006-03,Victoria-Fraserview,115,9,32,24,6,28,1,12,3,0
2006,4,2006-04,Victoria-Fraserview,79,3,22,18,14,10,1,10,1,0
2006,5,2006-05,Victoria-Fraserview,90,13,29,12,3,21,2,10,0,0
2006,6,2006-06,Victoria-Fraserview,60,9,7,12,7,14,4,7,0,0
2006,7,2006-07,Victoria-Fraserview,76,8,24,19,6,7,5,7,0,0
2006,8,2006-08,Victoria-Fraserview,70,9,15,7,8,21,4,3,3,0
2006,9,2006-09,Victoria-Fraserview,76,11,22,13,12,12,2,4,0,0
2006,10,2006-10,Victoria-Fraserview,97,14,18,12,11,32,1,9,0,0
2006,11,2006-11,Victoria-Fraserview,102,9,34,8,15,25,2,9,0,0
2006,12,2006-12,Victoria-Fraserview,85,7,21,7,11,20,10,9,0,0
2007,1,2007-01,Victoria-Fraserview,90,7,28,14,10,15,5,11,0,0
2007,2,2007-02,Victoria-Fraserview,46,3,14,8,5,8,2,6,0,0
2007,3,2007-03,Victoria-Fraserview,61,11,14,10,8,12,1,4,1,0
2007,4,2007-04,Victoria-Fraserview,77,21,13,12,11,13,1,6,0,0
2007,5,2007-05,Victoria-Fraserview,65,9,17,8,6,16,0,7,2,0
2007,6,2007-06,Victoria-Fraserview,95,17,19,13,16,22,1,6,1,0
2007,7,2007-07,Victoria-Fraserview,77,10,18,10,7,21,0,9,2,0
2007,8,2007-08,Victoria-Fraserview,86,17,25,10,6,17,0,11,0,0
2007,9,2007-09,Victoria-Fraserview,68,14,16,7,12,8,1,6,4,0
2007,10,2007-10,Victoria-Fraserview,69,11,11,17,6,16,1,7,0,0
2007,11,2007-11,Victoria-Fraserview,66,8,17,10,6,15,0,10,0,0
2007,12,2007-12,Victoria-Fraserview,56,9,7,5,11,18,1,5,0,0
2008,1,2008-01,Victoria-Fraserview,76,7,12,14,8,23,5,7,0,0
2008,2,2008-02,Victoria-Fraserview,55,9,6,12,9,13,1,5,0,0
2008,3,2008-03,Victoria-Fraserview,71,10,13,16,9,16,1,6,0,0
2008,4,2008-04,Victoria-Fraserview,74,9,16,15,11,12,2,9,0,0
2008,5,2008-05,Victoria-Fraserview,60,7,15,8,8,7,7,6,2,0
2008,6,2008-06,Victoria-Fraserview,75,11,23,12,6,10,6,7,0,0
2008,7,2008-07,Victoria-Fraserview,56,5,11,9,10,10,3,8,0,0
2008,8,2008-08,Victoria-Fraserview,70,19,7,15,12,11,4,1,1,0
2008,9,2008-09,Victoria-Fraserview,48,11,11,6,7,5,0,8,0,0
2008,10,2008-10,Victoria-Fraserview,58,12,12,14,3,8,1,6,2,0
2008,11,2008-11,Victoria-Fraserview,68,8,30,8,7,6,1,7,1,0
2008,12,2008-12,Victoria-Fraserview,49,8,11,7,7,6,2,8,0,0
2009,1,2009-01,Victoria-Fraserview,71,8,22,8,14,9,4,6,0,0
2009,2,2009-02,Victoria-Fraserview,58,11,13,6,6,14,2,6,0,0
2009,3,2009-03,Victoria-Fraserview,58,5,11,5,10,15,2,10,0,0
2009,4,2009-04,Victoria-Fraserview,61,14,10,8,8,12,2,7,0,0
2009,5,2009-05,Victoria-Fraserview,55,11,8,9,9,8,2,7,1,0
2009,6,2009-06,Victoria-Fraserview,49,12,6,7,11,7,1,5,0,0
2009,7,2009-07,Victoria-Fraserview,73,6,23,9,10,10,1,12,2,0
2009,8,2009-08,Victoria-Fraserview,55,10,8,13,7,7,3,5,2,0
2009,9,2009-09,Victoria-Fraserview,62,6,14,11,12,6,4,8,1,0
2009,10,2009-10,Victoria-Fraserview,60,3,23,6,5,11,2,10,0,0
2009,11,2009-11,Victoria-Fraserview,77,9,12,18,14,11,2,11,0,0
2009,12,2009-12,Victoria-Fraserview,56,5,12,12,8,12,0,6,1,0
2010,1,2010-01,Victoria-Fraserview,64,6,14,8,11,13,1,11,0,0
2010,2,2010-02,Victoria-Fraserview,50,7,15,9,6,9,1,3,0,0
2010,3,2010-03,Victoria-Fraserview,61,10,11,9,11,13,1,6,0,0
2010,4,2010-04,Victoria-Fraserview,48,5,12,10,1,17,0,3,0,0
2010,5,2010-05,Victoria-Fraserview,53,11,10,6,10,13,1,2,0,0
2010,6,2010-06,Victoria-Fraserview,54,6,17,10,8,4,2,6,1,0
2010,7,2010-07,Victoria-Fraserview,60,8,17,15,5,6,1,4,4,0
2010,8,2010-08,Victoria-Fraserview,51,7,16,5,4,10,1,7,1,0
2010,9,2010-09,Victoria-Fraserview,63,3,26,6,10,12,1,5,0,0
2010,10,2010-10,Victoria-Fraserview,70,6,28,11,5,16,0,3,1,0
2010,11,2010-11,Victoria-Fraserview,70,8,8,14,3,28,2,6,1,0
2010,12,2010-12,Victoria-Fraserview,56,7,14,4,9,14,4,4,0,0
2011,1,2011-01,Victoria-Fraserview,100,10,48,8,10,21,0,3,0,0
2011,2,2011-02,Victoria-Fraserview,68,4,26,11,6,15,2,4,0,0
2011,3,2011-03,Victoria-Fraserview,51,3,10,17,4,12,3,2,0,0
2011,4,2011-04,Victoria-Fraserview,44,3,8,16,3,12,0,2,0,0
2011,5,2011-05,Victoria-Fraserview,54,9,8,12,9,14,0,2,0,0
2011,6,2011-06,Victoria-Fraserview,74,6,20,19,6,15,1,6,1,0
2011,7,2011-07,Victoria-Fraserview,57,13,14,6,6,12,3,1,2,0
2011,8,2011-08,Victoria-Fraserview,56,7,15,7,8,12,1,5,1,0
2011,9,2011-09,Victoria-Fraserview,62,7,16,17,4,15,2,1,0,0
2011,10,2011-10,Victoria-Fraserview,72,5,12,11,12,24,1,7,0,0
2011,11,2011-11,Victoria-Fraserview,69,11,9,12,10,21,2,3,1,0
2011,12,2011-12,Victoria-Fraserview,60,7,10,8,7,22,1,4,1,0
2012,1,2012-01,Victoria-Fraserview,60,9,18,6,4,19,0,4,0,0
2012,2,2012-02,Victoria-Fraserview,49,9,15,8,3,13,0,1,0,0
2012,3,2012-03,Victoria-Fraserview,65,12,14,14,8,16,0,1,0,0
2012,4,2012-04,Victoria-Fraserview,53,7,14,15,4,10,1,2,0,0
2012,5,2012-05,Victoria-Fraserview,43,6,9,8,8,8,2,2,0,0
2012,6,2012-06,Victoria-Fraserview,58,14,15,10,4,12,2,0,1,0
2012,7,2012-07,Victoria-Fraserview,62,14,18,5,3,13,2,6,1,0
2012,8,2012-08,Victoria-Fraserview,49,7,13,5,7,12,2,1,2,0
2012,9,2012-09,Victoria-Fraserview,60,8,18,5,10,15,3,1,0,0
2012,10,2012-10,Victoria-Fraserview,62,15,15,6,7,11,0,8,0,0
2012,11,2012-11,Victoria-Fraserview,55,15,14,8,4,12,1,1,0,0
2012,12,2012-12,Victoria-Fraserview,51,10,10,7,9,11,1,2,1,0
2013,1,2013-01,Victoria-Fraserview,50,9,6,11,4,18,1,0,1,0
2013,2,2013-02,Victoria-Fraserview,62,7,16,7,10,12,6,4,0,0
2013,3,2013-03,Victoria-Fraserview,70,12,21,7,9,9,5,7,0,0
2013,4,2013-04,Victoria-Fraserview,53,9,22,6,9,4,2,1,0,0
2013,5,2013-05,Victoria-Fraserview,76,11,23,8,6,23,1,3,1,0
2013,6,2013-06,Victoria-Fraserview,49,9,14,5,4,7,2,6,2,0
2013,7,2013-07,Victoria-Fraserview,40,9,3,7,9,6,3,3,0,0
2013,8,2013-08,Victoria-Fraserview,38,8,15,3,4,4,1,0,3,0
2013,9,2013-09,Victoria-Fraserview,49,13,8,9,3,11,0,4,1,0
2013,10,2013-10,Victoria-Fraserview,73,15,12,8,11,14,3,4,6,0
2013,11,2013-11,Victoria-Fraserview,61,11,15,7,9,11,3,2,3,0
2013,12,2013-12,Victoria-Fraserview,57,13,11,3,9,16,2,3,0,0
2014,1,2014-01,Victoria-Fraserview,59,9,19,8,10,7,1,5,0,0
2014,2,2014-02,Victoria-Fraserview,60,13,17,8,11,5,0,5,1,0
2014,3,2014-03,Victoria-Fraserview,71,10,18,13,9,10,1,9,1,0
2014,4,2014-04,Victoria-Fraserview,54,10,8,12,3,12,4,4,1,0
2014,5,2014-05,Victoria-Fraserview,63,14,19,9,4,10,2,4,1,0
2014,6,2014-06,Victoria-Fraserview,53,6,13,8,5,12,1,5,3,0
2014,7,2014-07,Victoria-Fraserview,55,7,15,10,6,9,2,6,0,0
2014,8,2014-08,Victoria-Fraserview,63,15,12,10,6,13,0,6,1,0
2014,9,2014-09,Victoria-Fraserview,52,4,15,3,7,13,0,10,0,0
2014,10,2014-10,Victoria-Fraserview,64,21,11,5,10,11,1,4,1,0
2014,11,2014-11,Victoria-Fraserview,42,4,10,8,2,8,3,5,2,0
2014,12,2014-12,Victoria-Fraserview,50,5,15,4,4,17,1,4,0,0
2015,1,2015-01,Victoria-Fraserview,57,8,13,9,2,15,4,6,0,0
2015,2,2015-02,Victoria-Fraserview,44,11,10,5,8,7,2,1,0,0
2015,3,2015-03,Victoria-Fraserview,63,18,16,11,5,8,1,3,1,0
2015,4,2015-04,Victoria-Fraserview,44,5,19,6,1,6,2,4,1,0
2015,5,2015-05,Victoria-Fraserview,43,8,12,4,9,6,0,2,2,0
2015,6,2015-06,Victoria-Fraserview,48,12,12,2,7,9,0,6,0,0
2015,7,2015-07,Victoria-Fraserview,49,4,17,3,6,15,3,1,0,0
2015,8,2015-08,Victoria-Fraserview,46,6,19,7,3,7,1,2,1,0
2015,9,2015-09,Victoria-Fraserview,48,8,16,6,4,9,1,2,2,0
2015,10,2015-10,Victoria-Fraserview,65,10,30,6,6,10,0,1,2,0
2015,11,2015-11,Victoria-Fraserview,74,8,25,11,8,12,4,4,2,0
2015,12,2015-12,Victoria-Fraserview,77,9,35,5,5,14,3,3,3,0
2016,1,2016-01,Victoria-Fraserview,58,19,19,6,1,10,2,1,0,0
2016,2,2016-02,Victoria-Fraserview,42,8,14,2,6,6,2,2,2,0
2016,3,2016-03,Victoria-Fraserview,46,6,16,6,3,10,2,3,0,0
2016,4,2016-04,Victoria-Fraserview,48,8,15,2,2,10,3,8,0,0
2016,5,2016-05,Victoria-Fraserview,44,11,15,9,2,2,0,5,0,0
2016,6,2016-06,Victoria-Fraserview,51,9,13,6,4,10,1,5,3,0
2016,7,2016-07,Victoria-Fraserview,57,8,16,5,4,15,0,8,1,0
2016,8,2016-08,Victoria-Fraserview,70,10,24,10,4,13,0,7,2,0
2016,9,2016-09,Victoria-Fraserview,64,12,19,8,6,14,3,2,0,0
2016,10,2016-10,Victoria-Fraserview,80,20,23,9,2,17,2,6,1,0
2016,11,2016-11,Victoria-Fraserview,62,7,21,8,1,17,0,8,0,0
2016,12,2016-12,Victoria-Fraserview,48,8,15,3,3,10,1,8,0,0
2017,1,2017-01,Victoria-Fraserview,52,9,17,6,6,8,1,5,0,0
2017,2,2017-02,Victoria-Fraserview,54,14,10,10,6,4,7,3,0,0
2017,3,2017-03,Victoria-Fraserview,55,14,17,8,1,7,3,5,0,0
2017,4,2017-04,Victoria-Fraserview,61,11,22,11,6,6,1,3,1,0
2017,5,2017-05,Victoria-Fraserview,67,15,24,5,8,9,0,5,1,0
2017,6,2017-06,Victoria-Fraserview,57,17,12,13,2,6,1,4,2,0
2017,7,2017-07,Victoria-Fraserview,68,12,25,8,3,9,0,8,3,0
2017,8,2017-08,Victoria-Fraserview,56,23,10,13,2,3,1,3,1,0
2017,9,2017-09,Victoria-Fraserview,77,12,33,14,4,9,3,0,2,0
2017,10,2017-10,Victoria-Fraserview,65,14,25,13,2,5,2,4,0,0
2017,11,2017-11,Victoria-Fraserview,66,11,26,9,4,9,1,5,1,0
2017,12,2017-12,Victoria-Fraserview,65,18,22,7,3,9,1,5,0,0
2018,1,2018-01,Victoria-Fraserview,47,12,12,11,1,4,2,4,1,0
2018,2,2018-02,Victoria-Fraserview,45,12,14,7,3,3,1,5,0,0
2018,3,2018-03,Victoria-Fraserview,63,15,20,7,3,14,2,2,0,0
2018,4,2018-04,Victoria-Fraserview,68,15,34,7,1,8,0,2,1,0
2018,5,2018-05,Victoria-Fraserview,51,15,13,3,5,11,1,2,1,0
2018,6,2018-06,Victoria-Fraserview,64,9,25,13,4,7,1,3,2,0
2018,7,2018-07,Victoria-Fraserview,55,9,17,11,5,7,1,2,3,0
2018,8,2018-08,Victoria-Fraserview,60,10,18,8,7,6,1,8,2,0
2018,9,2018-09,Victoria-Fraserview,55,15,19,5,4,7,2,2,1,0
2018,10,2018-10,Victoria-Fraserview,36,7,16,6,1,3,1,1,1,0
2018,11,2018-11,Victoria-Fraserview,55,6,23,9,5,6,1,3,2,0
2018,12,2018-12,Victoria-Fraserview,67,18,28,7,5,4,2,2,1,0
2019,1,2019-01,Victoria-Fraserview,53,13,22,6,5,3,0,4,0,0
2019,2,2019-02,Victoria-Fraserview,49,10,22,10,2,3,0,2,0,0
2019,3,2019-03,Victoria-Fraserview,60,10,30,9,6,2,1,1,1,0
2019,4,2019-04,Victoria-Fraserview,70,11,34,10,5,5,1,2,2,0
2019,5,2019-05,Victoria-Fraserview,65,8,27,14,4,4,2,5,1,0
2019,6,2019-06,Victoria-Fraserview,72,10,37,9,4,5,1,4,2,0
2019,7,2019-07,Victoria-Fraserview,68,14,29,14,5,2,1,2,1,0
2019,8,2019-08,Victoria-Fraserview,47,11,17,6,2,3,3,3,2,0
2019,9,2019-09,Victoria-Fraserview,68,13,27,11,5,8,1,3,0,0
2019,10,2019-10,Victoria-Fraserview,53,13,15,8,5,7,2,1,2,0
2019,11,2019-11,Victoria-Fraserview,55,11,25,5,3,4,1,4,2,0
2019,12,2019-12,Victoria-Fraserview,62,11,26,5,4,10,4,2,0,0
2020,1,2020-01,Victoria-Fraserview,73,15,24,13,9,5,3,4,0,0
2020,2,2020-02,Victoria-Fraserview,63,14,16,15,6,7,2,3,0,0
2020,3,2020-03,Victoria-Fraserview,63,14,22,11,2,10,0,4,0,0
2020,4,2020-04,Victoria-Fraserview,48,10,19,6,7,1,2,3,0,0
2020,5,2020-05,Victoria-Fraserview,39,11,17,4,2,2,0,1,2,0
2020,6,2020-06,Victoria-Fraserview,47,10,16,10,2,5,1,2,1,0
2020,7,2020-07,Victoria-Fraserview,38,11,17,8,0,1,0,1,0,0
2020,8,2020-08,Victoria-Fraserview,41,10,11,7,5,0,3,1,4,0
2020,9,2020-09,Victoria-Fraserview,40,7,14,5,5,3,3,2,1,0
2020,10,2020-10,Victoria-Fraserview,51,21,10,7,3,4,3,2,1,0
2020,11,2020-11,Victoria-Fraserview,46,13,15,10,1,1,1,2,3,0
2020,12,2020-12,Victoria-Fraserview,41,12,16,4,3,2,2,2,0,0
2021,1,2021-01,Victoria-Fraserview,36,8,15,5,2,1,3,1,1,0
2021,2,2021-02,Victoria-Fraserview,41,14,8,6,3,4,2,1,3,0
2021,3,2021-03,Victoria-Fraserview,44,10,12,7,4,7,1,2,1,0
2021,4,2021-04,Victoria-Fraserview,37,13,12,5,2,2,0,1,2,0
2021,5,2021-05,Victoria-Fraserview,50,8,23,3,3,5,3,4,1,0
2021,6,2021-06,Victoria-Fraserview,39,9,11,4,3,4,3,2,3,0
2021,7,2021-07,Victoria-Fraserview,57,14,17,13,3,4,3,1,2,0
2021,8,2021-08,Victoria-Fraserview,60,11,18,12,7,1,2,5,4,0
2021,9,2021-09,Victoria-Fraserview,35,10,11,2,5,1,3,1,2,0
2021,10,2021-10,Victoria-Fraserview,61,12,21,16,6,3,1,2,0,0
2021,11,2021-11,Victoria-Fraserview,46,7,14,9,6,4,0,5,1,0
2021,12,2021-12,Victoria-Fraserview,48,11,13,5,4,4,2,7,2,0
2022,1,2022-01,Victoria-Fraserview,52,6,18,12,10,1,3,2,0,0
2022,2,2022-02,Victoria-Fraserview,46,14,11,7,4,5,2,3,0,0
2022,3,2022-03,Victoria-Fraserview,47,11,22,5,3,3,0,2,1,0
2022,4,2022-04,Victoria-Fraserview,51,9,16,14,3,3,0,5,1,0
2022,5,2022-05,Victoria-Fraserview,52,9,23,7,6,1,2,2,2,0
2022,6,2022-06,Victoria-Fraserview,51,13,18,4,8,1,3,2,2,0
2022,7,2022-07,Victoria-Fraserview,45,11,12,10,4,0,3,4,1,0
2022,8,2022-08,Victoria-Fraserview,39,10,16,2,3,4,1,3,0,0
2022,9,2022-09,Victoria-Fraserview,60,7,27,8,4,2,2,6,4,0
2022,10,2022-10,Victoria-Fraserview,47,10,15,7,1,5,2,5,2,0
2022,11,2022-11,Victoria-Fraserview,49,12,16,10,7,2,0,1,1,0
2022,12,2022-12,Victoria-Fraserview,43,12,18,5,3,3,1,0,1,0
2023,1,2023-01,Victoria-Fraserview,50,13,16,4,6,4,2,5,0,0
2023,2,2023-02,Victoria-Fraserview,48,16,13,3,6,2,3,5,0,0
2023,3,2023-03,Victoria-Fraserview,38,6,17,5,4,2,0,4,0,0
2023,4,2023-04,Victoria-Fraserview,40,4,23,3,5,3,2,0,0,0
2023,5,2023-05,Victoria-Fraserview,46,1,23,7,9,3,0,3,0,0
2023,6,2023-06,Victoria-Fraserview,49,11,17,7,4,3,2,5,0,0
2023,7,2023-07,Victoria-Fraserview,27,3,7,3,3,6,3,2,0,0
2023,8,2023-08,Victoria-Fraserview,47,12,14,9,5,4,2,1,0,0
2023,9,2023-09,Victoria-Fraserview,47,12,17,7,5,1,1,3,1,0
2023,10,2023-10,Victoria-Fraserview,53,13,16,13,3,0,6,2,0,0
2023,11,2023-11,Victoria-Fraserview,41,8,9,14,2,4,3,1,0,0
2023,12,2023-12,Victoria-Fraserview,49,8,9,14,7,3,3,4,1,0
2024,1,2024-01,Victoria-Fraserview,41,13,12,6,4,0,4,2,0,0
2024,2,2024-02,Victoria-Fraserview,42,15,12,5,1,5,0,3,1,0
2024,3,2024-03,Victoria-Fraserview,46,21,11,6,5,1,0,1,1,0
2024,4,2024-04,Victoria-Fraserview,48,16,16,7,3,1,2,3,0,0
2024,5,2024-05,Victoria-Fraserview,47,22,11,6,4,1,1,1,1,0
2024,6,2024-06,Victoria-Fraserview,51,13,19,6,3,6,1,3,0,0
2024,7,2024-07,Victoria-Fraserview,64,13,17,14,8,4,2,5,1,0
2024,8,2024-08,Victoria-Fraserview,43,15,14,4,5,1,1,2,1,0
2024,9,2024-09,Victoria-Fraserview,29,15,4,3,3,1,2,1,0,0
2024,10,2024-10,Victoria-Fraserview,53,15,21,6,6,1,2,1,1,0
2024,11,2024-11,Victoria-Fraserview,48,13,12,5,7,1,4,6,0,0
2024,12,2024-12,Victoria-Fraserview,41,16,7,5,5,5,0,2,1,0
2025,1,2025-01,Victoria-Fraserview,41,15,10,7,7,1,1,0,0,0
2025,2,2025-02,Victoria-Fraserview,31,9,6,7,3,4,0,2,0,0
2025,3,2025-03,Victoria-Fraserview,41,14,7,9,4,2,2,2,1,0
2025,4,2025-04,Victoria-Fraserview,39,7,14,11,3,1,0,1,2,0
2025,5,2025-05,Victoria-Fraserview,45,12,11,10,9,0,2,1,0,0
2025,6,2025-06,Victoria-Fraserview,44,3,20,10,5,0,1,3,2,0
2025,7,2025-07,Victoria-Fraserview,40,17,7,4,7,4,0,0,1,0
2025,8,2025-08,Victoria-Fraserview,51,7,17,11,8,1,0,5,2,0
2025,9,2025-09,Victoria-Fraserview,36,14,9,4,4,1,1,2,1,0
2025,10,2025-10,Victoria-Fraserview,33,7,12,5,4,1,1,3,0,0
2025,11,2025-11,Victoria-Fraserview,50,11,19,6,10,2,1,0,1,0
2025,12,2025-12,Victoria-Fraserview,32,11,6,7,2,1,3,2,0,0
2026,1,2026-01,Victoria-Fraserview,36,10,9,3,8,1,1,2,2,0
2026,2,2026-02,Victoria-Fraserview,42,13,8,6,8,1,1,2,3,0
2026,3,2026-03,Victoria-Fraserview,37,11,14,3,6,0,0,2,1,0
2026,4,2026-04,Victoria-Fraserview,42,9,15,10,4,1,2,0,1,0
2026,5,2026-05,Victoria-Fraserview,45,9,17,14,3,2,0,0,0,0
2026,6,2026-06,Victoria-Fraserview,52,11,17,17,4,1,1,1,0,0
2026,7,2026-07,Victoria-Fraserview,53,16,20,9,4,2,0,2,0,0
2026,8,2026-08,Victoria-Fraserview,39,16,12,4,2,4,0,0,1,0
2026,9,2026-09,Victoria-Fraserview,28,10,10,1,4,0,0,3,0,1
2003,1,2003-01,West End,537,90,187,60,43,63,11,65,18,0
2003,2,2003-02,West End,463,112,144,46,26,44,8,62,21,0
2003,3,2003-03,West End,555,123,167,61,32,65,15,77,15,0
2003,4,2003-04,West End,538,125,188,58,29,59,18,46,15,0
2003,5,2003-05,West End,534,128,208,59,17,41,24,45,12,0
2003,6,2003-06,West End,570,157,170,61,30,51,27,45,29,0
2003,7,2003-07,West End,566,147,182,59,24,51,23,45,35,0
2003,8,2003-08,West End,569,140,171,51,41,62,17,53,34,0
2003,9,2003-09,West End,452,117,133,42,21,68,16,32,23,0
2003,10,2003-10,West End,500,112,166,51,27,61,31,36,16,0
2003,11,2003-11,West End,427,94,116,50,29,65,25,37,11,0
2003,12,2003-12,West End,405,98,146,40,22,31,24,40,4,0
2004,1,2004-01,West End,486,110,162,40,37,58,33,40,6,0
2004,2,2004-02,West End,326,96,109,27,20,30,8,28,8,0
2004,3,2004-03,West End,381,94,143,32,26,29,15,35,7,0
2004,4,2004-04,West End,481,120,206,35,23,24,27,34,12,0
2004,5,2004-05,West End,478,99,189,43,29,34,26,43,15,0
2004,6,2004-06,West End,482,96,205,42,32,24,32,32,19,0
2004,7,2004-07,West End,468,124,174,39,25,20,19,32,35,0
2004,8,2004-08,West End,537,146,184,65,36,28,18,48,12,0
2004,9,2004-09,West End,458,91,192,35,30,30,28,33,19,0
2004,10,2004-10,West End,463,127,151,25,41,47,27,34,11,0
2004,11,2004-11,West End,395,117,130,32,33,38,22,19,4,0
2004,12,2004-12,West End,434,140,165,25,24,43,24,12,1,0
2005,1,2005-01,West End,333,82,129,23,23,28,11,27,10,0
2005,2,2005-02,West End,328,86,119,23,35,15,19,26,5,0
2005,3,2005-03,West End,410,122,119,42,37,39,18,22,11,0
2005,4,2005-04,West End,387,128,113,29,32,30,17,25,13,0
2005,5,2005-05,West End,462,112,174,26,33,57,15,21,24,0
2005,6,2005-06,West End,424,127,131,32,24,47,13,23,27,0
2005,7,2005-07,West End,391,119,114,33,30,34,12,24,25,0
2005,8,2005-08,West End,410,141,128,21,35,28,9,15,33,0
2005,9,2005-09,West End,359,108,104,29,33,24,13,19,29,0
2005,10,2005-10,West End,401,136,112,40,30,21,20,21,21,0
2005,11,2005-11,West End,316,114,73,23,28,22,26,18,12,0
2005,12,2005-12,West End,355,96,134,24,31,22,19,23,6,0
2006,1,2006-01,West End,441,105,159,42,48,42,18,19,8,0
2006,2,2006-02,West End,318,92,119,20,33,18,11,19,6,0
2006,3,2006-03,West End,320,107,99,24,37,19,10,17,7,0
2006,4,2006-04,West End,323,78,99,32,37,45,9,18,5,0
2006,5,2006-05,West End,364,89,125,32,35,35,14,26,8,0
2006,6,2006-06,West End,419,105,156,31,46,29,15,20,17,0
2006,7,2006-07,West End,472,127,151,39,44,52,10,17,32,0
2006,8,2006-08,West End,418,126,114,33,42,46,15,23,19,0
2006,9,2006-09,West End,416,120,137,41,38,36,14,21,9,0
2006,10,2006-10,West End,376,101,98,37,36,46,15,26,17,0
2006,11,2006-11,West End,349,100,109,28,27,43,13,17,12,0
2006,12,2006-12,West End,415,99,158,32,46,32,21,20,7,0
2007,1,2007-01,West End,417,114,156,38,35,28,20,18,8,0
2007,2,2007-02,West End,287,86,94,24,24,19,16,18,6,0
2007,3,2007-03,West End,366,83,151,21,44,22,23,13,9,0
2007,4,2007-04,West End,384,100,129,31,49,37,19,11,8,0
2007,5,2007-05,West End,376,97,145,37,40,15,18,18,6,0
2007,6,2007-06,West End,326,88,105,26,41,26,12,18,10,0
2007,7,2007-07,West End,386,118,108,35,50,20,16,18,21,0
2007,8,2007-08,West End,456,137,110,48,47,40,22,29,23,0
2007,9,2007-09,West End,312,91,95,18,25,27,17,27,12,0
2007,10,2007-10,West End,319,74,108,29,48,23,15,14,8,0
2007,11,2007-11,West End,325,84,96,18,34,59,8,22,4,0
2007,12,2007-12,West End,285,79,78,33,39,28,7,18,3,0
2008,1,2008-01,West End,313,91,99,25,36,35,9,14,4,0
2008,2,2008-02,West End,364,78,124,66,38,23,15,17,3,0
2008,3,2008-03,West End,385,83,145,55,33,22,18,26,3,0
2008,4,2008-04,West End,356,92,133,30,29,37,15,14,6,0
2008,5,2008-05,West End,361,91,124,31,40,27,15,18,15,0
2008,6,2008-06,West End,331,94,109,29,35,17,8,16,23,0
2008,7,2008-07,West End,343,106,96,29,44,27,7,10,24,0
2008,8,2008-08,West End,366,114,119,31,37,20,20,15,10,0
2008,9,2008-09,West End,314,101,94,22,37,18,8,17,17,0
2008,10,2008-10,West End,349,96,111,29,49,23,20,15,6,0
2008,11,2008-11,West End,322,79,127,37,32,12,8,22,5,0
2008,12,2008-12,West End,308,75,127,24,38,18,19,4,3,0
2009,1,2009-01,West End,284,82,106,23,36,7,15,13,2,0
2009,2,2009-02,West End,289,78,115,28,34,13,12,4,5,0
2009,3,2009-03,West End,234,81,78,26,22,13,5,5,4,0
2009,4,2009-04,West End,267,93,73,29,30,13,8,5,16,0
2009,5,2009-05,West End,296,95,85,35,28,15,9,8,21,0
2009,6,2009-06,West End,243,94,62,18,23,13,5,10,18,0
2009,7,2009-07,West End,303,101,68,33,23,13,15,7,43,0
2009,8,2009-08,West End,318,99,76,28,38,9,14,15,39,0
2009,9,2009-09,West End,254,83,76,27,23,8,8,12,17,0
2009,10,2009-10,West End,304,95,90,22,40,21,11,12,13,0
2009,11,2009-11,West End,242,63,85,23,32,15,11,10,3,0
2009,12,2009-12,West End,276,78,103,19,25,16,15,18,2,0
2010,1,2010-01,West End,281,78,78,43,36,9,14,18,5,0
2010,2,2010-02,West End,243,91,56,30,30,13,10,5,8,0
2010,3,2010-03,West End,301,83,104,29,34,16,14,8,13,0
2010,4,2010-04,West End,246,89,53,19,30,20,18,7,10,0
2010,5,2010-05,West End,247,87,50,27,29,16,12,8,18,0
2010,6,2010-06,West End,273,93,45,29,47,25,12,6,16,0
2010,7,2010-07,West End,256,95,53,28,26,16,7,5,26,0
2010,8,2010-08,West End,333,103,85,33,28,7,14,11,52,0
2010,9,2010-09,West End,288,88,81,21,30,5,16,7,40,0
2010,10,2010-10,West End,259,63,72,34,30,11,15,6,28,0
2010,11,2010-11,West End,194,63,46,37,24,6,6,3,9,0
2010,12,2010-12,West End,193,57,49,12,29,17,10,16,3,0
2011,1,2011-01,West End,171,71,26,22,24,8,11,7,2,0
2011,2,2011-02,West End,190,57,53,23,32,8,5,7,5,0
2011,3,2011-03,West End,224,98,48,27,22,17,4,6,2,0
2011,4,2011-04,West End,204,78,42,24,32,6,4,5,13,0
2011,5,2011-05,West End,222,74,53,31,32,19,6,4,3,0
2011,6,2011-06,West End,282,101,48,35,44,12,11,7,24,0
2011,7,2011-07,West End,373,106,111,29,34,11,22,9,51,0
2011,8,2011-08,West End,292,100,69,35,30,7,11,4,36,0
2011,9,2011-09,West End,254,77,64,29,37,8,11,5,23,0
2011,10,2011-10,West End,202,84,33,28,32,2,3,5,15,0
2011,11,2011-11,West End,200,77,42,24,21,11,8,6,11,0
2011,12,2011-12,West End,191,60,59,24,20,7,10,4,7,0
2012,1,2012-01,West End,215,60,57,30,31,3,19,9,6,0
2012,2,2012-02,West End,219,64,51,32,34,5,19,4,10,0
2012,3,2012-03,West End,212,59,61,28,23,6,16,12,7,0
2012,4,2012-04,West End,223,63,67,14,39,12,13,9,6,0
2012,5,2012-05,West End,235,95,37,20,26,5,16,7,29,0
2012,6,2012-06,West End,226,75,49,20,38,7,12,7,18,0
2012,7,2012-07,West End,230,83,27,24,31,12,6,9,38,0
2012,8,2012-08,West End,289,89,59,30,46,20,7,1,37,0
2012,9,2012-09,West End,224,91,34,25,31,5,7,3,28,0
2012,10,2012-10,West End,201,48,41,27,31,14,7,7,26,0
2012,11,2012-11,West End,237,93,65,30,21,6,13,1,8,0
2012,12,2012-12,West End,219,69,60,24,27,13,16,5,5,0
2013,1,2013-01,West End,195,81,25,23,35,10,7,3,11,0
2013,2,2013-02,West End,172,50,40,22,28,9,9,8,6,0
2013,3,2013-03,West End,233,75,50,32,32,8,19,11,6,0
2013,4,2013-04,West End,194,57,59,21,21,6,11,4,15,0
2013,5,2013-05,West End,280,110,72,32,26,9,10,2,19,0
2013,6,2013-06,West End,319,116,77,24,34,9,21,4,34,0
2013,7,2013-07,West End,284,102,70,33,26,7,9,9,28,0
2013,8,2013-08,West End,293,103,63,23,32,14,10,3,45,0
2013,9,2013-09,West End,262,70,66,27,28,32,13,3,23,0
2013,10,2013-10,West End,264,87,94,22,30,6,13,2,10,0
2013,11,2013-11,West End,206,68,52,25,28,5,11,7,10,0
2013,12,2013-12,West End,257,78,97,29,27,7,17,2,0,0
2014,1,2014-01,West End,257,96,59,23,40,7,16,5,11,0
2014,2,2014-02,West End,197,75,49,25,23,4,10,4,7,0
2014,3,2014-03,West End,231,78,56,20,35,11,17,6,8,0
2014,4,2014-04,West End,225,80,48,23,20,8,19,4,23,0
2014,5,2014-05,West End,259,92,65,25,27,8,18,5,19,0
2014,6,2014-06,West End,284,92,71,29,31,7,21,8,25,0
2014,7,2014-07,West End,337,92,82,41,39,13,17,7,46,0
2014,8,2014-08,West End,347,110,96,36,29,16,12,7,41,0
2014,9,2014-09,West End,364,100,129,33,25,10,20,8,39,0
2014,10,2014-10,West End,322,82,87,52,30,7,31,11,22,0
2014,11,2014-11,West End,221,65,57,23,22,18,24,7,5,0
2014,12,2014-12,West End,248,89,64,19,26,10,13,6,21,0
2015,1,2015-01,West End,255,73,86,18,26,13,23,8,8,0
2015,2,2015-02,West End,252,60,83,28,28,7,22,8,16,0
2015,3,2015-03,West End,229,70,64,22,28,11,18,7,9,0
2015,4,2015-04,West End,260,97,64,22,26,6,24,6,15,0
2015,5,2015-05,West End,258,82,66,20,25,9,15,6,35,0
2015,6,2015-06,West End,306,95,59,21,33,9,35,5,49,0
2015,7,2015-07,West End,335,119,58,27,30,7,28,10,56,0
2015,8,2015-08,West End,315,128,58,30,27,7,16,5,44,0
2015,9,2015-09,West End,279,97,74,19,28,5,11,12,33,0
2015,10,2015-10,West End,328,100,72,38,38,8,21,18,33,0
2015,11,2015-11,West End,280,79,97,19,43,7,12,11,12,0
2015,12,2015-12,West End,297,107,98,18,19,9,24,6,16,0
2016,1,2016-01,West End,374,111,127,30,47,6,24,13,16,0
2016,2,2016-02,West End,245,80,73,23,33,3,20,2,11,0
2016,3,2016-03,West End,311,99,100,34,25,7,18,13,15,0
2016,4,2016-04,West End,337,116,94,30,34,6,22,9,26,0
2016,5,2016-05,West End,343,121,85,27,29,4,29,5,43,0
2016,6,2016-06,West End,351,123,88,27,27,6,25,9,46,0
2016,7,2016-07,West End,415,135,126,46,33,3,27,13,32,0
2016,8,2016-08,West End,351,137,75,20,32,11,25,13,38,0
2016,9,2016-09,West End,305,97,96,23,18,6,32,12,21,0
2016,10,2016-10,West End,309,113,76,27,38,5,24,13,13,0
2016,11,2016-11,West End,260,98,73,23,24,3,25,5,9,0
2016,12,2016-12,West End,251,107,58,22,29,4,18,5,8,0
2017,1,2017-01,West End,258,92,78,18,38,6,14,5,7,0
2017,2,2017-02,West End,215,95,56,12,21,2,10,10,9,0
2017,3,2017-03,West End,293,92,84,39,31,4,21,3,19,0
2017,4,2017-04,West End,325,106,103,40,24,7,20,11,14,0
2017,5,2017-05,West End,330,95,99,28,44,7,21,15,21,0
2017,6,2017-06,West End,304,118,81,23,24,6,15,14,23,0
2017,7,2017-07,West End,349,124,95,35,35,11,15,5,29,0
2017,8,2017-08,West End,363,95,112,41,37,10,20,13,35,0
2017,9,2017-09,West End,348,112,113,29,43,8,11,8,24,0
2017,10,2017-10,West End,335,100,114,48,31,5,13,10,14,0
2017,11,2017-11,West End,327,112,109,41,35,3,14,9,4,0
2017,12,2017-12,West End,290,77,95,45,31,5,24,8,5,0
2018,1,2018-01,West End,333,72,137,38,34,3,32,7,10,0
2018,2,2018-02,West End,257,67,77,36,27,10,33,4,3,0
2018,3,2018-03,West End,330,84,118,54,25,9,28,4,8,0
2018,4,2018-04,West End,278,70,106,32,22,5,19,8,16,0
2018,5,2018-05,West End,273,86,89,27,24,5,13,10,19,0
2018,6,2018-06,West End,278,96,81,26,31,5,13,4,22,0
2018,7,2018-07,West End,302,92,99,34,31,5,4,6,31,0
2018,8,2018-08,West End,334,94,113,35,35,8,11,10,28,0
2018,9,2018-09,West End,361,82,139,33,43,5,22,4,33,0
2018,10,2018-10,West End,334,78,146,45,28,3,15,5,14,0
2018,11,2018-11,West End,326,61,149,43,27,6,20,9,11,0
2018,12,2018-12,West End,400,72,206,51,33,7,19,4,8,0
2019,1,2019-01,West End,382,76,201,38,34,6,13,6,8,0
2019,2,2019-02,West End,280,65,133,31,32,2,9,6,2,0
2019,3,2019-03,West End,303,95,112,30,27,5,14,10,10,0
2019,4,2019-04,West End,305,93,108,36,28,7,17,7,9,0
2019,5,2019-05,West End,353,80,136,39,32,6,30,11,19,0
2019,6,2019-06,West End,309,91,90,37,38,4,27,10,12,0
2019,7,2019-07,West End,387,101,142,62,30,2,14,12,24,0
2019,8,2019-08,West End,425,123,139,39,41,11,36,7,29,0
2019,9,2019-09,West End,393,99,157,39,26,8,21,13,30,0
2019,10,2019-10,West End,370,95,158,38,34,5,21,4,15,0
2019,11,2019-11,West End,327,89,127,30,32,3,24,10,12,0
2019,12,2019-12,West End,311,81,112,34,33,2,32,11,6,0
2020,1,2020-01,West End,344,96,129,47,36,1,21,4,10,0
2020,2,2020-02,West End,331,101,103,42,37,0,34,5,9,0
2020,3,2020-03,West End,309,69,97,48,42,5,31,6,11,0
2020,4,2020-04,West End,226,34,72,44,28,1,29,5,13,0
2020,5,2020-05,West End,208,39,41,42,49,3,22,7,5,0
2020,6,2020-06,West End,219,50,52,30,48,0,13,6,20,0
2020,7,2020-07,West End,235,38,69,39,41,2,21,3,22,0
2020,8,2020-08,West End,229,48,54,35,36,5,20,9,22,0
2020,9,2020-09,West End,280,53,69,47,45,6,34,9,17,0
2020,10,2020-10,West End,279,66,82,37,26,5,35,7,21,0
2020,11,2020-11,West End,202,56,55,25,27,2,23,2,12,0
2020,12,2020-12,West End,209,47,60,28,43,6,17,2,6,0
2021,1,2021-01,West End,208,57,63,27,42,2,12,2,3,0
2021,2,2021-02,West End,203,60,61,24,36,1,12,5,4,0
2021,3,2021-03,West End,178,36,48,20,40,6,12,7,9,0
2021,4,2021-04,West End,189,46,62,23,33,2,11,3,9,0
2021,5,2021-05,West End,225,45,48,41,53,5,20,3,10,0
2021,6,2021-06,West End,215,61,52,25,40,1,19,3,14,0
2021,7,2021-07,West End,262,64,56,34,55,1,15,6,31,0
2021,8,2021-08,West End,283,64,75,46,52,2,26,3,15,0
2021,9,2021-09,West End,252,51,74,40,49,2,14,7,15,0
2021,10,2021-10,West End,249,51,89,47,43,1,13,1,4,0
2021,11,2021-11,West End,276,79,73,40,45,5,21,1,12,0
2021,12,2021-12,West End,242,68,50,44,46,2,14,8,10,0
2022,1,2022-01,West End,231,57,52,49,42,2,23,1,5,0
2022,2,2022-02,West End,206,54,42,37,40,2,24,4,3,0
2022,3,2022-03,West End,220,65,67,34,32,1,12,3,6,0
2022,4,2022-04,West End,211,85,45,19,29,1,17,2,13,0
2022,5,2022-05,West End,240,78,46,30,51,2,17,3,13,0
2022,6,2022-06,West End,221,77,45,25,33,2,18,5,16,0
2022,7,2022-07,West End,280,88,59,33,63,5,11,3,18,0
2022,8,2022-08,West End,272,71,67,37,47,5,16,5,24,0
2022,9,2022-09,West End,260,67,64,31,44,0,25,6,23,0
2022,10,2022-10,West End,255,79,56,35,31,8,17,9,20,0
2022,11,2022-11,West End,194,52,36,23,34,0,17,6,26,0
2022,12,2022-12,West End,218,58,61,30,40,1,12,2,14,0
2023,1,2023-01,West End,203,46,54,28,34,7,24,1,9,0
2023,2,2023-02,West End,199,80,37,30,30,2,11,2,7,0
2023,3,2023-03,West End,204,55,46,33,34,1,25,4,6,0
2023,4,2023-04,West End,197,77,41,31,29,2,9,1,7,0
2023,5,2023-05,West End,231,99,44,23,43,1,6,2,13,0
2023,6,2023-06,West End,249,95,52,24,37,2,11,9,19,0
2023,7,2023-07,West End,272,111,50,32,45,5,11,3,15,0
2023,8,2023-08,West End,278,96,41,57,39,2,19,7,17,0
2023,9,2023-09,West End,276,94,62,33,48,3,18,3,15,0
2023,10,2023-10,West End,248,96,51,28,49,3,10,3,8,0
2023,11,2023-11,West End,200,71,36,20,43,1,18,3,8,0
2023,12,2023-12,West End,221,101,29,35,30,1,14,6,5,0
2024,1,2024-01,West End,199,67,37,30,48,0,10,3,4,0
2024,2,2024-02,West End,193,64,42,26,31,4,15,6,5,0
2024,3,2024-03,West End,214,75,51,30,39,0,9,2,8,0
2024,4,2024-04,West End,205,84,41,19,38,3,10,2,8,0
2024,5,2024-05,West End,257,96,56,41,43,1,8,2,10,0
2024,6,2024-06,West End,218,103,35,28,32,5,9,0,6,0
2024,7,2024-07,West End,258,122,49,26,40,1,5,5,10,0
2024,8,2024-08,West End,289,136,63,27,36,2,10,3,12,0
2024,9,2024-09,West End,208,95,32,22,28,3,12,1,15,0
2024,10,2024-10,West End,175,79,26,23,28,4,8,2,5,0
2024,11,2024-11,West End,204,82,41,27,34,1,13,1,5,0
2024,12,2024-12,West End,228,89,48,29,31,2,18,2,9,0
2025,1,2025-01,West End,221,93,40,33,28,3,18,1,5,0
2025,2,2025-02,West End,202,100,25,28,30,2,7,4,6,0
2025,3,2025-03,West End,220,101,34,31,31,2,14,1,6,0
2025,4,2025-04,West End,213,98,39,23,29,6,7,3,8,0
2025,5,2025-05,West End,234,84,64,25,31,1,14,4,11,0
2025,6,2025-06,West End,230,104,37,28,30,5,14,0,12,0
2025,7,2025-07,West End,236,104,38,31,36,1,8,3,15,0
2025,8,2025-08,West End,229,122,24,24,36,1,8,2,12,0
2025,9,2025-09,West End,235,101,45,36,33,2,11,1,6,0
2025,10,2025-10,West End,204,85,38,30,35,3,10,1,2,0
2025,11,2025-11,West End,199,77,41,33,29,4,8,4,3,0
2025,12,2025-12,West End,201,93,34,26,33,6,5,1,3,0
2026,1,2026-01,West End,221,108,34,37,24,0,10,3,5,0
2026,2,2026-02,West End,234,125,45,31,19,2,9,1,2,0
2026,3,2026-03,West End,215,109,40,23,24,1,11,1,6,0
2026,4,2026-04,West End,208,108,26,36,20,2,5,3,8,0
2026,5,2026-05,West End,227,99,33,35,36,1,15,1,7,0
2026,6,2026-06,West End,208,115,28,25,26,3,9,1,1,0
2026,7,2026-07,West End,236,128,36,30,30,1,7,0,4,0
2026,8,2026-08,West End,260,125,34,50,28,1,7,2,13,0
2026,9,2026-09,West End,202,127,17,19,20,3,4,3,9,1
2003,1,2003-01,West Point Grey,58,7,15,3,1,19,5,8,0,0
2003,2,2003-02,West Point Grey,29,2,8,5,1,6,1,4,2,0
2003,3,2003-03,West Point Grey,40,7,15,5,0,7,2,3,1,0
2003,4,2003-04,West Point Grey,51,10,10,6,0,14,2,6,3,0
2003,5,2003-05,West Point Grey,71,11,18,12,0,17,1,7,5,0
2003,6,2003-06,West Point Grey,73,16,15,9,2,17,3,9,2,0
2003,7,2003-07,West Point Grey,70,17,11,16,2,16,3,2,3,0
2003,8,2003-08,West Point Grey,37,8,7,3,3,6,4,3,3,0
2003,9,2003-09,West Point Grey,53,10,13,6,1,12,4,5,2,0
2003,10,2003-10,West Point Grey,62,6,21,2,6,10,3,10,4,0
2003,11,2003-11,West Point Grey,43,14,8,5,1,7,1,6,1,0
2003,12,2003-12,West Point Grey,48,4,16,7,1,13,0,7,0,0
2004,1,2004-01,West Point Grey,62,4,20,9,3,18,4,4,0,0
2004,2,2004-02,West Point Grey,54,6,14,2,3,16,5,5,3,0
2004,3,2004-03,West Point Grey,56,4,16,5,4,14,4,7,2,0
2004,4,2004-04,West Point Grey,55,9,15,5,3,11,4,7,1,0
2004,5,2004-05,West Point Grey,59,10,25,5,1,12,0,4,2,0
2004,6,2004-06,West Point Grey,51,9,15,5,1,11,6,3,1,0
2004,7,2004-07,West Point Grey,57,11,11,9,3,9,4,3,7,0
2004,8,2004-08,West Point Grey,67,16,19,4,2,10,6,5,5,0
2004,9,2004-09,West Point Grey,83,13,39,6,3,9,4,6,3,0
2004,10,2004-10,West Point Grey,77,19,22,3,1,11,5,12,4,0
2004,11,2004-11,West Point Grey,78,7,33,5,3,15,1,11,3,0
2004,12,2004-12,West Point Grey,58,6,22,5,2,14,1,8,0,0
2005,1,2005-01,West Point Grey,73,3,27,9,2,17,2,12,1,0
2005,2,2005-02,West Point Grey,50,9,16,4,1,11,1,7,1,0
2005,3,2005-03,West Point Grey,71,7,25,6,4,22,2,4,1,0
2005,4,2005-04,West Point Grey,93,14,46,10,1,11,3,7,1,0
2005,5,2005-05,West Point Grey,65,10,23,12,3,9,2,5,1,0
2005,6,2005-06,West Point Grey,49,5,14,7,3,13,2,4,1,0
2005,7,2005-07,West Point Grey,52,13,13,7,2,10,0,5,2,0
2005,8,2005-08,West Point Grey,64,14,13,8,2,12,2,8,5,0
2005,9,2005-09,West Point Grey,54,9,15,9,1,9,2,5,4,0
2005,10,2005-10,West Point Grey,49,1,16,9,4,10,4,5,0,0
2005,11,2005-11,West Point Grey,38,4,8,8,1,9,5,1,2,0
2005,12,2005-12,West Point Grey,49,13,5,9,2,10,4,5,1,0
2006,1,2006-01,West Point Grey,40,4,10,4,2,10,7,2,1,0
2006,2,2006-02,West Point Grey,43,8,14,2,2,10,1,5,1,0
2006,3,2006-03,West Point Grey,49,5,16,8,1,13,1,4,1,0
2006,4,2006-04,West Point Grey,39,11,6,5,1,10,2,3,1,0
2006,5,2006-05,West Point Grey,43,13,9,4,4,8,2,2,1,0
2006,6,2006-06,West Point Grey,50,9,11,7,5,5,2,6,5,0
2006,7,2006-07,West Point Grey,57,11,17,6,4,8,1,6,4,0
2006,8,2006-08,West Point Grey,61,13,18,6,3,13,0,5,3,0
2006,9,2006-09,West Point Grey,50,9,11,8,4,7,2,6,3,0
2006,10,2006-10,West Point Grey,44,3,8,8,2,14,3,5,1,0
2006,11,2006-11,West Point Grey,32,4,9,6,2,7,2,2,0,0
2006,12,2006-12,West Point Grey,43,4,16,6,3,12,0,2,0,0
2007,1,2007-01,West Point Grey,40,10,8,6,3,9,2,1,1,0
2007,2,2007-02,West Point Grey,33,6,12,2,0,6,1,4,2,0
2007,3,2007-03,West Point Grey,50,4,14,10,4,7,0,7,4,0
2007,4,2007-04,West Point Grey,31,5,13,5,0,2,2,2,2,0
2007,5,2007-05,West Point Grey,47,7,13,7,3,10,3,2,2,0
2007,6,2007-06,West Point Grey,42,4,5,12,7,6,0,5,3,0
2007,7,2007-07,West Point Grey,29,4,5,4,4,7,1,1,3,0
2007,8,2007-08,West Point Grey,48,13,17,3,3,9,0,0,3,0
2007,9,2007-09,West Point Grey,43,5,16,5,2,7,2,3,3,0
2007,10,2007-10,West Point Grey,27,1,9,4,6,3,1,2,1,0
2007,11,2007-11,West Point Grey,28,2,8,5,3,7,1,2,0,0
2007,12,2007-12,West Point Grey,26,4,5,6,2,8,0,0,1,0
2008,1,2008-01,West Point Grey,33,6,9,6,2,6,2,2,0,0
2008,2,2008-02,West Point Grey,21,5,3,3,2,7,0,1,0,0
2008,3,2008-03,West Point Grey,18,2,6,2,2,3,0,1,2,0
2008,4,2008-04,West Point Grey,39,8,8,8,2,6,1,3,3,0
2008,5,2008-05,West Point Grey,26,9,4,3,1,5,1,2,1,0
2008,6,2008-06,West Point Grey,32,8,5,6,1,6,2,1,3,0
2008,7,2008-07,West Point Grey,55,11,16,4,6,9,1,5,3,0
2008,8,2008-08,West Point Grey,30,10,5,1,2,5,4,0,3,0
2008,9,2008-09,West Point Grey,22,5,4,2,4,4,0,1,2,0
2008,10,2008-10,West Point Grey,41,8,11,4,3,10,0,1,4,0
2008,11,2008-11,West Point Grey,34,9,8,7,2,4,2,1,1,0
2008,12,2008-12,West Point Grey,17,3,2,3,1,4,2,2,0,0
2009,1,2009-01,West Point Grey,41,2,17,2,4,9,2,2,3,0
2009,2,2009-02,West Point Grey,43,4,22,2,2,3,5,3,2,0
2009,3,2009-03,West Point Grey,23,9,6,3,1,2,0,0,2,0
2009,4,2009-04,West Point Grey,27,7,9,3,1,1,2,3,1,0
2009,5,2009-05,West Point Grey,34,5,10,6,2,5,1,2,3,0
2009,6,2009-06,West Point Grey,49,11,11,8,0,10,2,5,2,0
2009,7,2009-07,West Point Grey,40,8,5,8,2,4,6,3,4,0
2009,8,2009-08,West Point Grey,41,6,8,8,2,12,3,2,0,0
2009,9,2009-09,West Point Grey,31,8,8,2,4,5,0,0,4,0
2009,10,2009-10,West Point Grey,26,3,8,1,1,9,2,1,1,0
2009,11,2009-11,West Point Grey,43,7,10,3,4,12,3,1,3,0
2009,12,2009-12,West Point Grey,30,5,5,6,2,7,2,1,2,0
2010,1,2010-01,West Point Grey,43,12,12,8,4,1,4,1,1,0
2010,2,2010-02,West Point Grey,22,5,5,7,1,3,1,0,0,0
2010,3,2010-03,West Point Grey,18,9,0,2,1,2,2,1,1,0
2010,4,2010-04,West Point Grey,25,9,2,4,3,6,0,0,1,0
2010,5,2010-05,West Point Grey,28,8,3,5,2,5,1,3,1,0
2010,6,2010-06,West Point Grey,54,10,17,5,2,8,7,0,5,0
2010,7,2010-07,West Point Grey,48,12,14,9,6,0,0,3,4,0
2010,8,2010-08,West Point Grey,48,9,21,5,6,4,2,0,1,0
2010,9,2010-09,West Point Grey,29,3,11,4,0,6,1,2,2,0
2010,10,2010-10,West Point Grey,35,4,7,6,4,9,1,1,3,0
2010,11,2010-11,West Point Grey,37,4,21,4,1,5,0,2,0,0
2010,12,2010-12,West Point Grey,27,9,8,3,0,4,2,1,0,0
2011,1,2011-01,West Point Grey,24,3,7,6,0,6,0,2,0,0
2011,2,2011-02,West Point Grey,21,9,7,0,3,1,0,0,1,0
2011,3,2011-03,West Point Grey,25,3,10,3,4,3,2,0,0,0
2011,4,2011-04,West Point Grey,24,5,5,2,3,8,1,0,0,0
2011,5,2011-05,West Point Grey,34,10,3,3,3,10,0,2,3,0
2011,6,2011-06,West Point Grey,43,9,6,10,6,5,1,3,3,0
2011,7,2011-07,West Point Grey,53,7,12,19,5,2,1,2,5,0
2011,8,2011-08,West Point Grey,30,3,11,4,3,2,1,3,3,0
2011,9,2011-09,West Point Grey,40,8,16,1,0,6,3,0,6,0
2011,10,2011-10,West Point Grey,35,7,8,6,2,7,2,2,1,0
2011,11,2011-11,West Point Grey,30,6,12,8,0,3,1,0,0,0
2011,12,2011-12,West Point Grey,20,6,7,1,0,3,1,1,1,0
2012,1,2012-01,West Point Grey,15,7,2,0,2,1,0,1,2,0
2012,2,2012-02,West Point Grey,20,3,6,4,0,3,3,0,1,0
2012,3,2012-03,West Point Grey,28,7,11,5,0,3,0,1,1,0
2012,4,2012-04,West Point Grey,43,11,15,5,1,6,2,1,2,0
2012,5,2012-05,West Point Grey,15,2,5,3,2,1,0,1,1,0
2012,6,2012-06,West Point Grey,38,14,9,8,1,1,1,3,1,0
2012,7,2012-07,West Point Grey,48,12,15,5,7,7,0,1,1,0
2012,8,2012-08,West Point Grey,43,8,17,5,5,2,3,1,2,0
2012,9,2012-09,West Point Grey,47,10,5,3,3,18,2,4,2,0
2012,10,2012-10,West Point Grey,32,8,4,4,2,9,2,0,3,0
2012,11,2012-11,West Point Grey,23,5,8,3,1,3,0,0,3,0
2012,12,2012-12,West Point Grey,30,5,11,2,1,6,1,2,2,0
2013,1,2013-01,West Point Grey,21,3,6,3,2,6,0,1,0,0
2013,2,2013-02,West Point Grey,11,3,2,1,0,4,0,0,1,0
2013,3,2013-03,West Point Grey,21,4,4,2,0,5,4,1,1,0
2013,4,2013-04,West Point Grey,24,4,6,4,1,2,2,3,2,0
2013,5,2013-05,West Point Grey,26,1,10,3,2,6,0,1,3,0
2013,6,2013-06,West Point Grey,27,6,5,1,3,5,1,1,5,0
2013,7,2013-07,West Point Grey,39,6,10,7,2,5,0,4,5,0
2013,8,2013-08,West Point Grey,36,2,15,5,0,7,1,3,3,0
2013,9,2013-09,West Point Grey,23,3,5,4,2,6,2,0,1,0
2013,10,2013-10,West Point Grey,31,4,10,7,2,5,1,0,2,0
2013,11,2013-11,West Point Grey,15,2,9,0,1,2,0,0,1,0
2013,12,2013-12,West Point Grey,34,4,20,3,0,4,3,0,0,0
2014,1,2014-01,West Point Grey,31,6,7,5,2,8,2,0,1,0
2014,2,2014-02,West Point Grey,22,8,5,3,1,2,1,1,1,0
2014,3,2014-03,West Point Grey,20,5,4,3,1,3,1,1,2,0
2014,4,2014-04,West Point Grey,24,3,5,7,0,5,0,2,2,0
2014,5,2014-05,West Point Grey,38,3,14,7,1,9,0,3,1,0
2014,6,2014-06,West Point Grey,35,8,5,2,1,14,1,1,3,0
2014,7,2014-07,West Point Grey,47,5,16,3,2,11,4,2,4,0
2014,8,2014-08,West Point Grey,58,17,15,4,0,15,2,4,1,0
2014,9,2014-09,West Point Grey,34,6,7,9,3,1,1,0,7,0
2014,10,2014-10,West Point Grey,54,8,17,8,3,9,6,2,1,0
2014,11,2014-11,West Point Grey,24,4,4,4,1,6,2,1,2,0
2014,12,2014-12,West Point Grey,25,4,11,1,0,6,0,0,3,0
2015,1,2015-01,West Point Grey,31,7,5,1,3,9,2,1,3,0
2015,2,2015-02,West Point Grey,24,12,7,0,3,1,0,0,1,0
2015,3,2015-03,West Point Grey,21,4,6,3,2,4,2,0,0,0
2015,4,2015-04,West Point Grey,25,6,15,1,1,2,0,0,0,0
2015,5,2015-05,West Point Grey,26,3,7,1,3,9,1,1,1,0
2015,6,2015-06,West Point Grey,41,10,14,4,0,3,3,4,3,0
2015,7,2015-07,West Point Grey,44,12,14,5,2,3,1,2,5,0
2015,8,2015-08,West Point Grey,44,11,6,1,4,14,4,2,2,0
2015,9,2015-09,West Point Grey,47,7,20,4,2,4,2,2,6,0
2015,10,2015-10,West Point Grey,37,10,9,7,1,1,1,1,7,0
2015,11,2015-11,West Point Grey,46,3,13,5,3,15,2,2,3,0
2015,12,2015-12,West Point Grey,34,2,15,5,0,6,4,1,1,0
2016,1,2016-01,West Point Grey,38,7,11,5,2,8,5,0,0,0
2016,2,2016-02,West Point Grey,36,2,13,5,1,3,4,5,3,0
2016,3,2016-03,West Point Grey,29,3,9,2,1,6,3,1,4,0
2016,4,2016-04,West Point Grey,44,10,12,9,1,8,0,1,3,0
2016,5,2016-05,West Point Grey,33,8,6,5,0,10,0,1,3,0
2016,6,2016-06,West Point Grey,55,8,14,8,2,8,3,0,12,0
2016,7,2016-07,West Point Grey,36,5,10,6,1,10,1,0,3,0
2016,8,2016-08,West Point Grey,43,5,15,3,5,3,6,0,6,0
2016,9,2016-09,West Point Grey,23,1,8,6,1,5,1,0,1,0
2016,10,2016-10,West Point Grey,35,8,11,1,0,8,3,1,3,0
2016,11,2016-11,West Point Grey,36,4,7,6,0,8,6,3,2,0
2016,12,2016-12,West Point Grey,33,2,14,4,2,6,4,0,1,0
2017,1,2017-01,West Point Grey,43,5,11,8,0,11,2,5,1,0
2017,2,2017-02,West Point Grey,24,3,7,1,4,6,1,1,1,0
2017,3,2017-03,West Point Grey,37,9,7,4,3,8,3,3,0,0
2017,4,2017-04,West Point Grey,28,2,6,6,0,9,1,2,2,0
2017,5,2017-05,West Point Grey,44,5,17,6,3,5,2,2,4,0
2017,6,2017-06,West Point Grey,35,3,14,10,3,3,0,0,2,0
2017,7,2017-07,West Point Grey,55,15,18,3,2,10,0,2,5,0
2017,8,2017-08,West Point Grey,36,3,9,14,2,1,2,1,4,0
2017,9,2017-09,West Point Grey,31,7,6,7,2,6,2,0,1,0
2017,10,2017-10,West Point Grey,53,9,21,13,1,4,1,2,2,0
2017,11,2017-11,West Point Grey,37,3,11,14,2,5,1,0,1,0
2017,12,2017-12,West Point Grey,26,4,6,3,2,5,0,3,3,0
2018,1,2018-01,West Point Grey,30,3,9,4,2,10,1,0,1,0
2018,2,2018-02,West Point Grey,24,2,9,5,2,3,1,0,2,0
2018,3,2018-03,West Point Grey,31,2,14,4,1,8,1,0,1,0
2018,4,2018-04,West Point Grey,33,8,15,2,2,5,0,0,1,0
2018,5,2018-05,West Point Grey,30,4,10,4,0,4,3,4,1,0
2018,6,2018-06,West Point Grey,30,5,13,4,1,3,1,0,3,0
2018,7,2018-07,West Point Grey,33,5,13,9,0,1,2,3,0,0
2018,8,2018-08,West Point Grey,36,4,17,4,1,3,1,0,6,0
2018,9,2018-09,West Point Grey,37,3,8,2,3,10,3,3,5,0
2018,10,2018-10,West Point Grey,38,6,16,6,1,4,1,1,3,0
2018,11,2018-11,West Point Grey,37,3,16,1,0,10,2,0,5,0
2018,12,2018-12,West Point Grey,42,2,17,5,2,10,2,0,4,0
2019,1,2019-01,West Point Grey,24,3,7,6,3,2,2,0,1,0
2019,2,2019-02,West Point Grey,15,2,8,1,1,2,0,0,1,0
2019,3,2019-03,West Point Grey,29,3,17,2,3,0,0,3,1,0
2019,4,2019-04,West Point Grey,23,2,9,4,1,3,1,0,3,0
2019,5,2019-05,West Point Grey,42,11,20,5,1,1,0,1,3,0
2019,6,2019-06,West Point Grey,38,7,16,3,2,4,2,1,3,0
2019,7,2019-07,West Point Grey,50,5,20,8,3,3,2,4,5,0
2019,8,2019-08,West Point Grey,48,5,17,6,5,6,1,3,5,0
2019,9,2019-09,West Point Grey,48,10,21,3,1,8,1,2,2,0
2019,10,2019-10,West Point Grey,47,8,21,6,0,8,0,0,4,0
2019,11,2019-11,West Point Grey,33,8,7,5,1,10,0,0,2,0
2019,12,2019-12,West Point Grey,44,9,15,7,2,9,1,0,1,0
2020,1,2020-01,West Point Grey,27,4,10,1,1,7,3,1,0,0
2020,2,2020-02,West Point Grey,38,5,13,8,0,10,0,0,2,0
2020,3,2020-03,West Point Grey,33,2,12,1,2,10,2,2,2,0
2020,4,2020-04,West Point Grey,26,3,13,3,1,5,1,0,0,0
2020,5,2020-05,West Point Grey,44,6,14,2,4,12,3,1,2,0
2020,6,2020-06,West Point Grey,35,4,13,7,2,5,0,1,3,0
2020,7,2020-07,West Point Grey,40,6,14,1,1,9,1,0,8,0
2020,8,2020-08,West Point Grey,63,9,28,9,1,9,0,0,7,0
2020,9,2020-09,West Point Grey,49,4,17,1,2,15,2,2,6,0
2020,10,2020-10,West Point Grey,44,6,21,3,2,6,2,1,3,0
2020,11,2020-11,West Point Grey,42,11,13,5,1,7,3,0,2,0
2020,12,2020-12,West Point Grey,23,4,6,2,2,7,1,0,1,0
2021,1,2021-01,West Point Grey,37,6,13,6,4,6,1,0,1,0
2021,2,2021-02,West Point Grey,34,9,8,4,1,8,4,0,0,0
2021,3,2021-03,West Point Grey,21,5,7,2,1,4,0,1,1,0
2021,4,2021-04,West Point Grey,24,6,7,4,0,5,2,0,0,0
2021,5,2021-05,West Point Grey,47,6,19,8,1,8,2,3,0,0
2021,6,2021-06,West Point Grey,53,7,19,7,3,12,0,1,4,0
2021,7,2021-07,West Point Grey,22,5,5,3,1,5,1,1,1,0
2021,8,2021-08,West Point Grey,32,5,11,5,2,5,0,1,3,0
2021,9,2021-09,West Point Grey,17,3,4,1,6,3,0,0,0,0
2021,10,2021-10,West Point Grey,13,2,5,2,2,1,1,0,0,0
2021,11,2021-11,West Point Grey,25,5,8,7,2,2,0,1,0,0
2021,12,2021-12,West Point Grey,14,4,6,1,1,1,1,0,0,0
2022,1,2022-01,West Point Grey,13,2,1,2,0,6,2,0,0,0
2022,2,2022-02,West Point Grey,11,0,2,2,1,6,0,0,0,0
2022,3,2022-03,West Point Grey,34,5,9,5,0,10,2,1,2,0
2022,4,2022-04,West Point Grey,25,1,4,15,1,1,1,0,2,0
2022,5,2022-05,West Point Grey,21,1,4,5,3,5,0,0,3,0
2022,6,2022-06,West Point Grey,26,8,6,2,3,3,1,1,2,0
2022,7,2022-07,West Point Grey,21,2,6,3,3,1,2,2,2,0
2022,8,2022-08,West Point Grey,21,8,3,2,3,1,2,1,1,0
2022,9,2022-09,West Point Grey,24,3,13,2,1,4,0,1,0,0
2022,10,2022-10,West Point Grey,21,2,10,3,2,3,1,0,0,0
2022,11,2022-11,West Point Grey,6,2,0,0,0,3,0,1,0,0
2022,12,2022-12,West Point Grey,9,1,2,3,1,2,0,0,0,0
2023,1,2023-01,West Point Grey,24,3,11,3,1,2,1,1,2,0
2023,2,2023-02,West Point Grey,16,2,9,0,4,0,0,0,1,0
2023,3,2023-03,West Point Grey,23,6,5,8,0,2,1,1,0,0
2023,4,2023-04,West Point Grey,18,5,4,4,1,1,0,3,0,0
2023,5,2023-05,West Point Grey,25,6,6,4,0,2,3,1,3,0
2023,6,2023-06,West Point Grey,27,2,9,3,2,4,5,2,0,0
2023,7,2023-07,West Point Grey,35,7,12,4,3,5,1,1,2,0
2023,8,2023-08,West Point Grey,20,2,10,1,4,2,0,0,1,0
2023,9,2023-09,West Point Grey,20,4,11,0,3,1,0,0,1,0
2023,10,2023-10,West Point Grey,16,4,5,4,0,1,1,0,1,0
2023,11,2023-11,West Point Grey,19,7,3,5,2,2,0,0,0,0
2023,12,2023-12,West Point Grey,16,2,3,6,1,1,0,1,2,0
2024,1,2024-01,West Point Grey,25,2,14,5,0,3,1,0,0,0
2024,2,2024-02,West Point Grey,25,5,7,8,1,2,1,1,0,0
2024,3,2024-03,West Point Grey,19,5,2,10,0,0,0,1,1,0
2024,4,2024-04,West Point Grey,16,3,11,0,0,2,0,0,0,0
2024,5,2024-05,West Point Grey,27,5,12,6,2,2,0,0,0,0
2024,6,2024-06,West Point Grey,30,4,11,2,3,1,1,2,6,0
2024,7,2024-07,West Point Grey,21,7,5,3,2,0,0,2,2,0
2024,8,2024-08,West Point Grey,20,3,3,1,7,3,1,1,1,0
2024,9,2024-09,West Point Grey,10,6,2,2,0,0,0,0,0,0
2024,10,2024-10,West Point Grey,18,8,0,5,1,4,0,0,0,0
2024,11,2024-11,West Point Grey,16,6,4,2,0,2,1,1,0,0
2024,12,2024-12,West Point Grey,17,10,2,2,1,0,1,1,0,0
2025,1,2025-01,West Point Grey,15,3,4,3,0,2,0,2,1,0
2025,2,2025-02,West Point Grey,15,5,4,1,0,4,1,0,0,0
2025,3,2025-03,West Point Grey,11,2,5,2,1,0,1,0,0,0
2025,4,2025-04,West Point Grey,16,4,3,4,4,0,0,0,1,0
2025,5,2025-05,West Point Grey,19,8,6,0,1,1,1,0,2,0
2025,6,2025-06,West Point Grey,28,9,6,1,6,2,0,0,4,0
2025,7,2025-07,West Point Grey,13,8,1,1,1,0,1,1,0,0
2025,8,2025-08,West Point Grey,25,7,6,5,1,2,0,2,2,0
2025,9,2025-09,West Point Grey,32,7,12,6,1,2,2,0,2,0
2025,10,2025-10,West Point Grey,19,4,3,5,3,2,0,1,1,0
2025,11,2025-11,West Point Grey,25,7,6,5,3,3,1,0,0,0
2025,12,2025-12,West Point Grey,16,3,6,1,1,5,0,0,0,0
2026,1,2026-01,West Point Grey,18,6,3,4,1,1,2,0,1,0
2026,2,2026-02,West Point Grey,18,4,10,2,0,2,0,0,0,0
2026,3,2026-03,West Point Grey,25,11,5,5,0,2,1,0,1,0
2026,4,2026-04,West Point Grey,27,9,5,5,0,3,2,0,3,0
2026,5,2026-05,West Point Grey,35,12,15,4,2,0,1,0,1,0
2026,6,2026-06,West Point Grey,27,10,12,1,2,1,0,0,1,0
2026,7,2026-07,West Point Grey,20,10,2,0,3,4,0,1,0,0
2026,8,2026-08,West Point Grey,10,4,5,0,0,0,0,1,0,0
2026,9,2026-09,West Point Grey,9,3,3,1,1,0,0,1,0,1
