month_str,neighbourhood,weighted_index,incident_count,is_partial,relative_activity_tier,pct_vs_typical
2003-01,Arbutus Ridge,8927,85,0,,
2003-02,Arbutus Ridge,3909,54,0,,
2003-03,Arbutus Ridge,5117,69,0,,
2003-04,Arbutus Ridge,5983,70,0,,
2003-05,Arbutus Ridge,3947,53,0,,
2003-06,Arbutus Ridge,5552,65,0,,
2003-07,Arbutus Ridge,4079,52,0,,
2003-08,Arbutus Ridge,4982,66,0,,
2003-09,Arbutus Ridge,3718,48,0,,
2003-10,Arbutus Ridge,2567,39,0,,
2003-11,Arbutus Ridge,3871,52,0,,
2003-12,Arbutus Ridge,4674,59,0,,
2004-01,Arbutus Ridge,5377,64,0,below_typical,-39.8
2004-02,Arbutus Ridge,6774,73,0,above_typical,73.3
2004-03,Arbutus Ridge,3961,55,0,below_typical,-22.6
2004-04,Arbutus Ridge,5156,55,0,below_typical,-13.8
2004-05,Arbutus Ridge,5506,72,0,above_typical,39.5
2004-06,Arbutus Ridge,4729,61,0,below_typical,-14.8
2004-07,Arbutus Ridge,2926,47,0,below_typical,-28.3
2004-08,Arbutus Ridge,3226,43,0,below_typical,-35.2
2004-09,Arbutus Ridge,4353,58,0,above_typical,17.1
2004-10,Arbutus Ridge,6414,82,0,above_typical,149.9
2004-11,Arbutus Ridge,4351,57,0,above_typical,12.4
2004-12,Arbutus Ridge,5563,66,0,above_typical,19.0
2005-01,Arbutus Ridge,6483,73,0,above_typical,20.6
2005-02,Arbutus Ridge,4552,63,0,below_typical,-32.8
2005-03,Arbutus Ridge,4785,66,0,above_typical,20.8
2005-04,Arbutus Ridge,4041,58,0,below_typical,-21.6
2005-05,Arbutus Ridge,5445,78,0,typical,-1.1
2005-06,Arbutus Ridge,3610,48,0,below_typical,-23.7
2005-07,Arbutus Ridge,4008,59,0,above_typical,37.0
2005-08,Arbutus Ridge,3880,48,0,above_typical,20.3
2005-09,Arbutus Ridge,4032,53,0,typical,-7.4
2005-10,Arbutus Ridge,5032,55,0,below_typical,-21.5
2005-11,Arbutus Ridge,2300,37,0,below_typical,-47.1
2005-12,Arbutus Ridge,3124,39,0,below_typical,-43.8
2006-01,Arbutus Ridge,4743,55,0,below_typical,-26.8
2006-02,Arbutus Ridge,2894,45,0,below_typical,-36.4
2006-03,Arbutus Ridge,4502,58,0,typical,-5.9
2006-04,Arbutus Ridge,3054,35,0,below_typical,-24.4
2006-05,Arbutus Ridge,2454,35,0,below_typical,-54.9
2006-06,Arbutus Ridge,3627,47,0,typical,0.5
2006-07,Arbutus Ridge,2599,29,0,below_typical,-35.2
2006-08,Arbutus Ridge,4864,47,0,above_typical,25.4
2006-09,Arbutus Ridge,5355,51,0,above_typical,32.8
2006-10,Arbutus Ridge,4340,51,0,below_typical,-13.8
2006-11,Arbutus Ridge,3475,37,0,above_typical,51.1
2006-12,Arbutus Ridge,3859,41,0,above_typical,23.5
2007-01,Arbutus Ridge,3901,42,0,below_typical,-17.8
2007-02,Arbutus Ridge,3423,38,0,above_typical,18.3
2007-03,Arbutus Ridge,3927,42,0,below_typical,-12.8
2007-04,Arbutus Ridge,2899,34,0,typical,-5.1
2007-05,Arbutus Ridge,4251,40,0,above_typical,73.2
2007-06,Arbutus Ridge,3645,38,0,typical,0.5
2007-07,Arbutus Ridge,2155,27,0,below_typical,-17.1
2007-08,Arbutus Ridge,2746,37,0,below_typical,-43.5
2007-09,Arbutus Ridge,3640,43,0,below_typical,-32.0
2007-10,Arbutus Ridge,3184,33,0,below_typical,-26.6
2007-11,Arbutus Ridge,2457,29,0,below_typical,-29.3
2007-12,Arbutus Ridge,2684,34,0,below_typical,-30.4
2008-01,Arbutus Ridge,1977,27,0,below_typical,-49.3
2008-02,Arbutus Ridge,1282,20,0,below_typical,-62.5
2008-03,Arbutus Ridge,3188,33,0,below_typical,-18.8
2008-04,Arbutus Ridge,2143,29,0,below_typical,-26.1
2008-05,Arbutus Ridge,3263,43,0,below_typical,-23.2
2008-06,Arbutus Ridge,4246,50,0,above_typical,16.5
2008-07,Arbutus Ridge,4768,42,0,above_typical,121.3
2008-08,Arbutus Ridge,1602,17,0,below_typical,-41.7
2008-09,Arbutus Ridge,3767,33,0,typical,3.5
2008-10,Arbutus Ridge,3873,42,0,above_typical,21.6
2008-11,Arbutus Ridge,3276,30,0,above_typical,33.3
2008-12,Arbutus Ridge,4678,45,0,above_typical,74.3
2009-01,Arbutus Ridge,4351,46,0,above_typical,120.1
2009-02,Arbutus Ridge,2114,24,0,above_typical,64.9
2009-03,Arbutus Ridge,3384,36,0,typical,6.1
2009-04,Arbutus Ridge,4060,42,0,above_typical,89.5
2009-05,Arbutus Ridge,3169,39,0,typical,-2.9
2009-06,Arbutus Ridge,2715,41,0,below_typical,-36.1
2009-07,Arbutus Ridge,1845,28,0,below_typical,-61.3
2009-08,Arbutus Ridge,3116,42,0,above_typical,94.5
2009-09,Arbutus Ridge,4126,37,0,typical,9.5
2009-10,Arbutus Ridge,3640,34,0,typical,-6.0
2009-11,Arbutus Ridge,5186,40,0,above_typical,58.3
2009-12,Arbutus Ridge,2238,25,0,below_typical,-52.2
2010-01,Arbutus Ridge,2280,25,0,below_typical,-47.6
2010-02,Arbutus Ridge,2745,28,0,above_typical,29.8
2010-03,Arbutus Ridge,3686,40,0,typical,8.9
2010-04,Arbutus Ridge,2909,33,0,below_typical,-28.3
2010-05,Arbutus Ridge,2536,19,0,below_typical,-20.0
2010-06,Arbutus Ridge,2806,38,0,typical,3.4
2010-07,Arbutus Ridge,3251,34,0,above_typical,76.2
2010-08,Arbutus Ridge,2824,35,0,typical,-9.4
2010-09,Arbutus Ridge,2396,27,0,below_typical,-41.9
2010-10,Arbutus Ridge,3038,29,0,below_typical,-16.5
2010-11,Arbutus Ridge,4450,40,0,below_typical,-14.2
2010-12,Arbutus Ridge,3383,33,0,above_typical,51.2
2011-01,Arbutus Ridge,3577,34,0,above_typical,56.9
2011-02,Arbutus Ridge,1113,15,0,below_typical,-59.5
2011-03,Arbutus Ridge,1566,19,0,below_typical,-57.5
2011-04,Arbutus Ridge,1458,19,0,below_typical,-49.9
2011-05,Arbutus Ridge,2346,29,0,typical,-7.5
2011-06,Arbutus Ridge,3026,33,0,typical,7.8
2011-07,Arbutus Ridge,3010,32,0,typical,-7.4
2011-08,Arbutus Ridge,2890,33,0,typical,2.3
2011-09,Arbutus Ridge,3951,35,0,above_typical,64.9
2011-10,Arbutus Ridge,2300,32,0,below_typical,-24.3
2011-11,Arbutus Ridge,3367,35,0,below_typical,-24.3
2011-12,Arbutus Ridge,2268,25,0,below_typical,-33.0
2012-01,Arbutus Ridge,2006,20,0,below_typical,-43.9
2012-02,Arbutus Ridge,2158,25,0,above_typical,93.9
2012-03,Arbutus Ridge,2130,20,0,above_typical,36.0
2012-04,Arbutus Ridge,3064,42,0,above_typical,110.2
2012-05,Arbutus Ridge,1927,23,0,below_typical,-17.9
2012-06,Arbutus Ridge,3045,43,0,typical,0.6
2012-07,Arbutus Ridge,2482,29,0,below_typical,-17.5
2012-08,Arbutus Ridge,3274,43,0,above_typical,13.3
2012-09,Arbutus Ridge,2257,29,0,below_typical,-42.9
2012-10,Arbutus Ridge,1856,20,0,below_typical,-19.3
2012-11,Arbutus Ridge,3673,43,0,typical,9.1
2012-12,Arbutus Ridge,5718,54,0,above_typical,152.1
2013-01,Arbutus Ridge,2330,23,0,above_typical,16.2
2013-02,Arbutus Ridge,2626,31,0,above_typical,21.7
2013-03,Arbutus Ridge,2712,34,0,above_typical,27.3
2013-04,Arbutus Ridge,2663,37,0,below_typical,-13.1
2013-05,Arbutus Ridge,2454,38,0,above_typical,27.3
2013-06,Arbutus Ridge,2054,23,0,below_typical,-32.5
2013-07,Arbutus Ridge,1698,17,0,below_typical,-31.6
2013-08,Arbutus Ridge,1358,18,0,below_typical,-58.5
2013-09,Arbutus Ridge,1463,23,0,below_typical,-35.2
2013-10,Arbutus Ridge,1188,20,0,below_typical,-36.0
2013-11,Arbutus Ridge,3113,42,0,below_typical,-15.2
2013-12,Arbutus Ridge,4393,42,0,below_typical,-23.2
2014-01,Arbutus Ridge,3077,34,0,above_typical,32.1
2014-02,Arbutus Ridge,2235,26,0,below_typical,-14.9
2014-03,Arbutus Ridge,2113,21,0,below_typical,-22.1
2014-04,Arbutus Ridge,3305,38,0,above_typical,24.1
2014-05,Arbutus Ridge,3890,40,0,above_typical,58.5
2014-06,Arbutus Ridge,4896,48,0,above_typical,138.4
2014-07,Arbutus Ridge,2701,36,0,above_typical,59.1
2014-08,Arbutus Ridge,2395,25,0,above_typical,76.4
2014-09,Arbutus Ridge,4215,51,0,above_typical,188.1
2014-10,Arbutus Ridge,4161,46,0,above_typical,250.3
2014-11,Arbutus Ridge,4428,42,0,above_typical,42.2
2014-12,Arbutus Ridge,3313,31,0,below_typical,-24.6
2015-01,Arbutus Ridge,2677,33,0,below_typical,-13.0
2015-02,Arbutus Ridge,1615,24,0,below_typical,-27.7
2015-03,Arbutus Ridge,2059,31,0,typical,-2.6
2015-04,Arbutus Ridge,2109,29,0,below_typical,-36.2
2015-05,Arbutus Ridge,1983,34,0,below_typical,-49.0
2015-06,Arbutus Ridge,2629,31,0,below_typical,-46.3
2015-07,Arbutus Ridge,2983,39,0,above_typical,10.4
2015-08,Arbutus Ridge,2136,27,0,below_typical,-10.8
2015-09,Arbutus Ridge,4249,39,0,typical,0.8
2015-10,Arbutus Ridge,4287,57,0,typical,3.0
2015-11,Arbutus Ridge,2867,32,0,below_typical,-35.3
2015-12,Arbutus Ridge,4087,40,0,above_typical,23.4
2016-01,Arbutus Ridge,4885,51,0,above_typical,82.5
2016-02,Arbutus Ridge,3015,36,0,above_typical,86.7
2016-03,Arbutus Ridge,2502,36,0,above_typical,21.5
2016-04,Arbutus Ridge,2452,28,0,above_typical,16.3
2016-05,Arbutus Ridge,2207,35,0,above_typical,11.3
2016-06,Arbutus Ridge,4223,58,0,above_typical,60.6
2016-07,Arbutus Ridge,3737,55,0,above_typical,25.3
2016-08,Arbutus Ridge,2909,42,0,above_typical,36.2
2016-09,Arbutus Ridge,2611,34,0,below_typical,-38.6
2016-10,Arbutus Ridge,1815,27,0,below_typical,-57.7
2016-11,Arbutus Ridge,2116,30,0,below_typical,-26.2
2016-12,Arbutus Ridge,2681,34,0,below_typical,-34.4
2017-01,Arbutus Ridge,1707,23,0,below_typical,-65.1
2017-02,Arbutus Ridge,3379,35,0,above_typical,12.1
2017-03,Arbutus Ridge,2901,35,0,above_typical,15.9
2017-04,Arbutus Ridge,2432,40,0,typical,-0.8
2017-05,Arbutus Ridge,2318,39,0,typical,5.0
2017-06,Arbutus Ridge,2344,38,0,below_typical,-44.5
2017-07,Arbutus Ridge,3858,47,0,typical,3.2
2017-08,Arbutus Ridge,2476,36,0,below_typical,-14.9
2017-09,Arbutus Ridge,1573,23,0,below_typical,-39.8
2017-10,Arbutus Ridge,2545,29,0,above_typical,40.2
2017-11,Arbutus Ridge,1621,26,0,below_typical,-23.4
2017-12,Arbutus Ridge,2645,36,0,typical,-1.3
2018-01,Arbutus Ridge,1529,18,0,below_typical,-10.4
2018-02,Arbutus Ridge,2772,25,0,below_typical,-18.0
2018-03,Arbutus Ridge,1572,35,0,below_typical,-45.8
2018-04,Arbutus Ridge,1948,28,0,below_typical,-19.9
2018-05,Arbutus Ridge,3633,43,0,above_typical,56.7
2018-06,Arbutus Ridge,2727,32,0,above_typical,16.3
2018-07,Arbutus Ridge,1106,25,0,below_typical,-71.3
2018-08,Arbutus Ridge,807,13,0,below_typical,-67.4
2018-09,Arbutus Ridge,2756,29,0,above_typical,75.2
2018-10,Arbutus Ridge,2778,28,0,typical,9.2
2018-11,Arbutus Ridge,3080,42,0,above_typical,90.0
2018-12,Arbutus Ridge,2218,27,0,below_typical,-16.1
2019-01,Arbutus Ridge,1774,24,0,above_typical,16.0
2019-02,Arbutus Ridge,1577,25,0,below_typical,-43.1
2019-03,Arbutus Ridge,2021,28,0,above_typical,28.6
2019-04,Arbutus Ridge,1823,30,0,typical,-6.4
2019-05,Arbutus Ridge,2165,26,0,below_typical,-40.4
2019-06,Arbutus Ridge,1626,30,0,below_typical,-40.4
2019-07,Arbutus Ridge,1689,31,0,above_typical,52.7
2019-08,Arbutus Ridge,3238,46,0,above_typical,301.2
2019-09,Arbutus Ridge,2464,33,0,below_typical,-10.6
2019-10,Arbutus Ridge,2535,26,0,typical,-8.7
2019-11,Arbutus Ridge,3617,32,0,above_typical,17.4
2019-12,Arbutus Ridge,1486,19,0,below_typical,-33.0
2020-01,Arbutus Ridge,2343,31,0,above_typical,32.1
2020-02,Arbutus Ridge,2188,26,0,above_typical,38.7
2020-03,Arbutus Ridge,2274,37,0,above_typical,12.5
2020-04,Arbutus Ridge,3156,36,0,above_typical,73.1
2020-05,Arbutus Ridge,1546,21,0,below_typical,-28.6
2020-06,Arbutus Ridge,4953,42,0,above_typical,204.6
2020-07,Arbutus Ridge,2408,27,0,above_typical,42.6
2020-08,Arbutus Ridge,2326,32,0,below_typical,-28.2
2020-09,Arbutus Ridge,2513,33,0,typical,2.0
2020-10,Arbutus Ridge,1921,26,0,below_typical,-24.2
2020-11,Arbutus Ridge,1226,19,0,below_typical,-66.1
2020-12,Arbutus Ridge,2773,23,0,above_typical,86.6
2021-01,Arbutus Ridge,2123,34,0,typical,-9.4
2021-02,Arbutus Ridge,1600,21,0,below_typical,-26.9
2021-03,Arbutus Ridge,1015,19,0,below_typical,-55.4
2021-04,Arbutus Ridge,1215,22,0,below_typical,-61.5
2021-05,Arbutus Ridge,1972,27,0,above_typical,27.6
2021-06,Arbutus Ridge,1336,19,0,below_typical,-73.0
2021-07,Arbutus Ridge,1468,18,0,below_typical,-39.0
2021-08,Arbutus Ridge,968,19,0,below_typical,-58.4
2021-09,Arbutus Ridge,1584,25,0,below_typical,-37.0
2021-10,Arbutus Ridge,1176,21,0,below_typical,-38.8
2021-11,Arbutus Ridge,1185,16,0,typical,-3.3
2021-12,Arbutus Ridge,1975,26,0,below_typical,-28.8
2022-01,Arbutus Ridge,1816,31,0,below_typical,-14.5
2022-02,Arbutus Ridge,2853,33,0,above_typical,78.3
2022-03,Arbutus Ridge,1814,29,0,above_typical,78.7
2022-04,Arbutus Ridge,1752,27,0,above_typical,44.2
2022-05,Arbutus Ridge,1656,31,0,below_typical,-16.0
2022-06,Arbutus Ridge,1951,28,0,above_typical,46.0
2022-07,Arbutus Ridge,1513,31,0,typical,3.1
2022-08,Arbutus Ridge,1953,29,0,above_typical,101.8
2022-09,Arbutus Ridge,2745,38,0,above_typical,73.3
2022-10,Arbutus Ridge,1396,22,0,above_typical,18.7
2022-11,Arbutus Ridge,1175,18,0,typical,-0.8
2022-12,Arbutus Ridge,1359,20,0,below_typical,-31.2
2023-01,Arbutus Ridge,1459,22,0,below_typical,-19.7
2023-02,Arbutus Ridge,1726,23,0,below_typical,-39.5
2023-03,Arbutus Ridge,2846,42,0,above_typical,56.9
2023-04,Arbutus Ridge,1008,14,0,below_typical,-42.5
2023-05,Arbutus Ridge,2264,24,0,above_typical,36.7
2023-06,Arbutus Ridge,892,17,0,below_typical,-54.3
2023-07,Arbutus Ridge,921,15,0,below_typical,-39.1
2023-08,Arbutus Ridge,1785,27,0,typical,-8.6
2023-09,Arbutus Ridge,931,18,0,below_typical,-66.1
2023-10,Arbutus Ridge,1080,25,0,below_typical,-22.6
2023-11,Arbutus Ridge,1427,21,0,above_typical,21.4
2023-12,Arbutus Ridge,1065,17,0,below_typical,-21.6
2024-01,Arbutus Ridge,1482,28,0,typical,1.6
2024-02,Arbutus Ridge,1497,21,0,below_typical,-13.3
2024-03,Arbutus Ridge,879,19,0,below_typical,-69.1
2024-04,Arbutus Ridge,1560,31,0,above_typical,54.8
2024-05,Arbutus Ridge,1288,27,0,below_typical,-43.1
2024-06,Arbutus Ridge,889,18,0,typical,-0.3
2024-07,Arbutus Ridge,975,19,0,typical,5.9
2024-08,Arbutus Ridge,1162,20,0,below_typical,-34.9
2024-09,Arbutus Ridge,841,16,0,typical,-9.7
2024-10,Arbutus Ridge,940,24,0,below_typical,-13.0
2024-11,Arbutus Ridge,671,18,0,below_typical,-53.0
2024-12,Arbutus Ridge,889,18,0,below_typical,-16.5
2025-01,Arbutus Ridge,1163,19,0,below_typical,-21.5
2025-02,Arbutus Ridge,901,17,0,below_typical,-39.8
2025-03,Arbutus Ridge,944,21,0,typical,7.4
2025-04,Arbutus Ridge,807,13,0,below_typical,-48.3
2025-05,Arbutus Ridge,1042,17,0,below_typical,-19.1
2025-06,Arbutus Ridge,987,14,0,above_typical,11.0
2025-07,Arbutus Ridge,1115,16,0,above_typical,14.4
2025-08,Arbutus Ridge,624,18,0,below_typical,-46.3
2025-09,Arbutus Ridge,551,14,0,below_typical,-34.5
2025-10,Arbutus Ridge,1300,21,0,above_typical,38.3
2025-11,Arbutus Ridge,1821,25,0,above_typical,171.4
2025-12,Arbutus Ridge,1128,18,0,above_typical,26.9
2026-01,Arbutus Ridge,333,9,0,below_typical,-71.4
2026-02,Arbutus Ridge,1098,17,0,above_typical,21.9
2026-03,Arbutus Ridge,550,11,0,below_typical,-41.7
2026-04,Arbutus Ridge,557,12,0,below_typical,-31.0
2026-05,Arbutus Ridge,1950,24,0,above_typical,87.1
2026-06,Arbutus Ridge,839,24,0,below_typical,-15.0
2026-07,Arbutus Ridge,631,18,0,below_typical,-43.4
2026-08,Arbutus Ridge,1602,17,0,above_typical,156.7
2026-09,Arbutus Ridge,859,17,1,,
2003-01,Central Business District,66928,1163,0,,
2003-02,Central Business District,51267,861,0,,
2003-03,Central Business District,53456,959,0,,
2003-04,Central Business District,58115,1047,0,,
2003-05,Central Business District,62869,1236,0,,
2003-06,Central Business District,59256,1118,0,,
2003-07,Central Business District,61743,1135,0,,
2003-08,Central Business District,62633,1208,0,,
2003-09,Central Business District,52202,931,0,,
2003-10,Central Business District,63439,1132,0,,
2003-11,Central Business District,54904,986,0,,
2003-12,Central Business District,58371,1034,0,,
2004-01,Central Business District,51902,917,0,below_typical,-22.5
2004-02,Central Business District,55994,951,0,typical,9.2
2004-03,Central Business District,53447,1017,0,typical,-0.0
2004-04,Central Business District,61992,1130,0,typical,6.7
2004-05,Central Business District,52513,939,0,below_typical,-16.5
2004-06,Central Business District,55109,887,0,typical,-7.0
2004-07,Central Business District,62385,1093,0,typical,1.0
2004-08,Central Business District,59258,1121,0,typical,-5.4
2004-09,Central Business District,58480,1071,0,above_typical,12.0
2004-10,Central Business District,59390,1011,0,typical,-6.4
2004-11,Central Business District,48825,860,0,below_typical,-11.1
2004-12,Central Business District,51626,909,0,below_typical,-11.6
2005-01,Central Business District,43772,812,0,below_typical,-15.7
2005-02,Central Business District,53117,921,0,typical,-5.1
2005-03,Central Business District,51982,974,0,typical,-2.7
2005-04,Central Business District,43795,828,0,below_typical,-29.4
2005-05,Central Business District,51013,982,0,typical,-2.9
2005-06,Central Business District,52009,962,0,typical,-5.6
2005-07,Central Business District,52806,991,0,below_typical,-15.4
2005-08,Central Business District,46353,899,0,below_typical,-21.8
2005-09,Central Business District,50496,970,0,below_typical,-13.7
2005-10,Central Business District,47154,905,0,below_typical,-20.6
2005-11,Central Business District,50722,862,0,typical,3.9
2005-12,Central Business District,49278,896,0,typical,-4.5
2006-01,Central Business District,49233,885,0,above_typical,12.5
2006-02,Central Business District,45503,870,0,below_typical,-14.3
2006-03,Central Business District,56771,1037,0,typical,9.2
2006-04,Central Business District,46797,803,0,typical,6.9
2006-05,Central Business District,55928,959,0,typical,9.6
2006-06,Central Business District,53490,998,0,typical,2.8
2006-07,Central Business District,59749,1118,0,above_typical,13.1
2006-08,Central Business District,55381,1071,0,above_typical,19.5
2006-09,Central Business District,59192,976,0,above_typical,17.2
2006-10,Central Business District,61505,897,0,above_typical,30.4
2006-11,Central Business District,50482,906,0,typical,-0.5
2006-12,Central Business District,56686,1026,0,above_typical,15.0
2007-01,Central Business District,57749,989,0,above_typical,17.3
2007-02,Central Business District,50144,924,0,above_typical,10.2
2007-03,Central Business District,56749,949,0,typical,-0.0
2007-04,Central Business District,51843,916,0,above_typical,10.8
2007-05,Central Business District,54561,975,0,typical,-2.4
2007-06,Central Business District,57268,963,0,typical,7.1
2007-07,Central Business District,52434,876,0,below_typical,-12.2
2007-08,Central Business District,59047,1031,0,typical,6.6
2007-09,Central Business District,56000,972,0,typical,-5.4
2007-10,Central Business District,52069,956,0,below_typical,-15.3
2007-11,Central Business District,50509,905,0,typical,0.1
2007-12,Central Business District,43767,817,0,below_typical,-22.8
2008-01,Central Business District,52636,872,0,typical,-8.9
2008-02,Central Business District,48471,897,0,typical,-3.3
2008-03,Central Business District,58694,1026,0,typical,3.4
2008-04,Central Business District,48693,858,0,typical,-6.1
2008-05,Central Business District,51400,984,0,typical,-5.8
2008-06,Central Business District,52732,978,0,typical,-7.9
2008-07,Central Business District,53708,962,0,typical,2.4
2008-08,Central Business District,55465,1016,0,typical,-6.1
2008-09,Central Business District,57357,1001,0,typical,2.4
2008-10,Central Business District,52774,970,0,typical,1.4
2008-11,Central Business District,47940,825,0,typical,-5.1
2008-12,Central Business District,48446,842,0,above_typical,10.7
2009-01,Central Business District,46598,798,0,below_typical,-11.5
2009-02,Central Business District,44565,833,0,typical,-8.1
2009-03,Central Business District,47378,875,0,below_typical,-19.3
2009-04,Central Business District,41950,765,0,below_typical,-13.8
2009-05,Central Business District,44148,855,0,below_typical,-14.1
2009-06,Central Business District,41496,749,0,below_typical,-21.3
2009-07,Central Business District,44356,820,0,below_typical,-17.4
2009-08,Central Business District,49459,934,0,below_typical,-10.8
2009-09,Central Business District,47366,950,0,below_typical,-17.4
2009-10,Central Business District,43742,830,0,below_typical,-17.1
2009-11,Central Business District,36782,721,0,below_typical,-23.3
2009-12,Central Business District,34253,671,0,below_typical,-29.3
2010-01,Central Business District,32674,643,0,below_typical,-29.9
2010-02,Central Business District,38051,779,0,below_typical,-14.6
2010-03,Central Business District,43113,814,0,typical,-9.0
2010-04,Central Business District,38898,699,0,typical,-7.3
2010-05,Central Business District,41380,761,0,typical,-6.3
2010-06,Central Business District,38757,732,0,typical,-6.6
2010-07,Central Business District,44423,831,0,typical,0.2
2010-08,Central Business District,46299,892,0,typical,-6.4
2010-09,Central Business District,37260,743,0,below_typical,-21.3
2010-10,Central Business District,38954,752,0,below_typical,-10.9
2010-11,Central Business District,30211,582,0,below_typical,-17.9
2010-12,Central Business District,36647,687,0,typical,7.0
2011-01,Central Business District,40072,720,0,above_typical,22.6
2011-02,Central Business District,32415,609,0,below_typical,-14.8
2011-03,Central Business District,36154,670,0,below_typical,-16.1
2011-04,Central Business District,33526,636,0,below_typical,-13.8
2011-05,Central Business District,37480,721,0,typical,-9.4
2011-06,Central Business District,83467,1334,0,above_typical,115.4
2011-07,Central Business District,38908,746,0,below_typical,-12.4
2011-08,Central Business District,36465,738,0,below_typical,-21.2
2011-09,Central Business District,32866,628,0,below_typical,-11.8
2011-10,Central Business District,36063,661,0,typical,-7.4
2011-11,Central Business District,35211,703,0,above_typical,16.6
2011-12,Central Business District,36037,678,0,typical,-1.7
2012-01,Central Business District,41113,755,0,typical,2.6
2012-02,Central Business District,36370,712,0,above_typical,12.2
2012-03,Central Business District,38324,738,0,typical,6.0
2012-04,Central Business District,35642,678,0,typical,6.3
2012-05,Central Business District,34811,699,0,typical,-7.1
2012-06,Central Business District,39468,742,0,below_typical,-52.7
2012-07,Central Business District,31203,637,0,below_typical,-19.8
2012-08,Central Business District,39528,791,0,typical,8.4
2012-09,Central Business District,36379,729,0,above_typical,10.7
2012-10,Central Business District,38610,720,0,typical,7.1
2012-11,Central Business District,38623,740,0,typical,9.7
2012-12,Central Business District,37082,659,0,typical,2.9
2013-01,Central Business District,33983,613,0,below_typical,-17.3
2013-02,Central Business District,33467,605,0,typical,-8.0
2013-03,Central Business District,44855,841,0,above_typical,17.0
2013-04,Central Business District,38587,740,0,typical,8.3
2013-05,Central Business District,38100,778,0,typical,9.4
2013-06,Central Business District,43565,849,0,above_typical,10.4
2013-07,Central Business District,45822,897,0,above_typical,46.9
2013-08,Central Business District,49798,969,0,above_typical,26.0
2013-09,Central Business District,39423,778,0,typical,8.4
2013-10,Central Business District,38255,769,0,typical,-0.9
2013-11,Central Business District,41050,839,0,typical,6.3
2013-12,Central Business District,37949,709,0,typical,2.3
2014-01,Central Business District,35347,700,0,typical,4.0
2014-02,Central Business District,42427,798,0,above_typical,26.8
2014-03,Central Business District,46551,845,0,typical,3.8
2014-04,Central Business District,40171,755,0,typical,4.1
2014-05,Central Business District,44587,864,0,above_typical,17.0
2014-06,Central Business District,42050,836,0,typical,-3.5
2014-07,Central Business District,46467,942,0,typical,1.4
2014-08,Central Business District,53121,1121,0,typical,6.7
2014-09,Central Business District,44696,891,0,above_typical,13.4
2014-10,Central Business District,42772,857,0,above_typical,11.8
2014-11,Central Business District,47652,910,0,above_typical,16.1
2014-12,Central Business District,42019,786,0,above_typical,10.7
2015-01,Central Business District,42876,818,0,above_typical,21.3
2015-02,Central Business District,41543,759,0,typical,-2.1
2015-03,Central Business District,42393,772,0,typical,-8.9
2015-04,Central Business District,40784,758,0,typical,1.5
2015-05,Central Business District,50588,915,0,above_typical,13.5
2015-06,Central Business District,50661,926,0,above_typical,20.5
2015-07,Central Business District,54196,1052,0,above_typical,16.6
2015-08,Central Business District,51068,957,0,typical,-3.9
2015-09,Central Business District,52316,987,0,above_typical,17.0
2015-10,Central Business District,55611,1047,0,above_typical,30.0
2015-11,Central Business District,55483,1079,0,above_typical,16.4
2015-12,Central Business District,48018,957,0,above_typical,14.3
2016-01,Central Business District,58954,1141,0,above_typical,37.5
2016-02,Central Business District,48878,993,0,above_typical,17.7
2016-03,Central Business District,56109,1125,0,above_typical,32.4
2016-04,Central Business District,57431,1118,0,above_typical,40.8
2016-05,Central Business District,60126,1213,0,above_typical,18.9
2016-06,Central Business District,60514,1170,0,above_typical,19.4
2016-07,Central Business District,62090,1180,0,above_typical,14.6
2016-08,Central Business District,53693,1080,0,typical,5.1
2016-09,Central Business District,53408,1026,0,typical,2.1
2016-10,Central Business District,57775,1133,0,typical,3.9
2016-11,Central Business District,51299,1008,0,typical,-7.5
2016-12,Central Business District,46466,909,0,typical,-3.2
2017-01,Central Business District,47403,944,0,below_typical,-19.6
2017-02,Central Business District,42916,903,0,below_typical,-12.2
2017-03,Central Business District,51803,1071,0,typical,-7.7
2017-04,Central Business District,52540,1074,0,typical,-8.5
2017-05,Central Business District,51535,1082,0,below_typical,-14.3
2017-06,Central Business District,50599,1083,0,below_typical,-16.4
2017-07,Central Business District,54297,1155,0,below_typical,-12.6
2017-08,Central Business District,61590,1258,0,above_typical,14.7
2017-09,Central Business District,58246,1214,0,typical,9.1
2017-10,Central Business District,53568,1104,0,typical,-7.3
2017-11,Central Business District,54809,1153,0,typical,6.8
2017-12,Central Business District,55058,1130,0,above_typical,18.5
2018-01,Central Business District,57327,1213,0,above_typical,20.9
2018-02,Central Business District,50871,1040,0,above_typical,18.5
2018-03,Central Business District,49701,1085,0,typical,-4.1
2018-04,Central Business District,54895,1179,0,typical,4.5
2018-05,Central Business District,49340,1091,0,typical,-4.3
2018-06,Central Business District,54307,1188,0,typical,7.3
2018-07,Central Business District,52296,1146,0,typical,-3.7
2018-08,Central Business District,56888,1262,0,typical,-7.6
2018-09,Central Business District,61196,1264,0,typical,5.1
2018-10,Central Business District,52831,1162,0,typical,-1.4
2018-11,Central Business District,59721,1227,0,typical,9.0
2018-12,Central Business District,58521,1230,0,typical,6.3
2019-01,Central Business District,58309,1268,0,typical,1.7
2019-02,Central Business District,47218,1052,0,typical,-7.2
2019-03,Central Business District,57727,1230,0,above_typical,16.1
2019-04,Central Business District,55139,1189,0,typical,0.4
2019-05,Central Business District,63484,1333,0,above_typical,28.7
2019-06,Central Business District,57414,1206,0,typical,5.7
2019-07,Central Business District,72471,1445,0,above_typical,38.6
2019-08,Central Business District,73828,1494,0,above_typical,29.8
2019-09,Central Business District,66575,1386,0,typical,8.8
2019-10,Central Business District,69265,1424,0,above_typical,31.1
2019-11,Central Business District,66740,1395,0,above_typical,11.8
2019-12,Central Business District,63735,1338,0,typical,8.9
2020-01,Central Business District,67200,1368,0,above_typical,15.2
2020-02,Central Business District,63991,1316,0,above_typical,35.5
2020-03,Central Business District,60550,1080,0,typical,4.9
2020-04,Central Business District,50958,765,0,typical,-7.6
2020-05,Central Business District,34209,520,0,below_typical,-46.1
2020-06,Central Business District,34655,586,0,below_typical,-39.6
2020-07,Central Business District,38771,704,0,below_typical,-46.5
2020-08,Central Business District,44114,826,0,below_typical,-40.2
2020-09,Central Business District,43403,783,0,below_typical,-34.8
2020-10,Central Business District,51262,902,0,below_typical,-26.0
2020-11,Central Business District,38814,694,0,below_typical,-41.8
2020-12,Central Business District,39620,688,0,below_typical,-37.8
2021-01,Central Business District,45741,805,0,below_typical,-31.9
2021-02,Central Business District,34630,647,0,below_typical,-45.9
2021-03,Central Business District,36945,619,0,below_typical,-39.0
2021-04,Central Business District,37617,639,0,below_typical,-26.2
2021-05,Central Business District,35160,629,0,typical,2.8
2021-06,Central Business District,36319,647,0,typical,4.8
2021-07,Central Business District,43909,794,0,above_typical,13.3
2021-08,Central Business District,45645,892,0,typical,3.5
2021-09,Central Business District,42295,819,0,typical,-2.6
2021-10,Central Business District,46258,825,0,typical,-9.8
2021-11,Central Business District,44401,885,0,above_typical,14.4
2021-12,Central Business District,42781,792,0,typical,8.0
2022-01,Central Business District,46224,831,0,typical,1.1
2022-02,Central Business District,42486,771,0,above_typical,22.7
2022-03,Central Business District,46024,888,0,above_typical,24.6
2022-04,Central Business District,44082,867,0,above_typical,17.2
2022-05,Central Business District,42262,875,0,above_typical,20.2
2022-06,Central Business District,42601,835,0,above_typical,17.3
2022-07,Central Business District,47048,946,0,typical,7.1
2022-08,Central Business District,51244,989,0,above_typical,12.3
2022-09,Central Business District,49055,961,0,above_typical,16.0
2022-10,Central Business District,47141,950,0,typical,1.9
2022-11,Central Business District,38266,736,0,below_typical,-13.8
2022-12,Central Business District,45830,849,0,typical,7.1
2023-01,Central Business District,42186,853,0,typical,-8.7
2023-02,Central Business District,42839,896,0,typical,0.8
2023-03,Central Business District,53792,1075,0,above_typical,16.9
2023-04,Central Business District,45327,895,0,typical,2.8
2023-05,Central Business District,48721,1006,0,above_typical,15.3
2023-06,Central Business District,55801,1092,0,above_typical,31.0
2023-07,Central Business District,54860,1127,0,above_typical,16.6
2023-08,Central Business District,56788,1197,0,above_typical,10.8
2023-09,Central Business District,50007,1049,0,typical,1.9
2023-10,Central Business District,49585,1006,0,typical,5.2
2023-11,Central Business District,39948,831,0,typical,4.4
2023-12,Central Business District,48331,1040,0,typical,5.5
2024-01,Central Business District,37581,771,0,below_typical,-10.9
2024-02,Central Business District,44490,906,0,typical,3.9
2024-03,Central Business District,45745,937,0,below_typical,-15.0
2024-04,Central Business District,41769,874,0,typical,-7.8
2024-05,Central Business District,45795,1000,0,typical,-6.0
2024-06,Central Business District,43872,937,0,below_typical,-21.4
2024-07,Central Business District,52887,1102,0,typical,-3.6
2024-08,Central Business District,52724,1138,0,typical,-7.2
2024-09,Central Business District,44439,991,0,below_typical,-11.1
2024-10,Central Business District,51413,1111,0,typical,3.7
2024-11,Central Business District,44926,935,0,above_typical,12.5
2024-12,Central Business District,46788,1022,0,typical,-3.2
2025-01,Central Business District,37161,836,0,typical,-1.1
2025-02,Central Business District,40399,852,0,typical,-9.2
2025-03,Central Business District,39401,845,0,below_typical,-13.9
2025-04,Central Business District,40316,866,0,typical,-3.5
2025-05,Central Business District,40266,888,0,below_typical,-12.1
2025-06,Central Business District,37994,849,0,below_typical,-13.4
2025-07,Central Business District,39756,856,0,below_typical,-24.8
2025-08,Central Business District,46328,972,0,below_typical,-12.1
2025-09,Central Business District,42632,880,0,typical,-4.1
2025-10,Central Business District,40223,876,0,below_typical,-21.8
2025-11,Central Business District,37547,817,0,below_typical,-16.4
2025-12,Central Business District,38148,822,0,below_typical,-18.5
2026-01,Central Business District,40733,905,0,typical,9.6
2026-02,Central Business District,41325,919,0,typical,2.3
2026-03,Central Business District,37657,819,0,typical,-4.4
2026-04,Central Business District,39027,860,0,typical,-3.2
2026-05,Central Business District,39186,888,0,typical,-2.7
2026-06,Central Business District,34250,725,0,typical,-9.9
2026-07,Central Business District,37154,812,0,typical,-6.5
2026-08,Central Business District,40087,874,0,below_typical,-13.5
2026-09,Central Business District,26803,577,1,,
2003-01,Dunbar-Southlands,6361,73,0,,
2003-02,Dunbar-Southlands,6362,76,0,,
2003-03,Dunbar-Southlands,6572,69,0,,
2003-04,Dunbar-Southlands,7966,104,0,,
2003-05,Dunbar-Southlands,4661,60,0,,
2003-06,Dunbar-Southlands,5861,76,0,,
2003-07,Dunbar-Southlands,4869,61,0,,
2003-08,Dunbar-Southlands,4783,55,0,,
2003-09,Dunbar-Southlands,6641,81,0,,
2003-10,Dunbar-Southlands,5363,74,0,,
2003-11,Dunbar-Southlands,5566,57,0,,
2003-12,Dunbar-Southlands,3985,45,0,,
2004-01,Dunbar-Southlands,4769,56,0,below_typical,-25.0
2004-02,Dunbar-Southlands,5026,68,0,below_typical,-21.0
2004-03,Dunbar-Southlands,7122,81,0,typical,8.4
2004-04,Dunbar-Southlands,8569,83,0,typical,7.6
2004-05,Dunbar-Southlands,5955,100,0,above_typical,27.8
2004-06,Dunbar-Southlands,5050,75,0,below_typical,-13.8
2004-07,Dunbar-Southlands,4055,58,0,below_typical,-16.7
2004-08,Dunbar-Southlands,6604,78,0,above_typical,38.1
2004-09,Dunbar-Southlands,8099,128,0,above_typical,22.0
2004-10,Dunbar-Southlands,6115,103,0,above_typical,14.0
2004-11,Dunbar-Southlands,9397,148,0,above_typical,68.8
2004-12,Dunbar-Southlands,4396,55,0,above_typical,10.3
2005-01,Dunbar-Southlands,4353,59,0,typical,-8.7
2005-02,Dunbar-Southlands,4646,69,0,typical,-7.6
2005-03,Dunbar-Southlands,6130,79,0,below_typical,-13.9
2005-04,Dunbar-Southlands,5993,98,0,below_typical,-30.1
2005-05,Dunbar-Southlands,4942,66,0,below_typical,-17.0
2005-06,Dunbar-Southlands,6706,78,0,above_typical,32.8
2005-07,Dunbar-Southlands,4679,59,0,above_typical,15.4
2005-08,Dunbar-Southlands,4344,56,0,below_typical,-34.2
2005-09,Dunbar-Southlands,6136,64,0,below_typical,-24.2
2005-10,Dunbar-Southlands,5442,66,0,below_typical,-11.0
2005-11,Dunbar-Southlands,3124,54,0,below_typical,-66.8
2005-12,Dunbar-Southlands,1742,24,0,below_typical,-60.4
2006-01,Dunbar-Southlands,5705,68,0,above_typical,31.1
2006-02,Dunbar-Southlands,4778,60,0,typical,2.8
2006-03,Dunbar-Southlands,5988,74,0,typical,-2.3
2006-04,Dunbar-Southlands,4105,41,0,below_typical,-31.5
2006-05,Dunbar-Southlands,3941,47,0,below_typical,-20.3
2006-06,Dunbar-Southlands,4996,55,0,below_typical,-25.5
2006-07,Dunbar-Southlands,2771,38,0,below_typical,-40.8
2006-08,Dunbar-Southlands,3466,45,0,below_typical,-20.2
2006-09,Dunbar-Southlands,4768,58,0,below_typical,-22.3
2006-10,Dunbar-Southlands,4881,42,0,below_typical,-10.3
2006-11,Dunbar-Southlands,3546,34,0,above_typical,13.5
2006-12,Dunbar-Southlands,4341,38,0,above_typical,149.2
2007-01,Dunbar-Southlands,6576,59,0,above_typical,15.3
2007-02,Dunbar-Southlands,4414,43,0,typical,-7.6
2007-03,Dunbar-Southlands,4699,39,0,below_typical,-21.5
2007-04,Dunbar-Southlands,4235,48,0,typical,3.2
2007-05,Dunbar-Southlands,2593,38,0,below_typical,-34.2
2007-06,Dunbar-Southlands,2567,29,0,below_typical,-48.6
2007-07,Dunbar-Southlands,1964,30,0,below_typical,-29.1
2007-08,Dunbar-Southlands,3523,43,0,typical,1.6
2007-09,Dunbar-Southlands,5164,58,0,typical,8.3
2007-10,Dunbar-Southlands,3212,51,0,below_typical,-34.2
2007-11,Dunbar-Southlands,2813,38,0,below_typical,-20.7
2007-12,Dunbar-Southlands,1736,21,0,below_typical,-60.0
2008-01,Dunbar-Southlands,3407,31,0,below_typical,-48.2
2008-02,Dunbar-Southlands,2290,29,0,below_typical,-48.1
2008-03,Dunbar-Southlands,2908,42,0,below_typical,-38.1
2008-04,Dunbar-Southlands,3796,46,0,below_typical,-10.4
2008-05,Dunbar-Southlands,2856,31,0,above_typical,10.1
2008-06,Dunbar-Southlands,4665,51,0,above_typical,81.7
2008-07,Dunbar-Southlands,3805,44,0,above_typical,93.7
2008-08,Dunbar-Southlands,1985,26,0,below_typical,-43.7
2008-09,Dunbar-Southlands,2346,20,0,below_typical,-54.6
2008-10,Dunbar-Southlands,3098,49,0,typical,-3.5
2008-11,Dunbar-Southlands,2065,30,0,below_typical,-26.6
2008-12,Dunbar-Southlands,1785,16,0,typical,2.8
2009-01,Dunbar-Southlands,1581,26,0,below_typical,-53.6
2009-02,Dunbar-Southlands,2954,43,0,above_typical,29.0
2009-03,Dunbar-Southlands,1124,17,0,below_typical,-61.3
2009-04,Dunbar-Southlands,2104,36,0,below_typical,-44.6
2009-05,Dunbar-Southlands,3486,42,0,above_typical,22.1
2009-06,Dunbar-Southlands,3027,46,0,below_typical,-35.1
2009-07,Dunbar-Southlands,2561,36,0,below_typical,-32.7
2009-08,Dunbar-Southlands,5491,55,0,above_typical,176.6
2009-09,Dunbar-Southlands,4030,46,0,above_typical,71.8
2009-10,Dunbar-Southlands,2592,30,0,below_typical,-16.3
2009-11,Dunbar-Southlands,4536,38,0,above_typical,119.7
2009-12,Dunbar-Southlands,2532,28,0,above_typical,41.8
2010-01,Dunbar-Southlands,3314,39,0,above_typical,109.6
2010-02,Dunbar-Southlands,2565,23,0,below_typical,-13.2
2010-03,Dunbar-Southlands,2288,28,0,above_typical,103.6
2010-04,Dunbar-Southlands,2730,45,0,above_typical,29.8
2010-05,Dunbar-Southlands,2893,48,0,below_typical,-17.0
2010-06,Dunbar-Southlands,4079,61,0,above_typical,34.8
2010-07,Dunbar-Southlands,2534,39,0,typical,-1.1
2010-08,Dunbar-Southlands,1248,17,0,below_typical,-77.3
2010-09,Dunbar-Southlands,1911,32,0,below_typical,-52.6
2010-10,Dunbar-Southlands,3948,41,0,above_typical,52.3
2010-11,Dunbar-Southlands,2468,43,0,below_typical,-45.6
2010-12,Dunbar-Southlands,2835,40,0,above_typical,12.0
2011-01,Dunbar-Southlands,3062,46,0,typical,-7.6
2011-02,Dunbar-Southlands,1479,19,0,below_typical,-42.3
2011-03,Dunbar-Southlands,3371,37,0,above_typical,47.3
2011-04,Dunbar-Southlands,3017,46,0,above_typical,10.5
2011-05,Dunbar-Southlands,3133,40,0,typical,8.3
2011-06,Dunbar-Southlands,3028,39,0,below_typical,-25.8
2011-07,Dunbar-Southlands,2877,45,0,above_typical,13.5
2011-08,Dunbar-Southlands,3593,57,0,above_typical,187.9
2011-09,Dunbar-Southlands,3473,54,0,above_typical,81.7
2011-10,Dunbar-Southlands,3328,48,0,below_typical,-15.7
2011-11,Dunbar-Southlands,4236,61,0,above_typical,71.6
2011-12,Dunbar-Southlands,2744,49,0,typical,-3.2
2012-01,Dunbar-Southlands,2366,32,0,below_typical,-22.7
2012-02,Dunbar-Southlands,3969,50,0,above_typical,168.4
2012-03,Dunbar-Southlands,5162,70,0,above_typical,53.1
2012-04,Dunbar-Southlands,3545,60,0,above_typical,17.5
2012-05,Dunbar-Southlands,2549,46,0,below_typical,-18.6
2012-06,Dunbar-Southlands,4319,59,0,above_typical,42.6
2012-07,Dunbar-Southlands,2285,34,0,below_typical,-20.6
2012-08,Dunbar-Southlands,4872,60,0,above_typical,35.6
2012-09,Dunbar-Southlands,3737,46,0,typical,7.6
2012-10,Dunbar-Southlands,4563,54,0,above_typical,37.1
2012-11,Dunbar-Southlands,2824,39,0,below_typical,-33.3
2012-12,Dunbar-Southlands,4912,49,0,above_typical,79.0
2013-01,Dunbar-Southlands,3417,50,0,above_typical,44.4
2013-02,Dunbar-Southlands,2044,28,0,below_typical,-48.5
2013-03,Dunbar-Southlands,2239,28,0,below_typical,-56.6
2013-04,Dunbar-Southlands,2824,39,0,below_typical,-20.3
2013-05,Dunbar-Southlands,2932,34,0,above_typical,15.0
2013-06,Dunbar-Southlands,1818,31,0,below_typical,-57.9
2013-07,Dunbar-Southlands,2990,44,0,above_typical,30.9
2013-08,Dunbar-Southlands,2661,28,0,below_typical,-45.4
2013-09,Dunbar-Southlands,2058,38,0,below_typical,-44.9
2013-10,Dunbar-Southlands,3275,41,0,below_typical,-28.2
2013-11,Dunbar-Southlands,4208,46,0,above_typical,49.0
2013-12,Dunbar-Southlands,2373,31,0,below_typical,-51.7
2014-01,Dunbar-Southlands,2458,25,0,below_typical,-28.1
2014-02,Dunbar-Southlands,3163,36,0,above_typical,54.7
2014-03,Dunbar-Southlands,3084,35,0,above_typical,37.7
2014-04,Dunbar-Southlands,3787,49,0,above_typical,34.1
2014-05,Dunbar-Southlands,2821,40,0,typical,-3.8
2014-06,Dunbar-Southlands,4696,50,0,above_typical,158.3
2014-07,Dunbar-Southlands,5173,67,0,above_typical,73.0
2014-08,Dunbar-Southlands,3355,50,0,above_typical,26.1
2014-09,Dunbar-Southlands,3503,36,0,above_typical,70.2
2014-10,Dunbar-Southlands,4552,48,0,above_typical,39.0
2014-11,Dunbar-Southlands,3404,37,0,below_typical,-19.1
2014-12,Dunbar-Southlands,3319,43,0,above_typical,39.9
2015-01,Dunbar-Southlands,3556,48,0,above_typical,44.7
2015-02,Dunbar-Southlands,2810,34,0,below_typical,-11.2
2015-03,Dunbar-Southlands,3882,33,0,above_typical,25.9
2015-04,Dunbar-Southlands,3574,50,0,typical,-5.6
2015-05,Dunbar-Southlands,3077,45,0,typical,9.1
2015-06,Dunbar-Southlands,2743,42,0,below_typical,-41.6
2015-07,Dunbar-Southlands,5137,63,0,typical,-0.7
2015-08,Dunbar-Southlands,4262,51,0,above_typical,27.0
2015-09,Dunbar-Southlands,3726,39,0,typical,6.4
2015-10,Dunbar-Southlands,4378,53,0,typical,-3.8
2015-11,Dunbar-Southlands,7703,75,0,above_typical,126.3
2015-12,Dunbar-Southlands,5617,64,0,above_typical,69.2
2016-01,Dunbar-Southlands,3653,40,0,typical,2.7
2016-02,Dunbar-Southlands,3777,45,0,above_typical,34.4
2016-03,Dunbar-Southlands,2611,33,0,below_typical,-32.7
2016-04,Dunbar-Southlands,2340,37,0,below_typical,-34.5
2016-05,Dunbar-Southlands,3043,46,0,typical,-1.1
2016-06,Dunbar-Southlands,2855,38,0,typical,4.1
2016-07,Dunbar-Southlands,3263,42,0,below_typical,-36.5
2016-08,Dunbar-Southlands,1772,28,0,below_typical,-58.4
2016-09,Dunbar-Southlands,1843,37,0,below_typical,-50.5
2016-10,Dunbar-Southlands,2182,29,0,below_typical,-50.2
2016-11,Dunbar-Southlands,3345,37,0,below_typical,-56.6
2016-12,Dunbar-Southlands,2408,27,0,below_typical,-57.1
2017-01,Dunbar-Southlands,3135,41,0,below_typical,-14.2
2017-02,Dunbar-Southlands,2338,27,0,below_typical,-38.1
2017-03,Dunbar-Southlands,3685,37,0,above_typical,41.1
2017-04,Dunbar-Southlands,3920,46,0,above_typical,67.5
2017-05,Dunbar-Southlands,2451,35,0,below_typical,-19.5
2017-06,Dunbar-Southlands,2130,41,0,below_typical,-25.4
2017-07,Dunbar-Southlands,3089,44,0,typical,-5.3
2017-08,Dunbar-Southlands,3400,45,0,above_typical,91.9
2017-09,Dunbar-Southlands,2963,32,0,above_typical,60.8
2017-10,Dunbar-Southlands,3793,56,0,above_typical,73.8
2017-11,Dunbar-Southlands,3092,51,0,typical,-7.6
2017-12,Dunbar-Southlands,2725,40,0,above_typical,13.2
2018-01,Dunbar-Southlands,3607,43,0,above_typical,15.1
2018-02,Dunbar-Southlands,2535,40,0,typical,8.4
2018-03,Dunbar-Southlands,2360,39,0,below_typical,-36.0
2018-04,Dunbar-Southlands,3239,43,0,below_typical,-17.4
2018-05,Dunbar-Southlands,2481,31,0,typical,1.2
2018-06,Dunbar-Southlands,4091,52,0,above_typical,92.1
2018-07,Dunbar-Southlands,3452,45,0,above_typical,11.8
2018-08,Dunbar-Southlands,2908,49,0,below_typical,-14.5
2018-09,Dunbar-Southlands,2664,35,0,below_typical,-10.1
2018-10,Dunbar-Southlands,1948,33,0,below_typical,-48.6
2018-11,Dunbar-Southlands,3614,43,0,above_typical,16.9
2018-12,Dunbar-Southlands,3052,42,0,above_typical,12.0
2019-01,Dunbar-Southlands,1501,27,0,below_typical,-58.4
2019-02,Dunbar-Southlands,1742,28,0,below_typical,-31.3
2019-03,Dunbar-Southlands,1480,36,0,below_typical,-37.3
2019-04,Dunbar-Southlands,1613,28,0,below_typical,-50.2
2019-05,Dunbar-Southlands,2441,27,0,typical,-1.6
2019-06,Dunbar-Southlands,1929,29,0,below_typical,-52.8
2019-07,Dunbar-Southlands,2950,45,0,below_typical,-14.5
2019-08,Dunbar-Southlands,3970,59,0,above_typical,36.5
2019-09,Dunbar-Southlands,2917,45,0,typical,9.5
2019-10,Dunbar-Southlands,2608,44,0,above_typical,33.9
2019-11,Dunbar-Southlands,3321,43,0,typical,-8.1
2019-12,Dunbar-Southlands,4381,51,0,above_typical,43.5
2020-01,Dunbar-Southlands,4644,51,0,above_typical,209.4
2020-02,Dunbar-Southlands,1910,34,0,typical,9.6
2020-03,Dunbar-Southlands,2288,37,0,above_typical,54.6
2020-04,Dunbar-Southlands,3133,55,0,above_typical,94.2
2020-05,Dunbar-Southlands,2679,34,0,typical,9.8
2020-06,Dunbar-Southlands,2991,48,0,above_typical,55.1
2020-07,Dunbar-Southlands,2844,55,0,typical,-3.6
2020-08,Dunbar-Southlands,3278,50,0,below_typical,-17.4
2020-09,Dunbar-Southlands,3126,40,0,typical,7.2
2020-10,Dunbar-Southlands,2846,41,0,typical,9.1
2020-11,Dunbar-Southlands,2138,28,0,below_typical,-35.6
2020-12,Dunbar-Southlands,2438,28,0,below_typical,-44.4
2021-01,Dunbar-Southlands,2295,48,0,below_typical,-50.6
2021-02,Dunbar-Southlands,2040,28,0,typical,6.8
2021-03,Dunbar-Southlands,1408,21,0,below_typical,-38.5
2021-04,Dunbar-Southlands,1294,14,0,below_typical,-58.7
2021-05,Dunbar-Southlands,1380,25,0,below_typical,-48.5
2021-06,Dunbar-Southlands,1704,24,0,below_typical,-43.0
2021-07,Dunbar-Southlands,2258,32,0,below_typical,-20.6
2021-08,Dunbar-Southlands,2299,29,0,below_typical,-29.9
2021-09,Dunbar-Southlands,1985,25,0,below_typical,-36.5
2021-10,Dunbar-Southlands,1915,35,0,below_typical,-32.7
2021-11,Dunbar-Southlands,1228,20,0,below_typical,-42.6
2021-12,Dunbar-Southlands,466,11,0,below_typical,-80.9
2022-01,Dunbar-Southlands,1218,21,0,below_typical,-46.9
2022-02,Dunbar-Southlands,947,19,0,below_typical,-53.6
2022-03,Dunbar-Southlands,1262,17,0,below_typical,-10.4
2022-04,Dunbar-Southlands,2061,27,0,above_typical,59.3
2022-05,Dunbar-Southlands,2568,31,0,above_typical,86.1
2022-06,Dunbar-Southlands,852,17,0,below_typical,-50.0
2022-07,Dunbar-Southlands,1597,37,0,below_typical,-29.3
2022-08,Dunbar-Southlands,2046,29,0,below_typical,-11.0
2022-09,Dunbar-Southlands,1213,27,0,below_typical,-38.9
2022-10,Dunbar-Southlands,1521,26,0,below_typical,-20.6
2022-11,Dunbar-Southlands,1816,29,0,above_typical,47.9
2022-12,Dunbar-Southlands,2598,27,0,above_typical,457.5
2023-01,Dunbar-Southlands,1991,28,0,above_typical,63.5
2023-02,Dunbar-Southlands,1801,28,0,above_typical,90.2
2023-03,Dunbar-Southlands,2346,30,0,above_typical,85.9
2023-04,Dunbar-Southlands,1723,29,0,below_typical,-16.4
2023-05,Dunbar-Southlands,1925,27,0,below_typical,-25.0
2023-06,Dunbar-Southlands,3537,43,0,above_typical,315.1
2023-07,Dunbar-Southlands,2198,30,0,above_typical,37.6
2023-08,Dunbar-Southlands,3161,45,0,above_typical,54.5
2023-09,Dunbar-Southlands,1330,22,0,typical,9.6
2023-10,Dunbar-Southlands,2181,35,0,above_typical,43.4
2023-11,Dunbar-Southlands,1952,31,0,typical,7.5
2023-12,Dunbar-Southlands,737,12,0,below_typical,-71.6
2024-01,Dunbar-Southlands,1079,18,0,below_typical,-45.8
2024-02,Dunbar-Southlands,1313,23,0,below_typical,-27.1
2024-03,Dunbar-Southlands,1492,31,0,below_typical,-36.4
2024-04,Dunbar-Southlands,1325,27,0,below_typical,-23.1
2024-05,Dunbar-Southlands,895,20,0,below_typical,-53.5
2024-06,Dunbar-Southlands,986,21,0,below_typical,-72.1
2024-07,Dunbar-Southlands,588,15,0,below_typical,-73.2
2024-08,Dunbar-Southlands,1872,21,0,below_typical,-40.8
2024-09,Dunbar-Southlands,1558,30,0,above_typical,17.1
2024-10,Dunbar-Southlands,883,20,0,below_typical,-59.5
2024-11,Dunbar-Southlands,1002,22,0,below_typical,-48.7
2024-12,Dunbar-Southlands,868,13,0,above_typical,17.8
2025-01,Dunbar-Southlands,537,14,0,below_typical,-50.2
2025-02,Dunbar-Southlands,666,9,0,below_typical,-49.3
2025-03,Dunbar-Southlands,1725,29,0,above_typical,15.6
2025-04,Dunbar-Southlands,1035,17,0,below_typical,-21.9
2025-05,Dunbar-Southlands,838,17,0,typical,-6.4
2025-06,Dunbar-Southlands,1762,31,0,above_typical,78.7
2025-07,Dunbar-Southlands,995,17,0,above_typical,69.2
2025-08,Dunbar-Southlands,1327,24,0,below_typical,-29.1
2025-09,Dunbar-Southlands,2157,33,0,above_typical,38.4
2025-10,Dunbar-Southlands,1102,19,0,above_typical,24.8
2025-11,Dunbar-Southlands,1488,25,0,above_typical,48.5
2025-12,Dunbar-Southlands,588,15,0,below_typical,-32.3
2026-01,Dunbar-Southlands,1368,16,0,above_typical,154.7
2026-02,Dunbar-Southlands,1036,19,0,above_typical,55.6
2026-03,Dunbar-Southlands,1195,21,0,below_typical,-30.7
2026-04,Dunbar-Southlands,1262,17,0,above_typical,21.9
2026-05,Dunbar-Southlands,1750,35,0,above_typical,108.8
2026-06,Dunbar-Southlands,986,21,0,below_typical,-44.0
2026-07,Dunbar-Southlands,1222,22,0,above_typical,22.8
2026-08,Dunbar-Southlands,1742,28,0,above_typical,31.3
2026-09,Dunbar-Southlands,423,12,1,,
2003-01,Fairview,24749,313,0,,
2003-02,Fairview,27285,333,0,,
2003-03,Fairview,24102,343,0,,
2003-04,Fairview,24834,364,0,,
2003-05,Fairview,27221,394,0,,
2003-06,Fairview,30056,417,0,,
2003-07,Fairview,24514,363,0,,
2003-08,Fairview,23022,354,0,,
2003-09,Fairview,26509,352,0,,
2003-10,Fairview,29716,406,0,,
2003-11,Fairview,29787,358,0,,
2003-12,Fairview,23963,288,0,,
2004-01,Fairview,22849,284,0,typical,-7.7
2004-02,Fairview,20489,249,0,below_typical,-24.9
2004-03,Fairview,22181,302,0,typical,-8.0
2004-04,Fairview,18758,274,0,below_typical,-24.5
2004-05,Fairview,16279,245,0,below_typical,-40.2
2004-06,Fairview,21046,303,0,below_typical,-30.0
2004-07,Fairview,21594,352,0,below_typical,-11.9
2004-08,Fairview,19364,297,0,below_typical,-15.9
2004-09,Fairview,28758,403,0,typical,8.5
2004-10,Fairview,27501,400,0,typical,-7.5
2004-11,Fairview,23653,330,0,below_typical,-20.6
2004-12,Fairview,27037,335,0,above_typical,12.8
2005-01,Fairview,24060,335,0,typical,5.3
2005-02,Fairview,19916,298,0,typical,-2.8
2005-03,Fairview,22083,314,0,typical,-0.4
2005-04,Fairview,28170,416,0,above_typical,50.2
2005-05,Fairview,26650,369,0,above_typical,63.7
2005-06,Fairview,22931,344,0,typical,9.0
2005-07,Fairview,17380,273,0,below_typical,-19.5
2005-08,Fairview,25527,335,0,above_typical,31.8
2005-09,Fairview,22948,309,0,below_typical,-20.2
2005-10,Fairview,23815,309,0,below_typical,-13.4
2005-11,Fairview,17574,252,0,below_typical,-25.7
2005-12,Fairview,16519,263,0,below_typical,-38.9
2006-01,Fairview,19670,314,0,below_typical,-18.2
2006-02,Fairview,18399,294,0,typical,-7.6
2006-03,Fairview,18111,329,0,below_typical,-18.0
2006-04,Fairview,15982,227,0,below_typical,-43.3
2006-05,Fairview,18504,237,0,below_typical,-30.6
2006-06,Fairview,20475,271,0,below_typical,-10.7
2006-07,Fairview,18329,268,0,typical,5.5
2006-08,Fairview,15309,229,0,below_typical,-40.0
2006-09,Fairview,14614,238,0,below_typical,-36.3
2006-10,Fairview,20246,269,0,below_typical,-15.0
2006-11,Fairview,18191,258,0,typical,3.5
2006-12,Fairview,20057,288,0,above_typical,21.4
2007-01,Fairview,22903,334,0,above_typical,16.4
2007-02,Fairview,16301,234,0,below_typical,-11.4
2007-03,Fairview,12789,190,0,below_typical,-29.4
2007-04,Fairview,14085,214,0,below_typical,-11.9
2007-05,Fairview,13283,213,0,below_typical,-28.2
2007-06,Fairview,18956,240,0,typical,-7.4
2007-07,Fairview,17829,256,0,typical,-2.7
2007-08,Fairview,19670,278,0,above_typical,28.5
2007-09,Fairview,21201,293,0,above_typical,45.1
2007-10,Fairview,22492,276,0,above_typical,11.1
2007-11,Fairview,18487,206,0,typical,1.6
2007-12,Fairview,17583,231,0,below_typical,-12.3
2008-01,Fairview,18012,223,0,below_typical,-21.4
2008-02,Fairview,20856,247,0,above_typical,27.9
2008-03,Fairview,18073,269,0,above_typical,41.3
2008-04,Fairview,15038,207,0,typical,6.8
2008-05,Fairview,14308,191,0,typical,7.7
2008-06,Fairview,13454,200,0,below_typical,-29.0
2008-07,Fairview,14365,195,0,below_typical,-19.4
2008-08,Fairview,12605,198,0,below_typical,-35.9
2008-09,Fairview,13826,211,0,below_typical,-34.8
2008-10,Fairview,16084,214,0,below_typical,-28.5
2008-11,Fairview,11703,196,0,below_typical,-36.7
2008-12,Fairview,15429,208,0,below_typical,-12.3
2009-01,Fairview,18039,214,0,typical,0.1
2009-02,Fairview,21668,254,0,typical,3.9
2009-03,Fairview,14689,210,0,below_typical,-18.7
2009-04,Fairview,12463,195,0,below_typical,-17.1
2009-05,Fairview,13182,199,0,typical,-7.9
2009-06,Fairview,11113,209,0,below_typical,-17.4
2009-07,Fairview,9881,193,0,below_typical,-31.2
2009-08,Fairview,15198,259,0,above_typical,20.6
2009-09,Fairview,12360,218,0,below_typical,-10.6
2009-10,Fairview,13050,205,0,below_typical,-18.9
2009-11,Fairview,13246,224,0,above_typical,13.2
2009-12,Fairview,10683,154,0,below_typical,-30.8
2010-01,Fairview,6899,133,0,below_typical,-61.8
2010-02,Fairview,11135,194,0,below_typical,-48.6
2010-03,Fairview,11239,172,0,below_typical,-23.5
2010-04,Fairview,12074,200,0,typical,-3.1
2010-05,Fairview,14032,222,0,typical,6.4
2010-06,Fairview,10195,164,0,typical,-8.3
2010-07,Fairview,11580,199,0,above_typical,17.2
2010-08,Fairview,13337,210,0,below_typical,-12.2
2010-09,Fairview,10047,159,0,below_typical,-18.7
2010-10,Fairview,11155,175,0,below_typical,-14.5
2010-11,Fairview,7417,169,0,below_typical,-44.0
2010-12,Fairview,11255,155,0,typical,5.4
2011-01,Fairview,10166,163,0,above_typical,47.4
2011-02,Fairview,9944,170,0,below_typical,-10.7
2011-03,Fairview,11030,169,0,typical,-1.9
2011-04,Fairview,9517,141,0,below_typical,-21.2
2011-05,Fairview,9450,174,0,below_typical,-32.7
2011-06,Fairview,8816,163,0,below_typical,-13.5
2011-07,Fairview,11961,205,0,typical,3.3
2011-08,Fairview,10975,182,0,below_typical,-17.7
2011-09,Fairview,11007,155,0,typical,9.6
2011-10,Fairview,8956,148,0,below_typical,-19.7
2011-11,Fairview,5729,105,0,below_typical,-22.8
2011-12,Fairview,8463,135,0,below_typical,-24.8
2012-01,Fairview,11375,190,0,above_typical,11.9
2012-02,Fairview,7774,140,0,below_typical,-21.8
2012-03,Fairview,10915,182,0,typical,-1.0
2012-04,Fairview,11636,184,0,above_typical,22.3
2012-05,Fairview,10418,168,0,above_typical,10.2
2012-06,Fairview,11523,167,0,above_typical,30.7
2012-07,Fairview,13910,181,0,above_typical,16.3
2012-08,Fairview,14570,204,0,above_typical,32.8
2012-09,Fairview,13394,193,0,above_typical,21.7
2012-10,Fairview,12633,175,0,above_typical,41.1
2012-11,Fairview,16852,251,0,above_typical,194.2
2012-12,Fairview,13611,182,0,above_typical,60.8
2013-01,Fairview,13895,167,0,above_typical,22.2
2013-02,Fairview,8654,124,0,above_typical,11.3
2013-03,Fairview,9256,139,0,below_typical,-15.2
2013-04,Fairview,11076,151,0,typical,-4.8
2013-05,Fairview,9140,168,0,below_typical,-12.3
2013-06,Fairview,9416,184,0,below_typical,-18.3
2013-07,Fairview,10639,180,0,below_typical,-23.5
2013-08,Fairview,11670,199,0,below_typical,-19.9
2013-09,Fairview,8682,162,0,below_typical,-35.2
2013-10,Fairview,10788,179,0,below_typical,-14.6
2013-11,Fairview,12656,168,0,below_typical,-24.9
2013-12,Fairview,12774,200,0,typical,-6.1
2014-01,Fairview,11866,176,0,below_typical,-14.6
2014-02,Fairview,11919,165,0,above_typical,37.7
2014-03,Fairview,11065,163,0,above_typical,19.5
2014-04,Fairview,12575,199,0,above_typical,13.5
2014-05,Fairview,17088,265,0,above_typical,87.0
2014-06,Fairview,12391,218,0,above_typical,31.6
2014-07,Fairview,13166,247,0,above_typical,23.8
2014-08,Fairview,14375,259,0,above_typical,23.2
2014-09,Fairview,13957,265,0,above_typical,60.8
2014-10,Fairview,12971,204,0,above_typical,20.2
2014-11,Fairview,10260,183,0,below_typical,-18.9
2014-12,Fairview,9569,160,0,below_typical,-25.1
2015-01,Fairview,11080,186,0,typical,-6.6
2015-02,Fairview,11839,175,0,typical,-0.7
2015-03,Fairview,12434,185,0,above_typical,12.4
2015-04,Fairview,11998,176,0,typical,-4.6
2015-05,Fairview,11818,217,0,below_typical,-30.8
2015-06,Fairview,16399,219,0,above_typical,32.3
2015-07,Fairview,12665,221,0,typical,-3.8
2015-08,Fairview,12213,228,0,below_typical,-15.0
2015-09,Fairview,11891,199,0,below_typical,-14.8
2015-10,Fairview,14060,189,0,typical,8.4
2015-11,Fairview,10986,169,0,typical,7.1
2015-12,Fairview,14406,204,0,above_typical,50.5
2016-01,Fairview,13026,210,0,above_typical,17.6
2016-02,Fairview,14455,206,0,above_typical,22.1
2016-03,Fairview,12935,205,0,typical,4.0
2016-04,Fairview,9781,199,0,below_typical,-18.5
2016-05,Fairview,14012,251,0,above_typical,18.6
2016-06,Fairview,10809,183,0,below_typical,-34.1
2016-07,Fairview,11996,206,0,typical,-5.3
2016-08,Fairview,9513,174,0,below_typical,-22.1
2016-09,Fairview,11950,190,0,typical,0.5
2016-10,Fairview,9510,146,0,below_typical,-32.4
2016-11,Fairview,11278,169,0,typical,2.7
2016-12,Fairview,11863,179,0,below_typical,-17.7
2017-01,Fairview,7738,130,0,below_typical,-40.6
2017-02,Fairview,10745,156,0,below_typical,-25.7
2017-03,Fairview,11205,159,0,below_typical,-13.4
2017-04,Fairview,10655,176,0,typical,8.9
2017-05,Fairview,10119,159,0,below_typical,-27.8
2017-06,Fairview,10879,188,0,typical,0.6
2017-07,Fairview,8826,174,0,below_typical,-26.4
2017-08,Fairview,11336,209,0,above_typical,19.2
2017-09,Fairview,10951,195,0,typical,-8.4
2017-10,Fairview,11326,192,0,above_typical,19.1
2017-11,Fairview,10933,184,0,typical,-3.1
2017-12,Fairview,11655,175,0,typical,-1.8
2018-01,Fairview,10599,197,0,above_typical,37.0
2018-02,Fairview,9037,178,0,below_typical,-15.9
2018-03,Fairview,10427,197,0,typical,-6.9
2018-04,Fairview,9804,172,0,typical,-8.0
2018-05,Fairview,9405,178,0,typical,-7.1
2018-06,Fairview,11946,197,0,typical,9.8
2018-07,Fairview,9520,201,0,typical,7.9
2018-08,Fairview,9940,192,0,below_typical,-12.3
2018-09,Fairview,8628,167,0,below_typical,-21.2
2018-10,Fairview,9374,179,0,below_typical,-17.2
2018-11,Fairview,8668,163,0,below_typical,-20.7
2018-12,Fairview,7776,136,0,below_typical,-33.3
2019-01,Fairview,10018,199,0,typical,-5.5
2019-02,Fairview,8181,145,0,typical,-9.5
2019-03,Fairview,13448,231,0,above_typical,29.0
2019-04,Fairview,12403,231,0,above_typical,26.5
2019-05,Fairview,10910,215,0,above_typical,16.0
2019-06,Fairview,11607,205,0,typical,-2.8
2019-07,Fairview,11055,202,0,above_typical,16.1
2019-08,Fairview,12518,260,0,above_typical,25.9
2019-09,Fairview,14946,239,0,above_typical,73.2
2019-10,Fairview,15625,254,0,above_typical,66.7
2019-11,Fairview,14140,224,0,above_typical,63.1
2019-12,Fairview,12973,215,0,above_typical,66.8
2020-01,Fairview,11274,187,0,above_typical,12.5
2020-02,Fairview,10080,190,0,above_typical,23.2
2020-03,Fairview,15325,231,0,above_typical,14.0
2020-04,Fairview,14576,192,0,above_typical,17.5
2020-05,Fairview,9167,130,0,below_typical,-16.0
2020-06,Fairview,8115,133,0,below_typical,-30.1
2020-07,Fairview,12745,174,0,above_typical,15.3
2020-08,Fairview,11558,180,0,typical,-7.7
2020-09,Fairview,9626,163,0,below_typical,-35.6
2020-10,Fairview,10931,188,0,below_typical,-30.0
2020-11,Fairview,11824,182,0,below_typical,-16.4
2020-12,Fairview,8880,142,0,below_typical,-31.6
2021-01,Fairview,11523,149,0,typical,2.2
2021-02,Fairview,7943,117,0,below_typical,-21.2
2021-03,Fairview,7986,130,0,below_typical,-47.9
2021-04,Fairview,6496,114,0,below_typical,-55.4
2021-05,Fairview,9379,152,0,typical,2.3
2021-06,Fairview,8981,141,0,above_typical,10.7
2021-07,Fairview,8398,153,0,below_typical,-34.1
2021-08,Fairview,7999,143,0,below_typical,-30.8
2021-09,Fairview,6271,114,0,below_typical,-34.9
2021-10,Fairview,5118,99,0,below_typical,-53.2
2021-11,Fairview,5218,104,0,below_typical,-55.9
2021-12,Fairview,7774,125,0,below_typical,-12.5
2022-01,Fairview,9039,138,0,below_typical,-21.6
2022-02,Fairview,9754,156,0,above_typical,22.8
2022-03,Fairview,7293,126,0,typical,-8.7
2022-04,Fairview,6939,136,0,typical,6.8
2022-05,Fairview,9040,150,0,typical,-3.6
2022-06,Fairview,6359,117,0,below_typical,-29.2
2022-07,Fairview,6667,120,0,below_typical,-20.6
2022-08,Fairview,10174,182,0,above_typical,27.2
2022-09,Fairview,7386,138,0,above_typical,17.8
2022-10,Fairview,8709,160,0,above_typical,70.2
2022-11,Fairview,7027,106,0,above_typical,34.7
2022-12,Fairview,5768,102,0,below_typical,-25.8
2023-01,Fairview,6386,119,0,below_typical,-29.4
2023-02,Fairview,7534,127,0,below_typical,-22.8
2023-03,Fairview,11646,178,0,above_typical,59.7
2023-04,Fairview,8473,153,0,above_typical,22.1
2023-05,Fairview,9477,171,0,typical,4.8
2023-06,Fairview,8789,169,0,above_typical,38.2
2023-07,Fairview,10343,180,0,above_typical,55.1
2023-08,Fairview,8442,164,0,below_typical,-17.0
2023-09,Fairview,8729,135,0,above_typical,18.2
2023-10,Fairview,7831,134,0,below_typical,-10.1
2023-11,Fairview,6065,119,0,below_typical,-13.7
2023-12,Fairview,6292,120,0,typical,9.1
2024-01,Fairview,5306,104,0,below_typical,-16.9
2024-02,Fairview,7487,129,0,typical,-0.6
2024-03,Fairview,7901,135,0,below_typical,-32.2
2024-04,Fairview,6086,117,0,below_typical,-28.2
2024-05,Fairview,7257,148,0,below_typical,-23.4
2024-06,Fairview,5436,114,0,below_typical,-38.1
2024-07,Fairview,6812,143,0,below_typical,-34.1
2024-08,Fairview,7274,141,0,below_typical,-13.8
2024-09,Fairview,5625,125,0,below_typical,-35.6
2024-10,Fairview,6186,119,0,below_typical,-21.0
2024-11,Fairview,5494,93,0,typical,-9.4
2024-12,Fairview,7671,136,0,above_typical,21.9
2025-01,Fairview,6609,127,0,above_typical,24.6
2025-02,Fairview,5342,100,0,below_typical,-28.6
2025-03,Fairview,7617,131,0,typical,-3.6
2025-04,Fairview,5646,110,0,typical,-7.2
2025-05,Fairview,6227,120,0,below_typical,-14.2
2025-06,Fairview,6855,130,0,above_typical,26.1
2025-07,Fairview,7217,148,0,typical,5.9
2025-08,Fairview,8132,142,0,above_typical,11.8
2025-09,Fairview,8114,145,0,above_typical,44.2
2025-10,Fairview,6883,118,0,above_typical,11.3
2025-11,Fairview,5246,110,0,typical,-4.5
2025-12,Fairview,5235,117,0,below_typical,-31.8
2026-01,Fairview,5392,99,0,below_typical,-18.4
2026-02,Fairview,5290,102,0,typical,-1.0
2026-03,Fairview,5719,112,0,below_typical,-24.9
2026-04,Fairview,6727,129,0,above_typical,19.1
2026-05,Fairview,8773,154,0,above_typical,40.9
2026-06,Fairview,4989,117,0,below_typical,-27.2
2026-07,Fairview,6704,128,0,typical,-7.1
2026-08,Fairview,6982,145,0,below_typical,-14.1
2026-09,Fairview,3299,74,1,,
2003-01,Grandview-Woodland,25059,334,0,,
2003-02,Grandview-Woodland,24715,324,0,,
2003-03,Grandview-Woodland,31111,345,0,,
2003-04,Grandview-Woodland,29774,333,0,,
2003-05,Grandview-Woodland,29463,368,0,,
2003-06,Grandview-Woodland,23806,319,0,,
2003-07,Grandview-Woodland,22197,293,0,,
2003-08,Grandview-Woodland,19917,282,0,,
2003-09,Grandview-Woodland,26674,346,0,,
2003-10,Grandview-Woodland,35238,390,0,,
2003-11,Grandview-Woodland,28800,321,0,,
2003-12,Grandview-Woodland,26787,299,0,,
2004-01,Grandview-Woodland,21350,290,0,below_typical,-14.8
2004-02,Grandview-Woodland,22381,301,0,typical,-9.4
2004-03,Grandview-Woodland,22921,307,0,below_typical,-26.3
2004-04,Grandview-Woodland,22066,282,0,below_typical,-25.9
2004-05,Grandview-Woodland,23585,286,0,below_typical,-20.0
2004-06,Grandview-Woodland,17143,251,0,below_typical,-28.0
2004-07,Grandview-Woodland,17887,242,0,below_typical,-19.4
2004-08,Grandview-Woodland,26418,332,0,above_typical,32.6
2004-09,Grandview-Woodland,25895,320,0,typical,-2.9
2004-10,Grandview-Woodland,22922,283,0,below_typical,-35.0
2004-11,Grandview-Woodland,26684,303,0,typical,-7.3
2004-12,Grandview-Woodland,20091,277,0,below_typical,-25.0
2005-01,Grandview-Woodland,18941,257,0,below_typical,-11.3
2005-02,Grandview-Woodland,19078,256,0,below_typical,-14.8
2005-03,Grandview-Woodland,15950,229,0,below_typical,-30.4
2005-04,Grandview-Woodland,17566,237,0,below_typical,-20.4
2005-05,Grandview-Woodland,14782,233,0,below_typical,-37.3
2005-06,Grandview-Woodland,18285,237,0,typical,6.7
2005-07,Grandview-Woodland,22086,289,0,above_typical,23.5
2005-08,Grandview-Woodland,19991,270,0,below_typical,-24.3
2005-09,Grandview-Woodland,20514,269,0,below_typical,-20.8
2005-10,Grandview-Woodland,20848,280,0,typical,-9.0
2005-11,Grandview-Woodland,19215,246,0,below_typical,-28.0
2005-12,Grandview-Woodland,21294,288,0,typical,6.0
2006-01,Grandview-Woodland,16881,207,0,below_typical,-10.9
2006-02,Grandview-Woodland,15094,200,0,below_typical,-20.9
2006-03,Grandview-Woodland,19069,248,0,above_typical,19.6
2006-04,Grandview-Woodland,17961,239,0,typical,2.2
2006-05,Grandview-Woodland,13960,197,0,typical,-5.6
2006-06,Grandview-Woodland,15721,209,0,below_typical,-14.0
2006-07,Grandview-Woodland,16848,225,0,below_typical,-23.7
2006-08,Grandview-Woodland,19289,260,0,typical,-3.5
2006-09,Grandview-Woodland,21711,262,0,typical,5.8
2006-10,Grandview-Woodland,18333,240,0,below_typical,-12.1
2006-11,Grandview-Woodland,22015,243,0,above_typical,14.6
2006-12,Grandview-Woodland,22771,240,0,typical,6.9
2007-01,Grandview-Woodland,24382,284,0,above_typical,44.4
2007-02,Grandview-Woodland,13102,175,0,below_typical,-13.2
2007-03,Grandview-Woodland,17219,229,0,typical,-9.7
2007-04,Grandview-Woodland,20979,264,0,above_typical,16.8
2007-05,Grandview-Woodland,15405,199,0,above_typical,10.4
2007-06,Grandview-Woodland,16079,213,0,typical,2.3
2007-07,Grandview-Woodland,17670,231,0,typical,4.9
2007-08,Grandview-Woodland,23958,302,0,above_typical,24.2
2007-09,Grandview-Woodland,16948,227,0,below_typical,-21.9
2007-10,Grandview-Woodland,17362,211,0,typical,-5.3
2007-11,Grandview-Woodland,19160,241,0,below_typical,-13.0
2007-12,Grandview-Woodland,15398,213,0,below_typical,-32.4
2008-01,Grandview-Woodland,12662,172,0,below_typical,-48.1
2008-02,Grandview-Woodland,17401,195,0,above_typical,32.8
2008-03,Grandview-Woodland,13002,200,0,below_typical,-24.5
2008-04,Grandview-Woodland,11395,171,0,below_typical,-45.7
2008-05,Grandview-Woodland,14293,189,0,typical,-7.2
2008-06,Grandview-Woodland,15201,195,0,typical,-5.5
2008-07,Grandview-Woodland,12765,182,0,below_typical,-27.8
2008-08,Grandview-Woodland,21012,249,0,below_typical,-12.3
2008-09,Grandview-Woodland,17462,238,0,typical,3.0
2008-10,Grandview-Woodland,17063,228,0,typical,-1.7
2008-11,Grandview-Woodland,13895,182,0,below_typical,-27.5
2008-12,Grandview-Woodland,11637,145,0,below_typical,-24.4
2009-01,Grandview-Woodland,10971,150,0,below_typical,-13.4
2009-02,Grandview-Woodland,6984,126,0,below_typical,-59.9
2009-03,Grandview-Woodland,12671,181,0,typical,-2.5
2009-04,Grandview-Woodland,14051,177,0,above_typical,23.3
2009-05,Grandview-Woodland,11531,175,0,below_typical,-19.3
2009-06,Grandview-Woodland,8893,129,0,below_typical,-41.5
2009-07,Grandview-Woodland,11445,178,0,below_typical,-10.3
2009-08,Grandview-Woodland,11240,140,0,below_typical,-46.5
2009-09,Grandview-Woodland,18392,187,0,typical,5.3
2009-10,Grandview-Woodland,20855,257,0,above_typical,22.2
2009-11,Grandview-Woodland,10192,165,0,below_typical,-26.6
2009-12,Grandview-Woodland,10399,150,0,below_typical,-10.6
2010-01,Grandview-Woodland,9918,136,0,typical,-9.6
2010-02,Grandview-Woodland,10712,141,0,above_typical,53.4
2010-03,Grandview-Woodland,11536,139,0,typical,-9.0
2010-04,Grandview-Woodland,11230,146,0,below_typical,-20.1
2010-05,Grandview-Woodland,11075,156,0,typical,-4.0
2010-06,Grandview-Woodland,11738,149,0,above_typical,32.0
2010-07,Grandview-Woodland,11339,149,0,typical,-0.9
2010-08,Grandview-Woodland,14252,190,0,above_typical,26.8
2010-09,Grandview-Woodland,10958,171,0,below_typical,-40.4
2010-10,Grandview-Woodland,12583,188,0,below_typical,-39.7
2010-11,Grandview-Woodland,11939,161,0,above_typical,17.1
2010-12,Grandview-Woodland,13621,186,0,above_typical,31.0
2011-01,Grandview-Woodland,14279,190,0,above_typical,44.0
2011-02,Grandview-Woodland,9628,145,0,below_typical,-10.1
2011-03,Grandview-Woodland,11238,161,0,typical,-2.6
2011-04,Grandview-Woodland,11007,149,0,typical,-2.0
2011-05,Grandview-Woodland,10311,151,0,typical,-6.9
2011-06,Grandview-Woodland,10316,148,0,below_typical,-12.1
2011-07,Grandview-Woodland,11862,163,0,typical,4.6
2011-08,Grandview-Woodland,10930,146,0,below_typical,-23.3
2011-09,Grandview-Woodland,10140,141,0,typical,-7.5
2011-10,Grandview-Woodland,12087,183,0,typical,-3.9
2011-11,Grandview-Woodland,9753,138,0,below_typical,-18.3
2011-12,Grandview-Woodland,10415,140,0,below_typical,-23.5
2012-01,Grandview-Woodland,9670,146,0,below_typical,-32.3
2012-02,Grandview-Woodland,8506,132,0,below_typical,-11.7
2012-03,Grandview-Woodland,10127,149,0,typical,-9.9
2012-04,Grandview-Woodland,12929,180,0,above_typical,17.5
2012-05,Grandview-Woodland,9885,147,0,typical,-4.1
2012-06,Grandview-Woodland,11004,175,0,typical,6.7
2012-07,Grandview-Woodland,9347,160,0,below_typical,-21.2
2012-08,Grandview-Woodland,14346,180,0,above_typical,31.3
2012-09,Grandview-Woodland,9512,145,0,typical,-6.2
2012-10,Grandview-Woodland,11038,168,0,typical,-8.7
2012-11,Grandview-Woodland,11773,178,0,above_typical,20.7
2012-12,Grandview-Woodland,9460,120,0,typical,-9.2
2013-01,Grandview-Woodland,9593,156,0,typical,-0.8
2013-02,Grandview-Woodland,11361,148,0,above_typical,33.6
2013-03,Grandview-Woodland,11460,178,0,above_typical,13.2
2013-04,Grandview-Woodland,14197,189,0,typical,9.8
2013-05,Grandview-Woodland,11406,189,0,above_typical,15.4
2013-06,Grandview-Woodland,13630,192,0,above_typical,23.9
2013-07,Grandview-Woodland,16890,203,0,above_typical,80.7
2013-08,Grandview-Woodland,15047,193,0,typical,4.9
2013-09,Grandview-Woodland,11183,164,0,above_typical,17.6
2013-10,Grandview-Woodland,13095,190,0,above_typical,18.6
2013-11,Grandview-Woodland,10465,152,0,below_typical,-11.1
2013-12,Grandview-Woodland,10642,159,0,above_typical,12.5
2014-01,Grandview-Woodland,8610,127,0,below_typical,-10.2
2014-02,Grandview-Woodland,9363,140,0,below_typical,-17.6
2014-03,Grandview-Woodland,10805,166,0,typical,-5.7
2014-04,Grandview-Woodland,11117,167,0,below_typical,-21.7
2014-05,Grandview-Woodland,11373,186,0,typical,-0.3
2014-06,Grandview-Woodland,10849,176,0,below_typical,-20.4
2014-07,Grandview-Woodland,9225,173,0,below_typical,-45.4
2014-08,Grandview-Woodland,10556,191,0,below_typical,-29.8
2014-09,Grandview-Woodland,9861,147,0,below_typical,-11.8
2014-10,Grandview-Woodland,12738,208,0,typical,-2.7
2014-11,Grandview-Woodland,10785,164,0,typical,3.1
2014-12,Grandview-Woodland,12124,183,0,above_typical,13.9
2015-01,Grandview-Woodland,14141,183,0,above_typical,64.2
2015-02,Grandview-Woodland,9224,152,0,typical,-1.5
2015-03,Grandview-Woodland,11841,166,0,typical,9.6
2015-04,Grandview-Woodland,9069,160,0,below_typical,-18.4
2015-05,Grandview-Woodland,11411,171,0,typical,0.3
2015-06,Grandview-Woodland,10724,169,0,typical,-1.2
2015-07,Grandview-Woodland,12780,175,0,above_typical,38.5
2015-08,Grandview-Woodland,8930,144,0,below_typical,-15.4
2015-09,Grandview-Woodland,10976,165,0,above_typical,11.3
2015-10,Grandview-Woodland,14309,200,0,above_typical,12.3
2015-11,Grandview-Woodland,11918,198,0,above_typical,10.5
2015-12,Grandview-Woodland,15787,197,0,above_typical,30.2
2016-01,Grandview-Woodland,11220,166,0,below_typical,-20.7
2016-02,Grandview-Woodland,12616,172,0,above_typical,36.8
2016-03,Grandview-Woodland,13948,208,0,above_typical,17.8
2016-04,Grandview-Woodland,11241,177,0,above_typical,23.9
2016-05,Grandview-Woodland,13169,215,0,above_typical,15.4
2016-06,Grandview-Woodland,13625,232,0,above_typical,27.1
2016-07,Grandview-Woodland,13150,217,0,typical,2.9
2016-08,Grandview-Woodland,13668,219,0,above_typical,53.1
2016-09,Grandview-Woodland,12174,215,0,above_typical,10.9
2016-10,Grandview-Woodland,11070,200,0,below_typical,-22.6
2016-11,Grandview-Woodland,10735,166,0,typical,-9.9
2016-12,Grandview-Woodland,9688,145,0,below_typical,-38.6
2017-01,Grandview-Woodland,9277,144,0,below_typical,-17.3
2017-02,Grandview-Woodland,9811,143,0,below_typical,-22.2
2017-03,Grandview-Woodland,12217,193,0,below_typical,-12.4
2017-04,Grandview-Woodland,10422,185,0,typical,-7.3
2017-05,Grandview-Woodland,10624,179,0,below_typical,-19.3
2017-06,Grandview-Woodland,11446,172,0,below_typical,-16.0
2017-07,Grandview-Woodland,10503,180,0,below_typical,-20.1
2017-08,Grandview-Woodland,10582,182,0,below_typical,-22.6
2017-09,Grandview-Woodland,14548,227,0,above_typical,19.5
2017-10,Grandview-Woodland,15308,241,0,above_typical,38.3
2017-11,Grandview-Woodland,16271,248,0,above_typical,51.6
2017-12,Grandview-Woodland,14628,226,0,above_typical,51.0
2018-01,Grandview-Woodland,14085,213,0,above_typical,51.8
2018-02,Grandview-Woodland,10515,145,0,typical,7.2
2018-03,Grandview-Woodland,16784,248,0,above_typical,37.4
2018-04,Grandview-Woodland,13362,182,0,above_typical,28.2
2018-05,Grandview-Woodland,11100,188,0,typical,4.5
2018-06,Grandview-Woodland,10232,164,0,below_typical,-10.6
2018-07,Grandview-Woodland,10088,172,0,typical,-4.0
2018-08,Grandview-Woodland,8781,148,0,below_typical,-17.0
2018-09,Grandview-Woodland,13243,202,0,typical,-9.0
2018-10,Grandview-Woodland,10221,170,0,below_typical,-33.2
2018-11,Grandview-Woodland,9987,173,0,below_typical,-38.6
2018-12,Grandview-Woodland,9881,149,0,below_typical,-32.5
2019-01,Grandview-Woodland,12983,210,0,typical,-7.8
2019-02,Grandview-Woodland,8453,134,0,below_typical,-19.6
2019-03,Grandview-Woodland,10387,168,0,below_typical,-38.1
2019-04,Grandview-Woodland,8670,170,0,below_typical,-35.1
2019-05,Grandview-Woodland,10139,178,0,typical,-8.7
2019-06,Grandview-Woodland,12429,206,0,above_typical,21.5
2019-07,Grandview-Woodland,11181,190,0,above_typical,10.8
2019-08,Grandview-Woodland,13429,226,0,above_typical,52.9
2019-09,Grandview-Woodland,12912,210,0,typical,-2.5
2019-10,Grandview-Woodland,15143,222,0,above_typical,48.2
2019-11,Grandview-Woodland,11711,175,0,above_typical,17.3
2019-12,Grandview-Woodland,11729,184,0,above_typical,18.7
2020-01,Grandview-Woodland,11011,168,0,below_typical,-15.2
2020-02,Grandview-Woodland,11380,191,0,above_typical,34.6
2020-03,Grandview-Woodland,12118,176,0,above_typical,16.7
2020-04,Grandview-Woodland,12165,186,0,above_typical,40.3
2020-05,Grandview-Woodland,9355,134,0,typical,-7.7
2020-06,Grandview-Woodland,8641,118,0,below_typical,-30.5
2020-07,Grandview-Woodland,10015,153,0,below_typical,-10.4
2020-08,Grandview-Woodland,8547,151,0,below_typical,-36.4
2020-09,Grandview-Woodland,9721,157,0,below_typical,-24.7
2020-10,Grandview-Woodland,9461,157,0,below_typical,-37.5
2020-11,Grandview-Woodland,8352,160,0,below_typical,-28.7
2020-12,Grandview-Woodland,9100,141,0,below_typical,-22.4
2021-01,Grandview-Woodland,9607,143,0,below_typical,-12.8
2021-02,Grandview-Woodland,6844,110,0,below_typical,-39.9
2021-03,Grandview-Woodland,7622,115,0,below_typical,-37.1
2021-04,Grandview-Woodland,9887,138,0,below_typical,-18.7
2021-05,Grandview-Woodland,7113,111,0,below_typical,-24.0
2021-06,Grandview-Woodland,7248,113,0,below_typical,-16.1
2021-07,Grandview-Woodland,9274,140,0,typical,-7.4
2021-08,Grandview-Woodland,7362,129,0,below_typical,-13.9
2021-09,Grandview-Woodland,9634,160,0,typical,-0.9
2021-10,Grandview-Woodland,8413,132,0,below_typical,-11.1
2021-11,Grandview-Woodland,8745,134,0,typical,4.7
2021-12,Grandview-Woodland,6182,111,0,below_typical,-32.1
2022-01,Grandview-Woodland,9371,138,0,typical,-2.5
2022-02,Grandview-Woodland,6348,100,0,typical,-7.2
2022-03,Grandview-Woodland,8938,153,0,above_typical,17.3
2022-04,Grandview-Woodland,8015,131,0,below_typical,-18.9
2022-05,Grandview-Woodland,8694,142,0,above_typical,22.2
2022-06,Grandview-Woodland,8255,145,0,above_typical,13.9
2022-07,Grandview-Woodland,9936,145,0,typical,7.1
2022-08,Grandview-Woodland,7417,110,0,typical,0.7
2022-09,Grandview-Woodland,6772,109,0,below_typical,-29.7
2022-10,Grandview-Woodland,7771,129,0,typical,-7.6
2022-11,Grandview-Woodland,5869,105,0,below_typical,-32.9
2022-12,Grandview-Woodland,7310,98,0,above_typical,18.2
2023-01,Grandview-Woodland,9602,146,0,typical,2.5
2023-02,Grandview-Woodland,9140,127,0,above_typical,44.0
2023-03,Grandview-Woodland,9529,149,0,typical,6.6
2023-04,Grandview-Woodland,9504,151,0,above_typical,18.6
2023-05,Grandview-Woodland,6387,111,0,below_typical,-26.5
2023-06,Grandview-Woodland,8022,147,0,typical,-2.8
2023-07,Grandview-Woodland,8618,151,0,below_typical,-13.3
2023-08,Grandview-Woodland,9236,153,0,above_typical,24.5
2023-09,Grandview-Woodland,8643,136,0,above_typical,27.6
2023-10,Grandview-Woodland,7290,128,0,typical,-6.2
2023-11,Grandview-Woodland,5909,102,0,typical,0.7
2023-12,Grandview-Woodland,8722,140,0,above_typical,19.3
2024-01,Grandview-Woodland,8020,133,0,below_typical,-16.5
2024-02,Grandview-Woodland,6148,110,0,below_typical,-32.7
2024-03,Grandview-Woodland,7161,116,0,below_typical,-24.9
2024-04,Grandview-Woodland,7056,120,0,below_typical,-25.8
2024-05,Grandview-Woodland,6830,111,0,typical,6.9
2024-06,Grandview-Woodland,6310,116,0,below_typical,-21.3
2024-07,Grandview-Woodland,6832,124,0,below_typical,-20.7
2024-08,Grandview-Woodland,7779,138,0,below_typical,-15.8
2024-09,Grandview-Woodland,7873,126,0,typical,-8.9
2024-10,Grandview-Woodland,6404,115,0,below_typical,-12.2
2024-11,Grandview-Woodland,4637,89,0,below_typical,-21.5
2024-12,Grandview-Woodland,6339,98,0,below_typical,-27.3
2025-01,Grandview-Woodland,8192,137,0,typical,2.1
2025-02,Grandview-Woodland,4753,81,0,below_typical,-22.7
2025-03,Grandview-Woodland,5559,103,0,below_typical,-22.4
2025-04,Grandview-Woodland,7828,129,0,above_typical,10.9
2025-05,Grandview-Woodland,7915,140,0,above_typical,15.9
2025-06,Grandview-Woodland,7866,135,0,above_typical,24.7
2025-07,Grandview-Woodland,6961,125,0,typical,1.9
2025-08,Grandview-Woodland,8272,156,0,typical,6.3
2025-09,Grandview-Woodland,6993,131,0,below_typical,-11.2
2025-10,Grandview-Woodland,6471,116,0,typical,1.0
2025-11,Grandview-Woodland,5484,113,0,above_typical,18.3
2025-12,Grandview-Woodland,6294,107,0,typical,-0.7
2026-01,Grandview-Woodland,6167,124,0,below_typical,-24.7
2026-02,Grandview-Woodland,6799,152,0,above_typical,43.0
2026-03,Grandview-Woodland,4973,91,0,below_typical,-10.5
2026-04,Grandview-Woodland,5747,92,0,below_typical,-26.6
2026-05,Grandview-Woodland,4756,99,0,below_typical,-39.9
2026-06,Grandview-Woodland,7015,122,0,below_typical,-10.8
2026-07,Grandview-Woodland,6834,140,0,typical,-1.8
2026-08,Grandview-Woodland,6405,114,0,below_typical,-22.6
2026-09,Grandview-Woodland,4201,76,1,,
2003-01,Hastings-Sunrise,14996,171,0,,
2003-02,Hastings-Sunrise,14152,161,0,,
2003-03,Hastings-Sunrise,16004,184,0,,
2003-04,Hastings-Sunrise,17621,196,0,,
2003-05,Hastings-Sunrise,16230,175,0,,
2003-06,Hastings-Sunrise,14084,190,0,,
2003-07,Hastings-Sunrise,11439,147,0,,
2003-08,Hastings-Sunrise,14293,180,0,,
2003-09,Hastings-Sunrise,13753,177,0,,
2003-10,Hastings-Sunrise,15392,173,0,,
2003-11,Hastings-Sunrise,18005,215,0,,
2003-12,Hastings-Sunrise,12848,165,0,,
2004-01,Hastings-Sunrise,14175,182,0,typical,-5.5
2004-02,Hastings-Sunrise,11206,132,0,below_typical,-20.8
2004-03,Hastings-Sunrise,13509,178,0,below_typical,-15.6
2004-04,Hastings-Sunrise,12706,147,0,below_typical,-27.9
2004-05,Hastings-Sunrise,15304,167,0,typical,-5.7
2004-06,Hastings-Sunrise,14146,197,0,typical,0.4
2004-07,Hastings-Sunrise,15903,198,0,above_typical,39.0
2004-08,Hastings-Sunrise,17313,230,0,above_typical,21.1
2004-09,Hastings-Sunrise,14329,189,0,typical,4.2
2004-10,Hastings-Sunrise,13393,192,0,below_typical,-13.0
2004-11,Hastings-Sunrise,14258,183,0,below_typical,-20.8
2004-12,Hastings-Sunrise,13484,177,0,typical,5.0
2005-01,Hastings-Sunrise,10140,143,0,below_typical,-28.5
2005-02,Hastings-Sunrise,10853,135,0,typical,-3.2
2005-03,Hastings-Sunrise,9751,150,0,below_typical,-27.8
2005-04,Hastings-Sunrise,9019,135,0,below_typical,-29.0
2005-05,Hastings-Sunrise,11587,158,0,below_typical,-24.3
2005-06,Hastings-Sunrise,11231,142,0,below_typical,-20.6
2005-07,Hastings-Sunrise,12113,154,0,below_typical,-23.8
2005-08,Hastings-Sunrise,11720,184,0,below_typical,-32.3
2005-09,Hastings-Sunrise,8295,120,0,below_typical,-42.1
2005-10,Hastings-Sunrise,10457,131,0,below_typical,-21.9
2005-11,Hastings-Sunrise,11778,162,0,below_typical,-17.4
2005-12,Hastings-Sunrise,10748,152,0,below_typical,-20.3
2006-01,Hastings-Sunrise,10706,145,0,typical,5.6
2006-02,Hastings-Sunrise,12238,150,0,above_typical,12.8
2006-03,Hastings-Sunrise,8230,104,0,below_typical,-15.6
2006-04,Hastings-Sunrise,12154,148,0,above_typical,34.8
2006-05,Hastings-Sunrise,13524,140,0,above_typical,16.7
2006-06,Hastings-Sunrise,13232,166,0,above_typical,17.8
2006-07,Hastings-Sunrise,9023,125,0,below_typical,-25.5
2006-08,Hastings-Sunrise,12917,192,0,above_typical,10.2
2006-09,Hastings-Sunrise,11196,168,0,above_typical,35.0
2006-10,Hastings-Sunrise,13995,163,0,above_typical,33.8
2006-11,Hastings-Sunrise,11045,132,0,typical,-6.2
2006-12,Hastings-Sunrise,14314,147,0,above_typical,33.2
2007-01,Hastings-Sunrise,12347,129,0,above_typical,15.3
2007-02,Hastings-Sunrise,10712,117,0,below_typical,-12.5
2007-03,Hastings-Sunrise,9203,123,0,above_typical,11.8
2007-04,Hastings-Sunrise,8585,115,0,below_typical,-29.4
2007-05,Hastings-Sunrise,8648,116,0,below_typical,-36.1
2007-06,Hastings-Sunrise,8379,108,0,below_typical,-36.7
2007-07,Hastings-Sunrise,9714,131,0,typical,7.7
2007-08,Hastings-Sunrise,11322,154,0,below_typical,-12.3
2007-09,Hastings-Sunrise,9175,123,0,below_typical,-18.1
2007-10,Hastings-Sunrise,11092,151,0,below_typical,-20.7
2007-11,Hastings-Sunrise,9683,128,0,below_typical,-12.3
2007-12,Hastings-Sunrise,7731,97,0,below_typical,-46.0
2008-01,Hastings-Sunrise,6653,83,0,below_typical,-46.1
2008-02,Hastings-Sunrise,7461,88,0,below_typical,-30.3
2008-03,Hastings-Sunrise,5214,82,0,below_typical,-43.3
2008-04,Hastings-Sunrise,8066,131,0,typical,-6.0
2008-05,Hastings-Sunrise,10853,146,0,above_typical,25.5
2008-06,Hastings-Sunrise,8402,105,0,typical,0.3
2008-07,Hastings-Sunrise,7662,128,0,below_typical,-21.1
2008-08,Hastings-Sunrise,10836,148,0,typical,-4.3
2008-09,Hastings-Sunrise,12407,153,0,above_typical,35.2
2008-10,Hastings-Sunrise,6618,104,0,below_typical,-40.3
2008-11,Hastings-Sunrise,8179,112,0,below_typical,-15.5
2008-12,Hastings-Sunrise,7991,99,0,typical,3.4
2009-01,Hastings-Sunrise,8560,111,0,above_typical,28.7
2009-02,Hastings-Sunrise,6477,77,0,below_typical,-13.2
2009-03,Hastings-Sunrise,7153,101,0,above_typical,37.2
2009-04,Hastings-Sunrise,5424,79,0,below_typical,-32.8
2009-05,Hastings-Sunrise,10618,129,0,typical,-2.2
2009-06,Hastings-Sunrise,7625,104,0,typical,-9.2
2009-07,Hastings-Sunrise,7850,103,0,typical,2.5
2009-08,Hastings-Sunrise,9375,125,0,below_typical,-13.5
2009-09,Hastings-Sunrise,8342,129,0,below_typical,-32.8
2009-10,Hastings-Sunrise,9835,110,0,above_typical,48.6
2009-11,Hastings-Sunrise,9659,119,0,above_typical,18.1
2009-12,Hastings-Sunrise,7979,98,0,typical,-0.2
2010-01,Hastings-Sunrise,8532,103,0,typical,-0.3
2010-02,Hastings-Sunrise,4491,61,0,below_typical,-30.7
2010-03,Hastings-Sunrise,6731,77,0,typical,-5.9
2010-04,Hastings-Sunrise,5167,77,0,typical,-4.7
2010-05,Hastings-Sunrise,8941,101,0,below_typical,-15.8
2010-06,Hastings-Sunrise,7670,103,0,typical,0.6
2010-07,Hastings-Sunrise,9053,126,0,above_typical,15.3
2010-08,Hastings-Sunrise,8281,115,0,below_typical,-11.7
2010-09,Hastings-Sunrise,6314,105,0,below_typical,-24.3
2010-10,Hastings-Sunrise,8584,135,0,below_typical,-12.7
2010-11,Hastings-Sunrise,5952,81,0,below_typical,-38.4
2010-12,Hastings-Sunrise,6216,79,0,below_typical,-22.1
2011-01,Hastings-Sunrise,7315,85,0,below_typical,-14.3
2011-02,Hastings-Sunrise,7248,89,0,above_typical,61.4
2011-03,Hastings-Sunrise,6071,78,0,typical,-9.8
2011-04,Hastings-Sunrise,9821,122,0,above_typical,90.1
2011-05,Hastings-Sunrise,6064,87,0,below_typical,-32.2
2011-06,Hastings-Sunrise,8253,98,0,typical,7.6
2011-07,Hastings-Sunrise,7066,107,0,below_typical,-21.9
2011-08,Hastings-Sunrise,10157,130,0,above_typical,22.7
2011-09,Hastings-Sunrise,7345,115,0,above_typical,16.3
2011-10,Hastings-Sunrise,7263,103,0,below_typical,-15.4
2011-11,Hastings-Sunrise,7328,112,0,above_typical,23.1
2011-12,Hastings-Sunrise,8022,100,0,above_typical,29.1
2012-01,Hastings-Sunrise,6795,79,0,typical,-7.1
2012-02,Hastings-Sunrise,5873,95,0,below_typical,-19.0
2012-03,Hastings-Sunrise,9154,108,0,above_typical,50.8
2012-04,Hastings-Sunrise,7248,110,0,below_typical,-26.2
2012-05,Hastings-Sunrise,7599,121,0,above_typical,25.3
2012-06,Hastings-Sunrise,9193,132,0,above_typical,11.4
2012-07,Hastings-Sunrise,7380,104,0,typical,4.4
2012-08,Hastings-Sunrise,8234,120,0,below_typical,-18.9
2012-09,Hastings-Sunrise,8053,110,0,typical,9.6
2012-10,Hastings-Sunrise,8925,111,0,above_typical,22.9
2012-11,Hastings-Sunrise,5602,82,0,below_typical,-23.6
2012-12,Hastings-Sunrise,5929,75,0,below_typical,-26.1
2013-01,Hastings-Sunrise,5667,70,0,below_typical,-16.6
2013-02,Hastings-Sunrise,4167,66,0,below_typical,-29.0
2013-03,Hastings-Sunrise,5536,84,0,below_typical,-39.5
2013-04,Hastings-Sunrise,6345,83,0,below_typical,-12.5
2013-05,Hastings-Sunrise,6585,93,0,below_typical,-13.3
2013-06,Hastings-Sunrise,6277,90,0,below_typical,-31.7
2013-07,Hastings-Sunrise,6229,76,0,below_typical,-15.6
2013-08,Hastings-Sunrise,6156,112,0,below_typical,-25.2
2013-09,Hastings-Sunrise,5931,89,0,below_typical,-26.4
2013-10,Hastings-Sunrise,5467,93,0,below_typical,-38.7
2013-11,Hastings-Sunrise,4266,68,0,below_typical,-23.8
2013-12,Hastings-Sunrise,6181,100,0,typical,4.3
2014-01,Hastings-Sunrise,7771,101,0,above_typical,37.1
2014-02,Hastings-Sunrise,4662,63,0,above_typical,11.9
2014-03,Hastings-Sunrise,6044,99,0,typical,9.2
2014-04,Hastings-Sunrise,4579,60,0,below_typical,-27.8
2014-05,Hastings-Sunrise,7602,115,0,above_typical,15.4
2014-06,Hastings-Sunrise,6766,108,0,typical,7.8
2014-07,Hastings-Sunrise,4873,89,0,below_typical,-21.8
2014-08,Hastings-Sunrise,4846,101,0,below_typical,-21.3
2014-09,Hastings-Sunrise,4663,96,0,below_typical,-21.4
2014-10,Hastings-Sunrise,3768,81,0,below_typical,-31.1
2014-11,Hastings-Sunrise,4923,82,0,above_typical,15.4
2014-12,Hastings-Sunrise,7993,96,0,above_typical,29.3
2015-01,Hastings-Sunrise,7208,93,0,typical,-7.2
2015-02,Hastings-Sunrise,5830,81,0,above_typical,25.1
2015-03,Hastings-Sunrise,6912,109,0,above_typical,14.4
2015-04,Hastings-Sunrise,6270,89,0,above_typical,36.9
2015-05,Hastings-Sunrise,7158,100,0,typical,-5.8
2015-06,Hastings-Sunrise,4821,83,0,below_typical,-28.7
2015-07,Hastings-Sunrise,5479,94,0,above_typical,12.4
2015-08,Hastings-Sunrise,7659,108,0,above_typical,58.0
2015-09,Hastings-Sunrise,6253,99,0,above_typical,34.1
2015-10,Hastings-Sunrise,7659,122,0,above_typical,103.3
2015-11,Hastings-Sunrise,5619,91,0,above_typical,14.1
2015-12,Hastings-Sunrise,10779,133,0,above_typical,34.9
2016-01,Hastings-Sunrise,9827,108,0,above_typical,36.3
2016-02,Hastings-Sunrise,8090,114,0,above_typical,38.8
2016-03,Hastings-Sunrise,8645,121,0,above_typical,25.1
2016-04,Hastings-Sunrise,6607,107,0,typical,5.4
2016-05,Hastings-Sunrise,7758,122,0,typical,8.4
2016-06,Hastings-Sunrise,7475,102,0,above_typical,55.1
2016-07,Hastings-Sunrise,6534,88,0,above_typical,19.3
2016-08,Hastings-Sunrise,6332,114,0,below_typical,-17.3
2016-09,Hastings-Sunrise,6455,106,0,typical,3.2
2016-10,Hastings-Sunrise,7929,127,0,typical,3.5
2016-11,Hastings-Sunrise,7676,103,0,above_typical,36.6
2016-12,Hastings-Sunrise,5814,79,0,below_typical,-46.1
2017-01,Hastings-Sunrise,6073,93,0,below_typical,-38.2
2017-02,Hastings-Sunrise,5365,79,0,below_typical,-33.7
2017-03,Hastings-Sunrise,9310,140,0,typical,7.7
2017-04,Hastings-Sunrise,7507,95,0,above_typical,13.6
2017-05,Hastings-Sunrise,6311,102,0,below_typical,-18.7
2017-06,Hastings-Sunrise,6579,102,0,below_typical,-12.0
2017-07,Hastings-Sunrise,9270,139,0,above_typical,41.9
2017-08,Hastings-Sunrise,7441,148,0,above_typical,17.5
2017-09,Hastings-Sunrise,5628,92,0,below_typical,-12.8
2017-10,Hastings-Sunrise,8059,135,0,typical,1.6
2017-11,Hastings-Sunrise,7506,121,0,typical,-2.2
2017-12,Hastings-Sunrise,7911,112,0,above_typical,36.1
2018-01,Hastings-Sunrise,6129,98,0,typical,0.9
2018-02,Hastings-Sunrise,6188,91,0,above_typical,15.3
2018-03,Hastings-Sunrise,7525,120,0,below_typical,-19.2
2018-04,Hastings-Sunrise,7319,122,0,typical,-2.5
2018-05,Hastings-Sunrise,8742,143,0,above_typical,38.5
2018-06,Hastings-Sunrise,8368,142,0,above_typical,27.2
2018-07,Hastings-Sunrise,7625,127,0,below_typical,-17.7
2018-08,Hastings-Sunrise,7008,136,0,typical,-5.8
2018-09,Hastings-Sunrise,6284,125,0,above_typical,11.7
2018-10,Hastings-Sunrise,5359,105,0,below_typical,-33.5
2018-11,Hastings-Sunrise,6558,112,0,below_typical,-12.6
2018-12,Hastings-Sunrise,6347,116,0,below_typical,-19.8
2019-01,Hastings-Sunrise,8519,156,0,above_typical,39.0
2019-02,Hastings-Sunrise,5356,99,0,below_typical,-13.4
2019-03,Hastings-Sunrise,5389,104,0,below_typical,-28.4
2019-04,Hastings-Sunrise,5735,113,0,below_typical,-21.6
2019-05,Hastings-Sunrise,7839,133,0,below_typical,-10.3
2019-06,Hastings-Sunrise,8641,137,0,typical,3.3
2019-07,Hastings-Sunrise,9339,159,0,above_typical,22.5
2019-08,Hastings-Sunrise,8254,144,0,above_typical,17.8
2019-09,Hastings-Sunrise,8511,150,0,above_typical,35.4
2019-10,Hastings-Sunrise,8747,137,0,above_typical,63.2
2019-11,Hastings-Sunrise,10274,125,0,above_typical,56.7
2019-12,Hastings-Sunrise,6595,98,0,typical,3.9
2020-01,Hastings-Sunrise,8356,125,0,typical,-1.9
2020-02,Hastings-Sunrise,7612,124,0,above_typical,42.1
2020-03,Hastings-Sunrise,7548,121,0,above_typical,40.1
2020-04,Hastings-Sunrise,7879,109,0,above_typical,37.4
2020-05,Hastings-Sunrise,4730,92,0,below_typical,-39.7
2020-06,Hastings-Sunrise,6508,105,0,below_typical,-24.7
2020-07,Hastings-Sunrise,4037,73,0,below_typical,-56.8
2020-08,Hastings-Sunrise,7306,122,0,below_typical,-11.5
2020-09,Hastings-Sunrise,5478,105,0,below_typical,-35.6
2020-10,Hastings-Sunrise,6246,100,0,below_typical,-28.6
2020-11,Hastings-Sunrise,4838,79,0,below_typical,-52.9
2020-12,Hastings-Sunrise,5808,89,0,below_typical,-11.9
2021-01,Hastings-Sunrise,5897,99,0,below_typical,-29.4
2021-02,Hastings-Sunrise,6175,108,0,below_typical,-18.9
2021-03,Hastings-Sunrise,5471,94,0,below_typical,-27.5
2021-04,Hastings-Sunrise,6342,106,0,below_typical,-19.5
2021-05,Hastings-Sunrise,7117,105,0,above_typical,50.5
2021-06,Hastings-Sunrise,7368,112,0,above_typical,13.2
2021-07,Hastings-Sunrise,6352,99,0,above_typical,57.3
2021-08,Hastings-Sunrise,4252,78,0,below_typical,-41.8
2021-09,Hastings-Sunrise,4344,92,0,below_typical,-20.7
2021-10,Hastings-Sunrise,4307,82,0,below_typical,-31.0
2021-11,Hastings-Sunrise,5296,82,0,typical,9.5
2021-12,Hastings-Sunrise,3498,61,0,below_typical,-39.8
2022-01,Hastings-Sunrise,4245,65,0,below_typical,-28.0
2022-02,Hastings-Sunrise,4310,70,0,below_typical,-30.2
2022-03,Hastings-Sunrise,3693,61,0,below_typical,-32.5
2022-04,Hastings-Sunrise,5751,89,0,typical,-9.3
2022-05,Hastings-Sunrise,5757,88,0,below_typical,-19.1
2022-06,Hastings-Sunrise,4513,67,0,below_typical,-38.7
2022-07,Hastings-Sunrise,5544,84,0,below_typical,-12.7
2022-08,Hastings-Sunrise,4230,66,0,typical,-0.5
2022-09,Hastings-Sunrise,5648,90,0,above_typical,30.0
2022-10,Hastings-Sunrise,5347,83,0,above_typical,24.1
2022-11,Hastings-Sunrise,4736,82,0,below_typical,-10.6
2022-12,Hastings-Sunrise,3578,52,0,typical,2.3
2023-01,Hastings-Sunrise,3883,65,0,typical,-8.5
2023-02,Hastings-Sunrise,4052,61,0,typical,-6.0
2023-03,Hastings-Sunrise,6762,94,0,above_typical,83.1
2023-04,Hastings-Sunrise,5559,66,0,typical,-3.3
2023-05,Hastings-Sunrise,3858,64,0,below_typical,-33.0
2023-06,Hastings-Sunrise,4818,77,0,typical,6.8
2023-07,Hastings-Sunrise,4832,87,0,below_typical,-12.8
2023-08,Hastings-Sunrise,4573,76,0,typical,8.1
2023-09,Hastings-Sunrise,5315,77,0,typical,-5.9
2023-10,Hastings-Sunrise,3645,83,0,below_typical,-31.8
2023-11,Hastings-Sunrise,3435,63,0,below_typical,-27.5
2023-12,Hastings-Sunrise,4687,79,0,above_typical,31.0
2024-01,Hastings-Sunrise,4108,61,0,typical,5.8
2024-02,Hastings-Sunrise,4822,74,0,above_typical,19.0
2024-03,Hastings-Sunrise,4845,79,0,below_typical,-28.3
2024-04,Hastings-Sunrise,4535,69,0,below_typical,-18.4
2024-05,Hastings-Sunrise,3457,61,0,below_typical,-10.4
2024-06,Hastings-Sunrise,3934,67,0,below_typical,-18.3
2024-07,Hastings-Sunrise,3937,60,0,below_typical,-18.5
2024-08,Hastings-Sunrise,5332,84,0,above_typical,16.6
2024-09,Hastings-Sunrise,3162,63,0,below_typical,-40.5
2024-10,Hastings-Sunrise,3488,67,0,typical,-4.3
2024-11,Hastings-Sunrise,3164,60,0,typical,-7.9
2024-12,Hastings-Sunrise,3317,57,0,below_typical,-29.2
2025-01,Hastings-Sunrise,4865,70,0,above_typical,18.4
2025-02,Hastings-Sunrise,3915,59,0,below_typical,-18.8
2025-03,Hastings-Sunrise,3358,66,0,below_typical,-30.7
2025-04,Hastings-Sunrise,4491,87,0,typical,-1.0
2025-05,Hastings-Sunrise,6193,100,0,above_typical,79.1
2025-06,Hastings-Sunrise,3814,68,0,typical,-3.1
2025-07,Hastings-Sunrise,2945,60,0,below_typical,-25.2
2025-08,Hastings-Sunrise,4333,84,0,below_typical,-18.7
2025-09,Hastings-Sunrise,4863,98,0,above_typical,53.8
2025-10,Hastings-Sunrise,5233,94,0,above_typical,50.0
2025-11,Hastings-Sunrise,3639,70,0,above_typical,15.0
2025-12,Hastings-Sunrise,2469,52,0,below_typical,-25.6
2026-01,Hastings-Sunrise,6157,132,0,above_typical,26.6
2026-02,Hastings-Sunrise,4761,90,0,above_typical,21.6
2026-03,Hastings-Sunrise,2965,52,0,below_typical,-11.7
2026-04,Hastings-Sunrise,3314,64,0,below_typical,-26.2
2026-05,Hastings-Sunrise,2676,56,0,below_typical,-56.8
2026-06,Hastings-Sunrise,3896,87,0,typical,2.1
2026-07,Hastings-Sunrise,4776,104,0,above_typical,62.2
2026-08,Hastings-Sunrise,4682,74,0,typical,8.1
2026-09,Hastings-Sunrise,3068,49,1,,
2003-01,Kensington-Cedar Cottage,19715,235,0,,
2003-02,Kensington-Cedar Cottage,14782,179,0,,
2003-03,Kensington-Cedar Cottage,16385,216,0,,
2003-04,Kensington-Cedar Cottage,12735,194,0,,
2003-05,Kensington-Cedar Cottage,17985,228,0,,
2003-06,Kensington-Cedar Cottage,21656,257,0,,
2003-07,Kensington-Cedar Cottage,19509,232,0,,
2003-08,Kensington-Cedar Cottage,16237,225,0,,
2003-09,Kensington-Cedar Cottage,17017,213,0,,
2003-10,Kensington-Cedar Cottage,17839,230,0,,
2003-11,Kensington-Cedar Cottage,14072,165,0,,
2003-12,Kensington-Cedar Cottage,16910,233,0,,
2004-01,Kensington-Cedar Cottage,16683,226,0,below_typical,-15.4
2004-02,Kensington-Cedar Cottage,18966,231,0,above_typical,28.3
2004-03,Kensington-Cedar Cottage,15789,215,0,typical,-3.6
2004-04,Kensington-Cedar Cottage,18047,226,0,above_typical,41.7
2004-05,Kensington-Cedar Cottage,19877,247,0,above_typical,10.5
2004-06,Kensington-Cedar Cottage,17696,223,0,below_typical,-18.3
2004-07,Kensington-Cedar Cottage,15028,211,0,below_typical,-23.0
2004-08,Kensington-Cedar Cottage,22902,294,0,above_typical,41.0
2004-09,Kensington-Cedar Cottage,20350,260,0,above_typical,19.6
2004-10,Kensington-Cedar Cottage,21995,299,0,above_typical,23.3
2004-11,Kensington-Cedar Cottage,23610,328,0,above_typical,67.8
2004-12,Kensington-Cedar Cottage,18658,256,0,above_typical,10.3
2005-01,Kensington-Cedar Cottage,18366,234,0,above_typical,10.1
2005-02,Kensington-Cedar Cottage,12806,160,0,below_typical,-32.5
2005-03,Kensington-Cedar Cottage,14272,201,0,typical,-9.6
2005-04,Kensington-Cedar Cottage,14216,196,0,below_typical,-21.2
2005-05,Kensington-Cedar Cottage,15267,207,0,below_typical,-23.2
2005-06,Kensington-Cedar Cottage,16960,216,0,typical,-4.2
2005-07,Kensington-Cedar Cottage,19668,242,0,above_typical,30.9
2005-08,Kensington-Cedar Cottage,19215,244,0,below_typical,-16.1
2005-09,Kensington-Cedar Cottage,13028,181,0,below_typical,-36.0
2005-10,Kensington-Cedar Cottage,20384,234,0,typical,-7.3
2005-11,Kensington-Cedar Cottage,17658,246,0,below_typical,-25.2
2005-12,Kensington-Cedar Cottage,14635,199,0,below_typical,-21.6
2006-01,Kensington-Cedar Cottage,18595,241,0,typical,1.2
2006-02,Kensington-Cedar Cottage,16230,193,0,above_typical,26.7
2006-03,Kensington-Cedar Cottage,18805,223,0,above_typical,31.8
2006-04,Kensington-Cedar Cottage,17096,218,0,above_typical,20.3
2006-05,Kensington-Cedar Cottage,14556,195,0,typical,-4.7
2006-06,Kensington-Cedar Cottage,14883,198,0,below_typical,-12.2
2006-07,Kensington-Cedar Cottage,18084,213,0,typical,-8.1
2006-08,Kensington-Cedar Cottage,14935,222,0,below_typical,-22.3
2006-09,Kensington-Cedar Cottage,12026,178,0,typical,-7.7
2006-10,Kensington-Cedar Cottage,18202,251,0,below_typical,-10.7
2006-11,Kensington-Cedar Cottage,15038,204,0,below_typical,-14.8
2006-12,Kensington-Cedar Cottage,13972,176,0,typical,-4.5
2007-01,Kensington-Cedar Cottage,13529,172,0,below_typical,-27.2
2007-02,Kensington-Cedar Cottage,10670,153,0,below_typical,-34.3
2007-03,Kensington-Cedar Cottage,11949,175,0,below_typical,-36.5
2007-04,Kensington-Cedar Cottage,13239,179,0,below_typical,-22.6
2007-05,Kensington-Cedar Cottage,13179,177,0,typical,-9.5
2007-06,Kensington-Cedar Cottage,13396,183,0,typical,-10.0
2007-07,Kensington-Cedar Cottage,15940,200,0,below_typical,-11.9
2007-08,Kensington-Cedar Cottage,14084,197,0,typical,-5.7
2007-09,Kensington-Cedar Cottage,14272,183,0,above_typical,18.7
2007-10,Kensington-Cedar Cottage,12541,179,0,below_typical,-31.1
2007-11,Kensington-Cedar Cottage,12896,160,0,below_typical,-14.2
2007-12,Kensington-Cedar Cottage,12308,158,0,below_typical,-11.9
2008-01,Kensington-Cedar Cottage,13234,162,0,typical,-2.2
2008-02,Kensington-Cedar Cottage,9067,142,0,below_typical,-15.0
2008-03,Kensington-Cedar Cottage,12034,163,0,typical,0.7
2008-04,Kensington-Cedar Cottage,11479,163,0,below_typical,-13.3
2008-05,Kensington-Cedar Cottage,14866,192,0,above_typical,12.8
2008-06,Kensington-Cedar Cottage,11707,155,0,below_typical,-12.6
2008-07,Kensington-Cedar Cottage,13080,161,0,below_typical,-17.9
2008-08,Kensington-Cedar Cottage,16392,214,0,above_typical,16.4
2008-09,Kensington-Cedar Cottage,10093,156,0,below_typical,-29.3
2008-10,Kensington-Cedar Cottage,12320,170,0,typical,-1.8
2008-11,Kensington-Cedar Cottage,10495,155,0,below_typical,-18.6
2008-12,Kensington-Cedar Cottage,11769,148,0,typical,-4.4
2009-01,Kensington-Cedar Cottage,13108,163,0,typical,-1.0
2009-02,Kensington-Cedar Cottage,11804,183,0,above_typical,30.2
2009-03,Kensington-Cedar Cottage,6728,125,0,below_typical,-44.1
2009-04,Kensington-Cedar Cottage,8916,144,0,below_typical,-22.3
2009-05,Kensington-Cedar Cottage,10931,153,0,below_typical,-26.5
2009-06,Kensington-Cedar Cottage,9268,150,0,below_typical,-20.8
2009-07,Kensington-Cedar Cottage,9714,163,0,below_typical,-25.7
2009-08,Kensington-Cedar Cottage,9992,143,0,below_typical,-39.0
2009-09,Kensington-Cedar Cottage,10458,157,0,typical,3.6
2009-10,Kensington-Cedar Cottage,10756,144,0,below_typical,-12.7
2009-11,Kensington-Cedar Cottage,10178,132,0,typical,-3.0
2009-12,Kensington-Cedar Cottage,9981,136,0,below_typical,-15.2
2010-01,Kensington-Cedar Cottage,12143,190,0,typical,-7.4
2010-02,Kensington-Cedar Cottage,8749,144,0,below_typical,-25.9
2010-03,Kensington-Cedar Cottage,11484,165,0,above_typical,70.7
2010-04,Kensington-Cedar Cottage,9757,130,0,typical,9.4
2010-05,Kensington-Cedar Cottage,9055,145,0,below_typical,-17.2
2010-06,Kensington-Cedar Cottage,8020,122,0,below_typical,-13.5
2010-07,Kensington-Cedar Cottage,8602,129,0,below_typical,-11.4
2010-08,Kensington-Cedar Cottage,13434,173,0,above_typical,34.4
2010-09,Kensington-Cedar Cottage,9568,143,0,typical,-8.5
2010-10,Kensington-Cedar Cottage,9595,150,0,below_typical,-10.8
2010-11,Kensington-Cedar Cottage,8863,145,0,below_typical,-12.9
2010-12,Kensington-Cedar Cottage,8743,138,0,below_typical,-12.4
2011-01,Kensington-Cedar Cottage,9893,139,0,below_typical,-18.5
2011-02,Kensington-Cedar Cottage,8584,128,0,typical,-1.9
2011-03,Kensington-Cedar Cottage,10849,154,0,typical,-5.5
2011-04,Kensington-Cedar Cottage,10707,142,0,typical,9.7
2011-05,Kensington-Cedar Cottage,6955,110,0,below_typical,-23.2
2011-06,Kensington-Cedar Cottage,8578,107,0,typical,7.0
2011-07,Kensington-Cedar Cottage,10459,153,0,above_typical,21.6
2011-08,Kensington-Cedar Cottage,10036,157,0,below_typical,-25.3
2011-09,Kensington-Cedar Cottage,9130,136,0,typical,-4.6
2011-10,Kensington-Cedar Cottage,9164,138,0,typical,-4.5
2011-11,Kensington-Cedar Cottage,6739,97,0,below_typical,-24.0
2011-12,Kensington-Cedar Cottage,9625,121,0,above_typical,10.1
2012-01,Kensington-Cedar Cottage,7719,112,0,below_typical,-22.0
2012-02,Kensington-Cedar Cottage,9090,127,0,typical,5.9
2012-03,Kensington-Cedar Cottage,9162,129,0,below_typical,-15.5
2012-04,Kensington-Cedar Cottage,8314,123,0,below_typical,-22.3
2012-05,Kensington-Cedar Cottage,10513,145,0,above_typical,51.2
2012-06,Kensington-Cedar Cottage,8368,127,0,typical,-2.4
2012-07,Kensington-Cedar Cottage,9195,135,0,below_typical,-12.1
2012-08,Kensington-Cedar Cottage,7563,109,0,below_typical,-24.6
2012-09,Kensington-Cedar Cottage,11279,152,0,above_typical,23.5
2012-10,Kensington-Cedar Cottage,9261,127,0,typical,1.1
2012-11,Kensington-Cedar Cottage,7919,126,0,above_typical,17.5
2012-12,Kensington-Cedar Cottage,9699,141,0,typical,0.8
2013-01,Kensington-Cedar Cottage,8981,137,0,above_typical,16.3
2013-02,Kensington-Cedar Cottage,7211,119,0,below_typical,-20.7
2013-03,Kensington-Cedar Cottage,8886,152,0,typical,-3.0
2013-04,Kensington-Cedar Cottage,12529,169,0,above_typical,50.7
2013-05,Kensington-Cedar Cottage,10887,175,0,typical,3.6
2013-06,Kensington-Cedar Cottage,11359,169,0,above_typical,35.7
2013-07,Kensington-Cedar Cottage,11290,157,0,above_typical,22.8
2013-08,Kensington-Cedar Cottage,11896,147,0,above_typical,57.3
2013-09,Kensington-Cedar Cottage,9063,148,0,below_typical,-19.6
2013-10,Kensington-Cedar Cottage,11084,176,0,above_typical,19.7
2013-11,Kensington-Cedar Cottage,13460,187,0,above_typical,70.0
2013-12,Kensington-Cedar Cottage,12638,175,0,above_typical,30.3
2014-01,Kensington-Cedar Cottage,12532,188,0,above_typical,39.5
2014-02,Kensington-Cedar Cottage,8756,121,0,above_typical,21.4
2014-03,Kensington-Cedar Cottage,8953,139,0,typical,0.8
2014-04,Kensington-Cedar Cottage,9825,162,0,below_typical,-21.6
2014-05,Kensington-Cedar Cottage,11179,164,0,typical,2.7
2014-06,Kensington-Cedar Cottage,12274,181,0,typical,8.1
2014-07,Kensington-Cedar Cottage,13095,186,0,above_typical,16.0
2014-08,Kensington-Cedar Cottage,11895,171,0,typical,-0.0
2014-09,Kensington-Cedar Cottage,9424,156,0,typical,4.0
2014-10,Kensington-Cedar Cottage,12580,182,0,above_typical,13.5
2014-11,Kensington-Cedar Cottage,11872,168,0,below_typical,-11.8
2014-12,Kensington-Cedar Cottage,8413,120,0,below_typical,-33.4
2015-01,Kensington-Cedar Cottage,9246,128,0,below_typical,-26.2
2015-02,Kensington-Cedar Cottage,7754,112,0,below_typical,-11.4
2015-03,Kensington-Cedar Cottage,9601,146,0,typical,7.2
2015-04,Kensington-Cedar Cottage,8185,127,0,below_typical,-16.7
2015-05,Kensington-Cedar Cottage,9382,142,0,below_typical,-16.1
2015-06,Kensington-Cedar Cottage,12084,168,0,typical,-1.5
2015-07,Kensington-Cedar Cottage,11649,193,0,below_typical,-11.0
2015-08,Kensington-Cedar Cottage,8580,142,0,below_typical,-27.9
2015-09,Kensington-Cedar Cottage,8412,119,0,below_typical,-10.7
2015-10,Kensington-Cedar Cottage,10266,159,0,below_typical,-18.4
2015-11,Kensington-Cedar Cottage,10707,157,0,typical,-9.8
2015-12,Kensington-Cedar Cottage,9867,126,0,above_typical,17.3
2016-01,Kensington-Cedar Cottage,10876,172,0,above_typical,17.6
2016-02,Kensington-Cedar Cottage,6895,113,0,below_typical,-11.1
2016-03,Kensington-Cedar Cottage,13380,179,0,above_typical,39.4
2016-04,Kensington-Cedar Cottage,8317,138,0,typical,1.6
2016-05,Kensington-Cedar Cottage,9193,160,0,typical,-2.0
2016-06,Kensington-Cedar Cottage,10066,147,0,below_typical,-16.7
2016-07,Kensington-Cedar Cottage,10015,146,0,below_typical,-14.0
2016-08,Kensington-Cedar Cottage,10211,160,0,above_typical,19.0
2016-09,Kensington-Cedar Cottage,9084,143,0,typical,8.0
2016-10,Kensington-Cedar Cottage,10131,163,0,typical,-1.3
2016-11,Kensington-Cedar Cottage,12028,150,0,above_typical,12.3
2016-12,Kensington-Cedar Cottage,9738,119,0,typical,-1.3
2017-01,Kensington-Cedar Cottage,5820,95,0,below_typical,-46.5
2017-02,Kensington-Cedar Cottage,6220,116,0,typical,-9.8
2017-03,Kensington-Cedar Cottage,8122,118,0,below_typical,-39.3
2017-04,Kensington-Cedar Cottage,7426,117,0,below_typical,-10.7
2017-05,Kensington-Cedar Cottage,9214,141,0,typical,0.2
2017-06,Kensington-Cedar Cottage,9090,151,0,typical,-9.7
2017-07,Kensington-Cedar Cottage,8538,149,0,below_typical,-14.7
2017-08,Kensington-Cedar Cottage,8633,131,0,below_typical,-15.5
2017-09,Kensington-Cedar Cottage,7388,141,0,below_typical,-18.7
2017-10,Kensington-Cedar Cottage,9394,145,0,typical,-7.3
2017-11,Kensington-Cedar Cottage,10304,154,0,below_typical,-14.3
2017-12,Kensington-Cedar Cottage,8219,135,0,below_typical,-15.6
2018-01,Kensington-Cedar Cottage,9795,165,0,above_typical,68.3
2018-02,Kensington-Cedar Cottage,7933,132,0,above_typical,27.5
2018-03,Kensington-Cedar Cottage,7338,124,0,typical,-9.7
2018-04,Kensington-Cedar Cottage,7788,124,0,typical,4.9
2018-05,Kensington-Cedar Cottage,8395,144,0,typical,-8.9
2018-06,Kensington-Cedar Cottage,8148,134,0,below_typical,-10.4
2018-07,Kensington-Cedar Cottage,8067,128,0,typical,-5.5
2018-08,Kensington-Cedar Cottage,8815,153,0,typical,2.1
2018-09,Kensington-Cedar Cottage,8090,138,0,typical,9.5
2018-10,Kensington-Cedar Cottage,7014,114,0,below_typical,-25.3
2018-11,Kensington-Cedar Cottage,6730,112,0,below_typical,-34.7
2018-12,Kensington-Cedar Cottage,8060,130,0,typical,-1.9
2019-01,Kensington-Cedar Cottage,6607,137,0,below_typical,-32.5
2019-02,Kensington-Cedar Cottage,7585,136,0,typical,-4.4
2019-03,Kensington-Cedar Cottage,7279,124,0,typical,-0.8
2019-04,Kensington-Cedar Cottage,7940,136,0,typical,2.0
2019-05,Kensington-Cedar Cottage,11402,187,0,above_typical,35.8
2019-06,Kensington-Cedar Cottage,8404,157,0,typical,3.1
2019-07,Kensington-Cedar Cottage,8829,156,0,typical,9.4
2019-08,Kensington-Cedar Cottage,8207,140,0,typical,-6.9
2019-09,Kensington-Cedar Cottage,10345,184,0,above_typical,27.9
2019-10,Kensington-Cedar Cottage,10883,188,0,above_typical,55.2
2019-11,Kensington-Cedar Cottage,11147,171,0,above_typical,65.6
2019-12,Kensington-Cedar Cottage,8439,140,0,typical,4.7
2020-01,Kensington-Cedar Cottage,8294,139,0,above_typical,25.5
2020-02,Kensington-Cedar Cottage,9270,169,0,above_typical,22.2
2020-03,Kensington-Cedar Cottage,8488,138,0,above_typical,16.6
2020-04,Kensington-Cedar Cottage,10057,156,0,above_typical,26.7
2020-05,Kensington-Cedar Cottage,7574,125,0,below_typical,-33.6
2020-06,Kensington-Cedar Cottage,5877,100,0,below_typical,-30.1
2020-07,Kensington-Cedar Cottage,8956,141,0,typical,1.4
2020-08,Kensington-Cedar Cottage,6571,124,0,below_typical,-19.9
2020-09,Kensington-Cedar Cottage,7233,122,0,below_typical,-30.1
2020-10,Kensington-Cedar Cottage,7870,146,0,below_typical,-27.7
2020-11,Kensington-Cedar Cottage,7634,118,0,below_typical,-31.5
2020-12,Kensington-Cedar Cottage,7439,130,0,below_typical,-11.8
2021-01,Kensington-Cedar Cottage,6809,125,0,below_typical,-17.9
2021-02,Kensington-Cedar Cottage,7962,103,0,below_typical,-14.1
2021-03,Kensington-Cedar Cottage,6460,115,0,below_typical,-23.9
2021-04,Kensington-Cedar Cottage,6248,107,0,below_typical,-37.9
2021-05,Kensington-Cedar Cottage,7297,129,0,typical,-3.7
2021-06,Kensington-Cedar Cottage,8049,132,0,above_typical,37.0
2021-07,Kensington-Cedar Cottage,7007,154,0,below_typical,-21.8
2021-08,Kensington-Cedar Cottage,6511,123,0,typical,-0.9
2021-09,Kensington-Cedar Cottage,6185,103,0,below_typical,-14.5
2021-10,Kensington-Cedar Cottage,6654,109,0,below_typical,-15.5
2021-11,Kensington-Cedar Cottage,5231,85,0,below_typical,-31.5
2021-12,Kensington-Cedar Cottage,6935,108,0,typical,-6.8
2022-01,Kensington-Cedar Cottage,7034,112,0,typical,3.3
2022-02,Kensington-Cedar Cottage,7067,122,0,below_typical,-11.2
2022-03,Kensington-Cedar Cottage,7879,141,0,above_typical,22.0
2022-04,Kensington-Cedar Cottage,7100,117,0,above_typical,13.6
2022-05,Kensington-Cedar Cottage,6992,109,0,typical,-4.2
2022-06,Kensington-Cedar Cottage,8623,142,0,typical,7.1
2022-07,Kensington-Cedar Cottage,7110,117,0,typical,1.5
2022-08,Kensington-Cedar Cottage,4517,84,0,below_typical,-30.6
2022-09,Kensington-Cedar Cottage,6066,109,0,typical,-1.9
2022-10,Kensington-Cedar Cottage,6236,127,0,typical,-6.3
2022-11,Kensington-Cedar Cottage,5423,100,0,typical,3.7
2022-12,Kensington-Cedar Cottage,6064,103,0,below_typical,-12.6
2023-01,Kensington-Cedar Cottage,6862,124,0,typical,-2.4
2023-02,Kensington-Cedar Cottage,5233,91,0,below_typical,-26.0
2023-03,Kensington-Cedar Cottage,6939,125,0,below_typical,-11.9
2023-04,Kensington-Cedar Cottage,6210,104,0,below_typical,-12.5
2023-05,Kensington-Cedar Cottage,7576,125,0,typical,8.4
2023-06,Kensington-Cedar Cottage,7393,128,0,below_typical,-14.3
2023-07,Kensington-Cedar Cottage,7066,125,0,typical,-0.6
2023-08,Kensington-Cedar Cottage,8549,149,0,above_typical,89.3
2023-09,Kensington-Cedar Cottage,11463,196,0,above_typical,89.0
2023-10,Kensington-Cedar Cottage,8447,130,0,above_typical,35.5
2023-11,Kensington-Cedar Cottage,6471,104,0,above_typical,19.3
2023-12,Kensington-Cedar Cottage,9360,174,0,above_typical,54.4
2024-01,Kensington-Cedar Cottage,6753,129,0,typical,-1.6
2024-02,Kensington-Cedar Cottage,5567,102,0,typical,6.4
2024-03,Kensington-Cedar Cottage,6062,111,0,below_typical,-12.6
2024-04,Kensington-Cedar Cottage,5308,101,0,below_typical,-14.5
2024-05,Kensington-Cedar Cottage,7753,147,0,typical,2.3
2024-06,Kensington-Cedar Cottage,6396,118,0,below_typical,-13.5
2024-07,Kensington-Cedar Cottage,4670,86,0,below_typical,-33.9
2024-08,Kensington-Cedar Cottage,5900,99,0,below_typical,-31.0
2024-09,Kensington-Cedar Cottage,6212,119,0,below_typical,-45.8
2024-10,Kensington-Cedar Cottage,5493,97,0,below_typical,-35.0
2024-11,Kensington-Cedar Cottage,6521,96,0,typical,0.8
2024-12,Kensington-Cedar Cottage,5680,104,0,below_typical,-39.3
2025-01,Kensington-Cedar Cottage,4810,94,0,below_typical,-28.8
2025-02,Kensington-Cedar Cottage,6315,100,0,above_typical,13.4
2025-03,Kensington-Cedar Cottage,6001,129,0,typical,-1.0
2025-04,Kensington-Cedar Cottage,6374,137,0,above_typical,20.1
2025-05,Kensington-Cedar Cottage,5811,126,0,below_typical,-25.0
2025-06,Kensington-Cedar Cottage,7595,150,0,above_typical,18.7
2025-07,Kensington-Cedar Cottage,7367,138,0,above_typical,57.8
2025-08,Kensington-Cedar Cottage,6462,117,0,typical,9.5
2025-09,Kensington-Cedar Cottage,6550,114,0,typical,5.4
2025-10,Kensington-Cedar Cottage,11134,160,0,above_typical,102.7
2025-11,Kensington-Cedar Cottage,7939,154,0,above_typical,21.7
2025-12,Kensington-Cedar Cottage,7007,131,0,above_typical,23.4
2026-01,Kensington-Cedar Cottage,6809,136,0,above_typical,41.6
2026-02,Kensington-Cedar Cottage,7126,147,0,above_typical,12.8
2026-03,Kensington-Cedar Cottage,7174,150,0,above_typical,19.5
2026-04,Kensington-Cedar Cottage,6750,145,0,typical,5.9
2026-05,Kensington-Cedar Cottage,7411,150,0,above_typical,27.5
2026-06,Kensington-Cedar Cottage,7694,157,0,typical,1.3
2026-07,Kensington-Cedar Cottage,6043,141,0,below_typical,-18.0
2026-08,Kensington-Cedar Cottage,7317,135,0,above_typical,13.2
2026-09,Kensington-Cedar Cottage,7100,129,1,,
2003-01,Kerrisdale,6710,58,0,,
2003-02,Kerrisdale,4464,56,0,,
2003-03,Kerrisdale,5497,57,0,,
2003-04,Kerrisdale,6725,77,0,,
2003-05,Kerrisdale,5815,64,0,,
2003-06,Kerrisdale,4793,55,0,,
2003-07,Kerrisdale,4300,60,0,,
2003-08,Kerrisdale,4040,50,0,,
2003-09,Kerrisdale,5368,68,0,,
2003-10,Kerrisdale,5143,66,0,,
2003-11,Kerrisdale,4248,52,0,,
2003-12,Kerrisdale,4498,48,0,,
2004-01,Kerrisdale,5265,58,0,below_typical,-21.5
2004-02,Kerrisdale,5755,68,0,above_typical,28.9
2004-03,Kerrisdale,4757,57,0,below_typical,-13.5
2004-04,Kerrisdale,7496,77,0,above_typical,11.5
2004-05,Kerrisdale,6485,83,0,above_typical,11.5
2004-06,Kerrisdale,3505,56,0,below_typical,-26.9
2004-07,Kerrisdale,3980,54,0,typical,-7.4
2004-08,Kerrisdale,3536,54,0,below_typical,-12.5
2004-09,Kerrisdale,6348,90,0,above_typical,18.3
2004-10,Kerrisdale,7686,119,0,above_typical,49.4
2004-11,Kerrisdale,6885,126,0,above_typical,62.1
2004-12,Kerrisdale,5524,73,0,above_typical,22.8
2005-01,Kerrisdale,7372,106,0,above_typical,40.0
2005-02,Kerrisdale,6111,72,0,typical,6.2
2005-03,Kerrisdale,6691,99,0,above_typical,40.7
2005-04,Kerrisdale,6338,129,0,below_typical,-15.4
2005-05,Kerrisdale,4825,79,0,below_typical,-25.6
2005-06,Kerrisdale,3849,68,0,typical,9.8
2005-07,Kerrisdale,3410,40,0,below_typical,-14.3
2005-08,Kerrisdale,5371,66,0,above_typical,51.9
2005-09,Kerrisdale,3951,55,0,below_typical,-37.8
2005-10,Kerrisdale,3756,57,0,below_typical,-51.1
2005-11,Kerrisdale,4617,58,0,below_typical,-32.9
2005-12,Kerrisdale,6342,64,0,above_typical,14.8
2006-01,Kerrisdale,8222,101,0,above_typical,11.5
2006-02,Kerrisdale,4818,69,0,below_typical,-21.2
2006-03,Kerrisdale,5443,62,0,below_typical,-18.7
2006-04,Kerrisdale,4277,50,0,below_typical,-32.5
2006-05,Kerrisdale,3176,44,0,below_typical,-34.2
2006-06,Kerrisdale,4261,57,0,above_typical,10.7
2006-07,Kerrisdale,3894,46,0,above_typical,14.2
2006-08,Kerrisdale,7412,67,0,above_typical,38.0
2006-09,Kerrisdale,4824,53,0,above_typical,22.1
2006-10,Kerrisdale,3736,43,0,typical,-0.5
2006-11,Kerrisdale,6889,76,0,above_typical,49.2
2006-12,Kerrisdale,4427,49,0,below_typical,-30.2
2007-01,Kerrisdale,4169,46,0,below_typical,-49.3
2007-02,Kerrisdale,4091,46,0,below_typical,-15.1
2007-03,Kerrisdale,2482,29,0,below_typical,-54.4
2007-04,Kerrisdale,4711,58,0,above_typical,10.1
2007-05,Kerrisdale,2634,40,0,below_typical,-17.1
2007-06,Kerrisdale,3071,48,0,below_typical,-27.9
2007-07,Kerrisdale,3445,45,0,below_typical,-11.5
2007-08,Kerrisdale,3856,48,0,below_typical,-48.0
2007-09,Kerrisdale,3733,49,0,below_typical,-22.6
2007-10,Kerrisdale,4089,42,0,typical,9.4
2007-11,Kerrisdale,3343,47,0,below_typical,-51.5
2007-12,Kerrisdale,2652,32,0,below_typical,-40.1
2008-01,Kerrisdale,3555,35,0,below_typical,-14.7
2008-02,Kerrisdale,2113,27,0,below_typical,-48.4
2008-03,Kerrisdale,4254,44,0,above_typical,71.4
2008-04,Kerrisdale,1734,25,0,below_typical,-63.2
2008-05,Kerrisdale,3041,33,0,above_typical,15.5
2008-06,Kerrisdale,3558,58,0,above_typical,15.9
2008-07,Kerrisdale,2877,31,0,below_typical,-16.5
2008-08,Kerrisdale,2888,34,0,below_typical,-25.1
2008-09,Kerrisdale,1922,19,0,below_typical,-48.5
2008-10,Kerrisdale,2643,36,0,below_typical,-35.4
2008-11,Kerrisdale,1996,21,0,below_typical,-40.3
2008-12,Kerrisdale,2931,41,0,above_typical,10.5
2009-01,Kerrisdale,4608,58,0,above_typical,29.6
2009-02,Kerrisdale,3999,44,0,above_typical,89.3
2009-03,Kerrisdale,2607,33,0,below_typical,-38.7
2009-04,Kerrisdale,1261,24,0,below_typical,-27.3
2009-05,Kerrisdale,3227,45,0,typical,6.1
2009-06,Kerrisdale,3597,50,0,typical,1.1
2009-07,Kerrisdale,3138,44,0,typical,9.1
2009-08,Kerrisdale,3127,33,0,typical,8.3
2009-09,Kerrisdale,3154,36,0,above_typical,64.1
2009-10,Kerrisdale,3784,46,0,above_typical,43.2
2009-11,Kerrisdale,4614,46,0,above_typical,131.2
2009-12,Kerrisdale,2231,30,0,below_typical,-23.9
2010-01,Kerrisdale,3685,38,0,below_typical,-20.0
2010-02,Kerrisdale,2965,29,0,below_typical,-25.9
2010-03,Kerrisdale,3372,31,0,above_typical,29.3
2010-04,Kerrisdale,3902,46,0,above_typical,209.4
2010-05,Kerrisdale,3035,44,0,typical,-5.9
2010-06,Kerrisdale,3247,47,0,typical,-9.7
2010-07,Kerrisdale,1871,28,0,below_typical,-40.4
2010-08,Kerrisdale,2916,33,0,typical,-6.7
2010-09,Kerrisdale,1356,21,0,below_typical,-57.0
2010-10,Kerrisdale,2606,30,0,below_typical,-31.1
2010-11,Kerrisdale,3770,41,0,below_typical,-18.3
2010-12,Kerrisdale,2618,34,0,above_typical,17.3
2011-01,Kerrisdale,3182,40,0,below_typical,-13.6
2011-02,Kerrisdale,2344,33,0,below_typical,-20.9
2011-03,Kerrisdale,3462,45,0,typical,2.7
2011-04,Kerrisdale,1887,28,0,below_typical,-51.6
2011-05,Kerrisdale,2620,34,0,below_typical,-13.7
2011-06,Kerrisdale,3113,44,0,typical,-4.1
2011-07,Kerrisdale,1955,38,0,typical,4.5
2011-08,Kerrisdale,1510,23,0,below_typical,-48.2
2011-09,Kerrisdale,2865,37,0,above_typical,111.3
2011-10,Kerrisdale,2680,36,0,typical,2.8
2011-11,Kerrisdale,4417,45,0,above_typical,17.2
2011-12,Kerrisdale,3758,46,0,above_typical,43.5
2012-01,Kerrisdale,3140,44,0,typical,-1.3
2012-02,Kerrisdale,3274,34,0,above_typical,39.7
2012-03,Kerrisdale,3239,44,0,typical,-6.4
2012-04,Kerrisdale,3107,40,0,above_typical,64.7
2012-05,Kerrisdale,2507,35,0,typical,-4.3
2012-06,Kerrisdale,3001,51,0,typical,-3.6
2012-07,Kerrisdale,2596,45,0,above_typical,32.8
2012-08,Kerrisdale,4469,63,0,above_typical,196.0
2012-09,Kerrisdale,6191,69,0,above_typical,116.1
2012-10,Kerrisdale,4010,44,0,above_typical,49.6
2012-11,Kerrisdale,5313,63,0,above_typical,20.3
2012-12,Kerrisdale,3831,45,0,typical,1.9
2013-01,Kerrisdale,3033,33,0,typical,-3.4
2013-02,Kerrisdale,2464,33,0,below_typical,-24.7
2013-03,Kerrisdale,4113,37,0,above_typical,27.0
2013-04,Kerrisdale,3886,44,0,above_typical,25.1
2013-05,Kerrisdale,1458,19,0,below_typical,-41.8
2013-06,Kerrisdale,3527,45,0,above_typical,17.5
2013-07,Kerrisdale,1865,26,0,below_typical,-28.2
2013-08,Kerrisdale,1390,24,0,below_typical,-68.9
2013-09,Kerrisdale,1741,25,0,below_typical,-71.9
2013-10,Kerrisdale,2537,32,0,below_typical,-36.7
2013-11,Kerrisdale,2046,29,0,below_typical,-61.5
2013-12,Kerrisdale,3951,45,0,typical,3.1
2014-01,Kerrisdale,4592,47,0,above_typical,51.4
2014-02,Kerrisdale,2078,26,0,below_typical,-15.7
2014-03,Kerrisdale,2386,28,0,below_typical,-42.0
2014-04,Kerrisdale,5140,52,0,above_typical,32.3
2014-05,Kerrisdale,2176,33,0,above_typical,49.2
2014-06,Kerrisdale,2197,32,0,below_typical,-37.7
2014-07,Kerrisdale,3540,42,0,above_typical,89.8
2014-08,Kerrisdale,3147,30,0,above_typical,126.4
2014-09,Kerrisdale,3965,44,0,above_typical,127.7
2014-10,Kerrisdale,4478,55,0,above_typical,76.5
2014-11,Kerrisdale,3316,39,0,above_typical,62.1
2014-12,Kerrisdale,3568,36,0,typical,-9.7
2015-01,Kerrisdale,5442,54,0,above_typical,18.5
2015-02,Kerrisdale,4152,40,0,above_typical,99.8
2015-03,Kerrisdale,1789,27,0,below_typical,-25.0
2015-04,Kerrisdale,3865,47,0,below_typical,-24.8
2015-05,Kerrisdale,1735,27,0,below_typical,-20.3
2015-06,Kerrisdale,2918,38,0,above_typical,32.8
2015-07,Kerrisdale,3120,42,0,below_typical,-11.9
2015-08,Kerrisdale,2894,44,0,typical,-8.0
2015-09,Kerrisdale,4425,48,0,above_typical,11.6
2015-10,Kerrisdale,3585,46,0,below_typical,-19.9
2015-11,Kerrisdale,4992,62,0,above_typical,50.5
2015-12,Kerrisdale,4624,49,0,above_typical,29.6
2016-01,Kerrisdale,3634,45,0,below_typical,-33.2
2016-02,Kerrisdale,3585,50,0,below_typical,-13.7
2016-03,Kerrisdale,2967,43,0,above_typical,65.8
2016-04,Kerrisdale,2770,44,0,below_typical,-28.3
2016-05,Kerrisdale,2048,34,0,above_typical,18.0
2016-06,Kerrisdale,2960,39,0,typical,1.4
2016-07,Kerrisdale,2508,34,0,below_typical,-19.6
2016-08,Kerrisdale,5400,53,0,above_typical,86.6
2016-09,Kerrisdale,1859,28,0,below_typical,-58.0
2016-10,Kerrisdale,2834,37,0,below_typical,-20.9
2016-11,Kerrisdale,3827,45,0,below_typical,-23.3
2016-12,Kerrisdale,4681,56,0,typical,1.2
2017-01,Kerrisdale,3259,31,0,below_typical,-10.3
2017-02,Kerrisdale,2484,25,0,below_typical,-30.7
2017-03,Kerrisdale,3754,36,0,above_typical,26.5
2017-04,Kerrisdale,2965,38,0,typical,7.0
2017-05,Kerrisdale,2560,33,0,above_typical,25.0
2017-06,Kerrisdale,4049,50,0,above_typical,36.8
2017-07,Kerrisdale,3915,42,0,above_typical,56.1
2017-08,Kerrisdale,3813,49,0,below_typical,-29.4
2017-09,Kerrisdale,3252,31,0,above_typical,74.9
2017-10,Kerrisdale,1608,24,0,below_typical,-43.3
2017-11,Kerrisdale,4838,47,0,above_typical,26.4
2017-12,Kerrisdale,2462,41,0,below_typical,-47.4
2018-01,Kerrisdale,3770,41,0,above_typical,15.7
2018-02,Kerrisdale,3057,32,0,above_typical,23.1
2018-03,Kerrisdale,2961,47,0,below_typical,-21.1
2018-04,Kerrisdale,2240,30,0,below_typical,-24.5
2018-05,Kerrisdale,3097,42,0,above_typical,21.0
2018-06,Kerrisdale,3011,40,0,below_typical,-25.6
2018-07,Kerrisdale,2590,33,0,below_typical,-33.8
2018-08,Kerrisdale,1836,32,0,below_typical,-51.8
2018-09,Kerrisdale,2970,42,0,typical,-8.7
2018-10,Kerrisdale,4361,45,0,above_typical,171.2
2018-11,Kerrisdale,2698,37,0,below_typical,-44.2
2018-12,Kerrisdale,3480,40,0,above_typical,41.3
2019-01,Kerrisdale,3601,46,0,typical,-4.5
2019-02,Kerrisdale,2852,29,0,typical,-6.7
2019-03,Kerrisdale,3032,40,0,typical,2.4
2019-04,Kerrisdale,2443,32,0,typical,9.1
2019-05,Kerrisdale,1757,35,0,below_typical,-43.3
2019-06,Kerrisdale,1705,27,0,below_typical,-43.4
2019-07,Kerrisdale,5103,62,0,above_typical,97.0
2019-08,Kerrisdale,3650,42,0,above_typical,98.8
2019-09,Kerrisdale,5383,59,0,above_typical,81.2
2019-10,Kerrisdale,4436,49,0,typical,1.7
2019-11,Kerrisdale,3656,44,0,above_typical,35.5
2019-12,Kerrisdale,2750,32,0,below_typical,-21.0
2020-01,Kerrisdale,2542,40,0,below_typical,-29.4
2020-02,Kerrisdale,3779,41,0,above_typical,32.5
2020-03,Kerrisdale,2987,42,0,typical,-1.5
2020-04,Kerrisdale,2470,34,0,typical,1.1
2020-05,Kerrisdale,2403,33,0,above_typical,36.8
2020-06,Kerrisdale,2421,29,0,above_typical,42.0
2020-07,Kerrisdale,1700,23,0,below_typical,-66.7
2020-08,Kerrisdale,2756,44,0,below_typical,-24.5
2020-09,Kerrisdale,4989,59,0,typical,-7.3
2020-10,Kerrisdale,2698,38,0,below_typical,-39.2
2020-11,Kerrisdale,2200,30,0,below_typical,-39.8
2020-12,Kerrisdale,2685,31,0,typical,-2.4
2021-01,Kerrisdale,3047,34,0,above_typical,19.9
2021-02,Kerrisdale,2525,32,0,below_typical,-33.2
2021-03,Kerrisdale,3455,38,0,above_typical,15.7
2021-04,Kerrisdale,3413,43,0,above_typical,38.2
2021-05,Kerrisdale,3385,37,0,above_typical,40.9
2021-06,Kerrisdale,3049,39,0,above_typical,25.9
2021-07,Kerrisdale,3015,42,0,above_typical,77.4
2021-08,Kerrisdale,2497,37,0,typical,-9.4
2021-09,Kerrisdale,2021,32,0,below_typical,-59.5
2021-10,Kerrisdale,1361,25,0,below_typical,-49.6
2021-11,Kerrisdale,1292,18,0,below_typical,-41.3
2021-12,Kerrisdale,3107,36,0,above_typical,15.7
2022-01,Kerrisdale,2408,27,0,below_typical,-21.0
2022-02,Kerrisdale,2815,28,0,above_typical,11.5
2022-03,Kerrisdale,3038,38,0,below_typical,-12.1
2022-04,Kerrisdale,2269,39,0,below_typical,-33.5
2022-05,Kerrisdale,2324,27,0,below_typical,-31.3
2022-06,Kerrisdale,2213,33,0,below_typical,-27.4
2022-07,Kerrisdale,1496,23,0,below_typical,-50.4
2022-08,Kerrisdale,1966,30,0,below_typical,-21.3
2022-09,Kerrisdale,1540,19,0,below_typical,-23.8
2022-10,Kerrisdale,1938,25,0,above_typical,42.4
2022-11,Kerrisdale,759,11,0,below_typical,-41.3
2022-12,Kerrisdale,962,17,0,below_typical,-69.0
2023-01,Kerrisdale,1749,19,0,below_typical,-27.4
2023-02,Kerrisdale,1888,26,0,below_typical,-32.9
2023-03,Kerrisdale,2008,31,0,below_typical,-33.9
2023-04,Kerrisdale,1992,25,0,below_typical,-12.2
2023-05,Kerrisdale,1581,26,0,below_typical,-32.0
2023-06,Kerrisdale,2587,35,0,above_typical,16.9
2023-07,Kerrisdale,977,25,0,below_typical,-34.7
2023-08,Kerrisdale,2484,49,0,above_typical,26.3
2023-09,Kerrisdale,1809,35,0,above_typical,17.5
2023-10,Kerrisdale,3333,48,0,above_typical,72.0
2023-11,Kerrisdale,1884,25,0,above_typical,148.2
2023-12,Kerrisdale,1313,23,0,above_typical,36.5
2024-01,Kerrisdale,1034,14,0,below_typical,-40.9
2024-02,Kerrisdale,1277,22,0,below_typical,-32.4
2024-03,Kerrisdale,1870,34,0,typical,-6.9
2024-04,Kerrisdale,2222,29,0,above_typical,11.5
2024-05,Kerrisdale,1577,25,0,typical,-0.3
2024-06,Kerrisdale,2517,34,0,typical,-2.7
2024-07,Kerrisdale,1918,33,0,above_typical,96.3
2024-08,Kerrisdale,1400,23,0,below_typical,-43.6
2024-09,Kerrisdale,1263,20,0,below_typical,-30.2
2024-10,Kerrisdale,2838,35,0,below_typical,-14.9
2024-11,Kerrisdale,2435,39,0,above_typical,29.2
2024-12,Kerrisdale,3024,32,0,above_typical,130.3
2025-01,Kerrisdale,1937,36,0,above_typical,87.3
2025-02,Kerrisdale,635,15,0,below_typical,-50.3
2025-03,Kerrisdale,1431,32,0,below_typical,-23.5
2025-04,Kerrisdale,871,16,0,below_typical,-60.8
2025-05,Kerrisdale,1418,29,0,below_typical,-10.1
2025-06,Kerrisdale,1415,25,0,below_typical,-43.8
2025-07,Kerrisdale,1475,28,0,below_typical,-23.1
2025-08,Kerrisdale,2055,35,0,above_typical,46.8
2025-09,Kerrisdale,1424,36,0,above_typical,12.7
2025-10,Kerrisdale,1783,30,0,below_typical,-37.2
2025-11,Kerrisdale,992,23,0,below_typical,-59.3
2025-12,Kerrisdale,1362,19,0,below_typical,-55.0
2026-01,Kerrisdale,1955,37,0,typical,0.9
2026-02,Kerrisdale,1574,27,0,above_typical,147.9
2026-03,Kerrisdale,1316,22,0,typical,-8.0
2026-04,Kerrisdale,779,17,0,below_typical,-10.6
2026-05,Kerrisdale,841,15,0,below_typical,-40.7
2026-06,Kerrisdale,1096,21,0,below_typical,-22.5
2026-07,Kerrisdale,1319,26,0,below_typical,-10.6
2026-08,Kerrisdale,1461,27,0,below_typical,-28.9
2026-09,Kerrisdale,911,16,1,,
2003-01,Killarney,10279,114,0,,
2003-02,Killarney,6196,70,0,,
2003-03,Killarney,6285,72,0,,
2003-04,Killarney,4413,63,0,,
2003-05,Killarney,7701,111,0,,
2003-06,Killarney,7788,102,0,,
2003-07,Killarney,7534,95,0,,
2003-08,Killarney,4876,65,0,,
2003-09,Killarney,4637,53,0,,
2003-10,Killarney,6611,102,0,,
2003-11,Killarney,7845,96,0,,
2003-12,Killarney,8402,100,0,,
2004-01,Killarney,4548,74,0,below_typical,-55.8
2004-02,Killarney,6087,77,0,typical,-1.8
2004-03,Killarney,12458,129,0,above_typical,98.2
2004-04,Killarney,8697,92,0,above_typical,97.1
2004-05,Killarney,6754,92,0,below_typical,-12.3
2004-06,Killarney,8405,121,0,typical,7.9
2004-07,Killarney,5496,80,0,below_typical,-27.1
2004-08,Killarney,7380,118,0,above_typical,51.4
2004-09,Killarney,9365,130,0,above_typical,102.0
2004-10,Killarney,11193,146,0,above_typical,69.3
2004-11,Killarney,8413,118,0,typical,7.2
2004-12,Killarney,8312,119,0,typical,-1.1
2005-01,Killarney,9005,105,0,above_typical,98.0
2005-02,Killarney,8182,87,0,above_typical,34.4
2005-03,Killarney,9307,108,0,below_typical,-25.3
2005-04,Killarney,8097,83,0,typical,-6.9
2005-05,Killarney,8298,108,0,above_typical,22.9
2005-06,Killarney,5704,77,0,below_typical,-32.1
2005-07,Killarney,5346,75,0,typical,-2.7
2005-08,Killarney,8377,112,0,above_typical,13.5
2005-09,Killarney,9075,109,0,typical,-3.1
2005-10,Killarney,7126,117,0,below_typical,-36.3
2005-11,Killarney,10219,139,0,above_typical,21.5
2005-12,Killarney,6624,89,0,below_typical,-20.3
2006-01,Killarney,8173,115,0,typical,-9.2
2006-02,Killarney,4837,62,0,below_typical,-40.9
2006-03,Killarney,8280,82,0,below_typical,-11.0
2006-04,Killarney,5286,73,0,below_typical,-34.7
2006-05,Killarney,7103,103,0,below_typical,-14.4
2006-06,Killarney,6426,94,0,above_typical,12.7
2006-07,Killarney,8290,90,0,above_typical,55.1
2006-08,Killarney,6295,89,0,below_typical,-24.9
2006-09,Killarney,6919,74,0,below_typical,-23.8
2006-10,Killarney,9513,111,0,above_typical,33.5
2006-11,Killarney,8798,104,0,below_typical,-13.9
2006-12,Killarney,8449,102,0,above_typical,27.6
2007-01,Killarney,6938,88,0,below_typical,-15.1
2007-02,Killarney,4157,63,0,below_typical,-14.1
2007-03,Killarney,6149,76,0,below_typical,-25.7
2007-04,Killarney,7256,91,0,above_typical,37.3
2007-05,Killarney,3917,73,0,below_typical,-44.9
2007-06,Killarney,5060,90,0,below_typical,-21.3
2007-07,Killarney,5479,74,0,below_typical,-33.9
2007-08,Killarney,6050,77,0,typical,-3.9
2007-09,Killarney,5861,82,0,below_typical,-15.3
2007-10,Killarney,6885,108,0,below_typical,-27.6
2007-11,Killarney,5722,68,0,below_typical,-35.0
2007-12,Killarney,6255,64,0,below_typical,-26.0
2008-01,Killarney,5286,59,0,below_typical,-23.8
2008-02,Killarney,3705,46,0,below_typical,-10.9
2008-03,Killarney,3552,48,0,below_typical,-42.2
2008-04,Killarney,3575,63,0,below_typical,-50.7
2008-05,Killarney,3036,50,0,below_typical,-22.5
2008-06,Killarney,3988,58,0,below_typical,-21.2
2008-07,Killarney,3571,62,0,below_typical,-34.8
2008-08,Killarney,3180,55,0,below_typical,-47.4
2008-09,Killarney,3548,52,0,below_typical,-39.5
2008-10,Killarney,4776,67,0,below_typical,-30.6
2008-11,Killarney,3157,60,0,below_typical,-44.8
2008-12,Killarney,4918,68,0,below_typical,-21.4
2009-01,Killarney,4310,66,0,below_typical,-18.5
2009-02,Killarney,4780,58,0,above_typical,29.0
2009-03,Killarney,3773,66,0,typical,6.2
2009-04,Killarney,2894,65,0,below_typical,-19.0
2009-05,Killarney,3322,52,0,typical,9.4
2009-06,Killarney,4437,59,0,above_typical,11.3
2009-07,Killarney,3448,54,0,typical,-3.4
2009-08,Killarney,3303,72,0,typical,3.9
2009-09,Killarney,3652,60,0,typical,2.9
2009-10,Killarney,5164,70,0,typical,8.1
2009-11,Killarney,5200,66,0,above_typical,64.7
2009-12,Killarney,4396,71,0,below_typical,-10.6
2010-01,Killarney,3419,47,0,below_typical,-20.7
2010-02,Killarney,3856,50,0,below_typical,-19.3
2010-03,Killarney,7218,75,0,above_typical,91.3
2010-04,Killarney,4538,57,0,above_typical,56.8
2010-05,Killarney,4044,74,0,above_typical,21.7
2010-06,Killarney,3459,51,0,below_typical,-22.0
2010-07,Killarney,3057,48,0,below_typical,-11.3
2010-08,Killarney,2822,55,0,below_typical,-14.6
2010-09,Killarney,4203,63,0,above_typical,15.1
2010-10,Killarney,5226,70,0,typical,1.2
2010-11,Killarney,5144,64,0,typical,-1.1
2010-12,Killarney,4826,46,0,typical,9.8
2011-01,Killarney,5126,49,0,above_typical,49.9
2011-02,Killarney,5146,56,0,above_typical,33.5
2011-03,Killarney,6135,63,0,below_typical,-15.0
2011-04,Killarney,4004,44,0,below_typical,-11.8
2011-05,Killarney,4276,52,0,typical,5.7
2011-06,Killarney,3896,52,0,above_typical,12.6
2011-07,Killarney,3559,42,0,above_typical,16.4
2011-08,Killarney,3845,48,0,above_typical,36.3
2011-09,Killarney,7233,75,0,above_typical,72.1
2011-10,Killarney,4103,52,0,below_typical,-21.5
2011-11,Killarney,5217,50,0,typical,1.4
2011-12,Killarney,3752,46,0,below_typical,-22.3
2012-01,Killarney,4680,60,0,typical,-8.7
2012-02,Killarney,3555,55,0,below_typical,-30.9
2012-03,Killarney,3754,52,0,below_typical,-38.8
2012-04,Killarney,4847,73,0,above_typical,21.1
2012-05,Killarney,4109,61,0,typical,-3.9
2012-06,Killarney,2606,54,0,below_typical,-33.1
2012-07,Killarney,2919,54,0,below_typical,-18.0
2012-08,Killarney,4947,72,0,above_typical,28.7
2012-09,Killarney,6293,102,0,below_typical,-13.0
2012-10,Killarney,4667,73,0,above_typical,13.7
2012-11,Killarney,4251,47,0,below_typical,-18.5
2012-12,Killarney,4926,60,0,above_typical,31.3
2013-01,Killarney,3677,55,0,below_typical,-21.4
2013-02,Killarney,4116,59,0,above_typical,15.8
2013-03,Killarney,3479,53,0,typical,-7.3
2013-04,Killarney,4232,62,0,below_typical,-12.7
2013-05,Killarney,2960,50,0,below_typical,-28.0
2013-06,Killarney,3231,43,0,above_typical,24.0
2013-07,Killarney,2492,43,0,below_typical,-14.6
2013-08,Killarney,2267,37,0,below_typical,-54.2
2013-09,Killarney,3643,42,0,below_typical,-42.1
2013-10,Killarney,3677,56,0,below_typical,-21.2
2013-11,Killarney,4076,49,0,typical,-4.1
2013-12,Killarney,3083,52,0,below_typical,-37.4
2014-01,Killarney,6433,71,0,above_typical,75.0
2014-02,Killarney,3705,46,0,typical,-10.0
2014-03,Killarney,4522,54,0,above_typical,30.0
2014-04,Killarney,2617,37,0,below_typical,-38.2
2014-05,Killarney,2447,45,0,below_typical,-17.3
2014-06,Killarney,2733,39,0,below_typical,-15.4
2014-07,Killarney,3750,54,0,above_typical,50.5
2014-08,Killarney,5139,60,0,above_typical,126.7
2014-09,Killarney,5299,60,0,above_typical,45.5
2014-10,Killarney,4644,62,0,above_typical,26.3
2014-11,Killarney,5390,61,0,above_typical,32.2
2014-12,Killarney,6826,95,0,above_typical,121.4
2015-01,Killarney,2693,41,0,below_typical,-58.1
2015-02,Killarney,3590,50,0,typical,-3.1
2015-03,Killarney,4731,52,0,typical,4.6
2015-04,Killarney,3581,59,0,above_typical,36.8
2015-05,Killarney,6085,77,0,above_typical,148.7
2015-06,Killarney,3209,52,0,above_typical,17.4
2015-07,Killarney,2753,46,0,below_typical,-26.6
2015-08,Killarney,3249,45,0,below_typical,-36.8
2015-09,Killarney,3281,41,0,below_typical,-38.1
2015-10,Killarney,4471,56,0,typical,-3.7
2015-11,Killarney,4131,71,0,below_typical,-23.4
2015-12,Killarney,4652,68,0,below_typical,-31.8
2016-01,Killarney,3101,45,0,above_typical,15.2
2016-02,Killarney,4276,57,0,above_typical,19.1
2016-03,Killarney,3197,44,0,below_typical,-32.4
2016-04,Killarney,4010,54,0,above_typical,12.0
2016-05,Killarney,4875,82,0,below_typical,-19.9
2016-06,Killarney,3976,49,0,above_typical,23.9
2016-07,Killarney,3450,45,0,above_typical,25.3
2016-08,Killarney,2696,38,0,below_typical,-17.0
2016-09,Killarney,3642,54,0,above_typical,11.0
2016-10,Killarney,3725,48,0,below_typical,-16.7
2016-11,Killarney,5054,52,0,above_typical,22.3
2016-12,Killarney,2844,37,0,below_typical,-38.9
2017-01,Killarney,4343,50,0,above_typical,40.1
2017-02,Killarney,3055,51,0,below_typical,-28.6
2017-03,Killarney,3959,49,0,above_typical,23.8
2017-04,Killarney,4074,60,0,typical,1.6
2017-05,Killarney,3636,59,0,below_typical,-25.4
2017-06,Killarney,4369,64,0,typical,9.9
2017-07,Killarney,2801,45,0,below_typical,-18.8
2017-08,Killarney,3697,64,0,above_typical,37.1
2017-09,Killarney,3149,61,0,below_typical,-13.5
2017-10,Killarney,3749,62,0,typical,0.6
2017-11,Killarney,3910,62,0,below_typical,-22.6
2017-12,Killarney,3818,60,0,above_typical,34.2
2018-01,Killarney,4530,74,0,typical,4.3
2018-02,Killarney,2717,37,0,below_typical,-11.1
2018-03,Killarney,2700,55,0,below_typical,-31.8
2018-04,Killarney,3728,57,0,typical,-8.5
2018-05,Killarney,4147,57,0,above_typical,14.1
2018-06,Killarney,2954,47,0,below_typical,-32.4
2018-07,Killarney,1812,39,0,below_typical,-35.3
2018-08,Killarney,3958,59,0,typical,7.1
2018-09,Killarney,3830,53,0,above_typical,21.6
2018-10,Killarney,3712,50,0,typical,-1.0
2018-11,Killarney,3981,55,0,typical,1.8
2018-12,Killarney,3878,55,0,typical,1.6
2019-01,Killarney,3334,52,0,below_typical,-26.4
2019-02,Killarney,3068,49,0,above_typical,12.9
2019-03,Killarney,3280,54,0,above_typical,21.5
2019-04,Killarney,3042,58,0,below_typical,-18.4
2019-05,Killarney,2234,48,0,below_typical,-46.1
2019-06,Killarney,3846,61,0,above_typical,30.2
2019-07,Killarney,3049,68,0,above_typical,68.3
2019-08,Killarney,3673,62,0,typical,-7.2
2019-09,Killarney,5419,87,0,above_typical,41.5
2019-10,Killarney,3394,55,0,typical,-8.6
2019-11,Killarney,3169,53,0,below_typical,-20.4
2019-12,Killarney,3156,46,0,below_typical,-18.6
2020-01,Killarney,3711,53,0,above_typical,11.3
2020-02,Killarney,4076,52,0,above_typical,32.9
2020-03,Killarney,2643,45,0,below_typical,-19.4
2020-04,Killarney,2135,43,0,below_typical,-29.8
2020-05,Killarney,3367,49,0,above_typical,50.7
2020-06,Killarney,2232,43,0,below_typical,-42.0
2020-07,Killarney,2847,45,0,typical,-6.6
2020-08,Killarney,3481,58,0,typical,-5.2
2020-09,Killarney,3691,61,0,below_typical,-31.9
2020-10,Killarney,3860,56,0,above_typical,13.7
2020-11,Killarney,1894,33,0,below_typical,-40.2
2020-12,Killarney,2229,35,0,below_typical,-29.4
2021-01,Killarney,2685,41,0,below_typical,-27.6
2021-02,Killarney,2442,40,0,below_typical,-40.1
2021-03,Killarney,2834,38,0,typical,7.2
2021-04,Killarney,2356,30,0,above_typical,10.4
2021-05,Killarney,4310,54,0,above_typical,28.0
2021-06,Killarney,2150,39,0,typical,-3.7
2021-07,Killarney,2905,49,0,typical,2.0
2021-08,Killarney,3102,47,0,below_typical,-10.9
2021-09,Killarney,2133,34,0,below_typical,-42.2
2021-10,Killarney,2722,44,0,below_typical,-29.5
2021-11,Killarney,2696,39,0,above_typical,42.3
2021-12,Killarney,2817,45,0,above_typical,26.4
2022-01,Killarney,2701,48,0,typical,0.6
2022-02,Killarney,4563,64,0,above_typical,86.9
2022-03,Killarney,3209,44,0,above_typical,13.2
2022-04,Killarney,2600,43,0,above_typical,10.4
2022-05,Killarney,2097,37,0,below_typical,-51.3
2022-06,Killarney,2617,52,0,above_typical,21.7
2022-07,Killarney,1782,28,0,below_typical,-38.7
2022-08,Killarney,2808,50,0,typical,-9.5
2022-09,Killarney,3329,59,0,above_typical,56.1
2022-10,Killarney,2648,38,0,typical,-2.7
2022-11,Killarney,2338,51,0,below_typical,-13.3
2022-12,Killarney,2012,42,0,below_typical,-28.6
2023-01,Killarney,3234,66,0,above_typical,19.7
2023-02,Killarney,2182,41,0,below_typical,-52.2
2023-03,Killarney,2294,35,0,below_typical,-28.5
2023-04,Killarney,3142,47,0,above_typical,20.8
2023-05,Killarney,1893,32,0,typical,-9.7
2023-06,Killarney,2465,36,0,typical,-5.8
2023-07,Killarney,2478,43,0,above_typical,39.1
2023-08,Killarney,2401,44,0,below_typical,-14.5
2023-09,Killarney,2649,40,0,below_typical,-20.4
2023-10,Killarney,2571,49,0,typical,-2.9
2023-11,Killarney,3696,50,0,above_typical,58.1
2023-12,Killarney,4135,57,0,above_typical,105.5
2024-01,Killarney,2947,44,0,typical,-8.9
2024-02,Killarney,2143,33,0,typical,-1.8
2024-03,Killarney,2332,44,0,typical,1.7
2024-04,Killarney,2039,35,0,below_typical,-35.1
2024-05,Killarney,2065,40,0,typical,9.1
2024-06,Killarney,2497,42,0,typical,1.3
2024-07,Killarney,2279,40,0,typical,-8.0
2024-08,Killarney,2098,35,0,below_typical,-12.6
2024-09,Killarney,2422,39,0,typical,-8.6
2024-10,Killarney,1523,31,0,below_typical,-40.8
2024-11,Killarney,2102,40,0,below_typical,-43.1
2024-12,Killarney,2048,35,0,below_typical,-50.5
2025-01,Killarney,1771,31,0,below_typical,-39.9
2025-02,Killarney,1774,25,0,below_typical,-17.2
2025-03,Killarney,2181,41,0,typical,-6.5
2025-04,Killarney,1260,27,0,below_typical,-38.2
2025-05,Killarney,1870,36,0,typical,-9.4
2025-06,Killarney,1641,30,0,below_typical,-34.3
2025-07,Killarney,2066,44,0,typical,-9.3
2025-08,Killarney,2730,45,0,above_typical,30.1
2025-09,Killarney,3205,54,0,above_typical,32.3
2025-10,Killarney,2701,48,0,above_typical,77.3
2025-11,Killarney,2166,43,0,typical,3.0
2025-12,Killarney,1630,27,0,below_typical,-20.4
2026-01,Killarney,1923,36,0,typical,8.6
2026-02,Killarney,1430,24,0,below_typical,-19.4
2026-03,Killarney,899,22,0,below_typical,-58.8
2026-04,Killarney,2218,38,0,above_typical,76.0
2026-05,Killarney,1566,34,0,below_typical,-16.3
2026-06,Killarney,2439,48,0,above_typical,48.6
2026-07,Killarney,1606,33,0,below_typical,-22.3
2026-08,Killarney,2047,37,0,below_typical,-25.0
2026-09,Killarney,1523,25,1,,
2003-01,Kitsilano,26752,335,0,,
2003-02,Kitsilano,20166,255,0,,
2003-03,Kitsilano,21736,285,0,,
2003-04,Kitsilano,22149,294,0,,
2003-05,Kitsilano,25439,339,0,,
2003-06,Kitsilano,26769,354,0,,
2003-07,Kitsilano,20356,260,0,,
2003-08,Kitsilano,21459,299,0,,
2003-09,Kitsilano,18656,257,0,,
2003-10,Kitsilano,20502,289,0,,
2003-11,Kitsilano,20928,239,0,,
2003-12,Kitsilano,21110,247,0,,
2004-01,Kitsilano,25184,283,0,typical,-5.9
2004-02,Kitsilano,21310,255,0,typical,5.7
2004-03,Kitsilano,20291,276,0,typical,-6.6
2004-04,Kitsilano,18494,254,0,below_typical,-16.5
2004-05,Kitsilano,18387,253,0,below_typical,-27.7
2004-06,Kitsilano,18224,234,0,below_typical,-31.9
2004-07,Kitsilano,16679,253,0,below_typical,-18.1
2004-08,Kitsilano,19782,273,0,typical,-7.8
2004-09,Kitsilano,27620,316,0,above_typical,48.0
2004-10,Kitsilano,20654,274,0,typical,0.7
2004-11,Kitsilano,18673,252,0,below_typical,-10.8
2004-12,Kitsilano,21917,279,0,typical,3.8
2005-01,Kitsilano,15996,246,0,below_typical,-36.5
2005-02,Kitsilano,13082,185,0,below_typical,-38.6
2005-03,Kitsilano,18223,279,0,below_typical,-10.2
2005-04,Kitsilano,21458,318,0,above_typical,16.0
2005-05,Kitsilano,20506,268,0,above_typical,11.5
2005-06,Kitsilano,18866,252,0,typical,3.5
2005-07,Kitsilano,20602,279,0,above_typical,23.5
2005-08,Kitsilano,19430,235,0,typical,-1.8
2005-09,Kitsilano,16852,244,0,below_typical,-39.0
2005-10,Kitsilano,17252,212,0,below_typical,-16.5
2005-11,Kitsilano,16929,225,0,typical,-9.3
2005-12,Kitsilano,15107,220,0,below_typical,-31.1
2006-01,Kitsilano,19097,271,0,above_typical,19.4
2006-02,Kitsilano,15910,212,0,above_typical,21.6
2006-03,Kitsilano,13475,196,0,below_typical,-26.1
2006-04,Kitsilano,15561,190,0,below_typical,-27.5
2006-05,Kitsilano,15132,203,0,below_typical,-26.2
2006-06,Kitsilano,18198,222,0,typical,-3.5
2006-07,Kitsilano,19109,228,0,typical,-7.2
2006-08,Kitsilano,17239,245,0,below_typical,-11.3
2006-09,Kitsilano,16376,248,0,typical,-2.8
2006-10,Kitsilano,17519,245,0,typical,1.5
2006-11,Kitsilano,17442,293,0,typical,3.0
2006-12,Kitsilano,14786,204,0,typical,-2.1
2007-01,Kitsilano,18541,216,0,typical,-2.9
2007-02,Kitsilano,12128,154,0,below_typical,-23.8
2007-03,Kitsilano,13739,183,0,typical,2.0
2007-04,Kitsilano,16058,196,0,typical,3.2
2007-05,Kitsilano,17235,196,0,above_typical,13.9
2007-06,Kitsilano,14220,179,0,below_typical,-21.9
2007-07,Kitsilano,13411,169,0,below_typical,-29.8
2007-08,Kitsilano,14742,210,0,below_typical,-14.5
2007-09,Kitsilano,11601,179,0,below_typical,-29.2
2007-10,Kitsilano,11414,164,0,below_typical,-34.8
2007-11,Kitsilano,15173,165,0,below_typical,-13.0
2007-12,Kitsilano,11177,152,0,below_typical,-24.4
2008-01,Kitsilano,15903,184,0,below_typical,-14.2
2008-02,Kitsilano,12942,153,0,typical,6.7
2008-03,Kitsilano,15074,177,0,typical,9.7
2008-04,Kitsilano,14442,167,0,below_typical,-10.1
2008-05,Kitsilano,13300,177,0,below_typical,-22.8
2008-06,Kitsilano,15183,184,0,typical,6.8
2008-07,Kitsilano,12658,164,0,typical,-5.6
2008-08,Kitsilano,10243,137,0,below_typical,-30.5
2008-09,Kitsilano,10585,146,0,typical,-8.8
2008-10,Kitsilano,12213,147,0,typical,7.0
2008-11,Kitsilano,12383,169,0,below_typical,-18.4
2008-12,Kitsilano,13101,165,0,above_typical,17.2
2009-01,Kitsilano,18086,204,0,above_typical,13.7
2009-02,Kitsilano,15423,192,0,above_typical,19.2
2009-03,Kitsilano,9521,134,0,below_typical,-36.8
2009-04,Kitsilano,9569,153,0,below_typical,-33.7
2009-05,Kitsilano,11843,167,0,below_typical,-11.0
2009-06,Kitsilano,9779,168,0,below_typical,-35.6
2009-07,Kitsilano,8369,153,0,below_typical,-33.9
2009-08,Kitsilano,12444,222,0,above_typical,21.5
2009-09,Kitsilano,8426,126,0,below_typical,-20.4
2009-10,Kitsilano,7509,112,0,below_typical,-38.5
2009-11,Kitsilano,13727,195,0,above_typical,10.9
2009-12,Kitsilano,11108,144,0,below_typical,-15.2
2010-01,Kitsilano,9844,137,0,below_typical,-45.6
2010-02,Kitsilano,7154,105,0,below_typical,-53.6
2010-03,Kitsilano,6968,101,0,below_typical,-26.8
2010-04,Kitsilano,12379,166,0,above_typical,29.4
2010-05,Kitsilano,9175,137,0,below_typical,-22.5
2010-06,Kitsilano,9000,143,0,typical,-8.0
2010-07,Kitsilano,9447,167,0,above_typical,12.9
2010-08,Kitsilano,14712,195,0,above_typical,18.2
2010-09,Kitsilano,6824,118,0,below_typical,-19.0
2010-10,Kitsilano,9037,146,0,above_typical,20.3
2010-11,Kitsilano,7703,119,0,below_typical,-43.9
2010-12,Kitsilano,10620,141,0,typical,-4.4
2011-01,Kitsilano,10264,127,0,typical,4.3
2011-02,Kitsilano,6598,90,0,typical,-7.8
2011-03,Kitsilano,11196,159,0,above_typical,60.7
2011-04,Kitsilano,5803,91,0,below_typical,-53.1
2011-05,Kitsilano,8416,124,0,typical,-8.3
2011-06,Kitsilano,7042,124,0,below_typical,-21.8
2011-07,Kitsilano,9361,165,0,typical,-0.9
2011-08,Kitsilano,8080,159,0,below_typical,-45.1
2011-09,Kitsilano,9920,152,0,above_typical,45.4
2011-10,Kitsilano,8507,147,0,typical,-5.9
2011-11,Kitsilano,7615,125,0,typical,-1.1
2011-12,Kitsilano,8997,132,0,below_typical,-15.3
2012-01,Kitsilano,8098,136,0,below_typical,-21.1
2012-02,Kitsilano,7469,98,0,above_typical,13.2
2012-03,Kitsilano,6563,100,0,below_typical,-41.4
2012-04,Kitsilano,8412,120,0,above_typical,45.0
2012-05,Kitsilano,8880,145,0,typical,5.5
2012-06,Kitsilano,7824,122,0,above_typical,11.1
2012-07,Kitsilano,11741,181,0,above_typical,25.4
2012-08,Kitsilano,13454,208,0,above_typical,66.5
2012-09,Kitsilano,13327,174,0,above_typical,34.3
2012-10,Kitsilano,12965,192,0,above_typical,52.4
2012-11,Kitsilano,9525,131,0,above_typical,25.1
2012-12,Kitsilano,9085,120,0,typical,1.0
2013-01,Kitsilano,12410,137,0,above_typical,53.2
2013-02,Kitsilano,7066,93,0,typical,-5.4
2013-03,Kitsilano,12239,178,0,above_typical,86.5
2013-04,Kitsilano,12237,163,0,above_typical,45.5
2013-05,Kitsilano,9807,148,0,above_typical,10.4
2013-06,Kitsilano,8560,135,0,typical,9.4
2013-07,Kitsilano,8590,126,0,below_typical,-26.8
2013-08,Kitsilano,8936,137,0,below_typical,-33.6
2013-09,Kitsilano,8152,129,0,below_typical,-38.8
2013-10,Kitsilano,9153,139,0,below_typical,-29.4
2013-11,Kitsilano,10058,134,0,typical,5.6
2013-12,Kitsilano,9450,120,0,typical,4.0
2014-01,Kitsilano,7392,135,0,below_typical,-40.4
2014-02,Kitsilano,7212,92,0,typical,2.1
2014-03,Kitsilano,6469,101,0,below_typical,-47.1
2014-04,Kitsilano,8773,129,0,below_typical,-28.3
2014-05,Kitsilano,11754,140,0,above_typical,19.9
2014-06,Kitsilano,10642,145,0,above_typical,24.3
2014-07,Kitsilano,6610,114,0,below_typical,-23.1
2014-08,Kitsilano,8101,133,0,typical,-9.3
2014-09,Kitsilano,10596,182,0,above_typical,30.0
2014-10,Kitsilano,9296,143,0,typical,1.6
2014-11,Kitsilano,8022,121,0,below_typical,-20.2
2014-12,Kitsilano,10363,123,0,typical,9.7
2015-01,Kitsilano,11889,155,0,above_typical,60.8
2015-02,Kitsilano,9876,140,0,above_typical,36.9
2015-03,Kitsilano,8071,126,0,above_typical,24.8
2015-04,Kitsilano,8061,147,0,typical,-8.1
2015-05,Kitsilano,8621,148,0,below_typical,-26.7
2015-06,Kitsilano,9879,150,0,typical,-7.2
2015-07,Kitsilano,10122,165,0,above_typical,53.1
2015-08,Kitsilano,10066,175,0,above_typical,24.3
2015-09,Kitsilano,11809,156,0,above_typical,11.4
2015-10,Kitsilano,11176,156,0,above_typical,20.2
2015-11,Kitsilano,14056,183,0,above_typical,75.2
2015-12,Kitsilano,15477,183,0,above_typical,49.3
2016-01,Kitsilano,15367,194,0,above_typical,29.3
2016-02,Kitsilano,7390,120,0,below_typical,-25.2
2016-03,Kitsilano,13526,155,0,above_typical,67.6
2016-04,Kitsilano,11452,163,0,above_typical,42.1
2016-05,Kitsilano,11050,168,0,above_typical,28.2
2016-06,Kitsilano,13343,205,0,above_typical,35.1
2016-07,Kitsilano,12146,208,0,above_typical,20.0
2016-08,Kitsilano,15079,213,0,above_typical,49.8
2016-09,Kitsilano,12835,174,0,typical,8.7
2016-10,Kitsilano,9010,144,0,below_typical,-19.4
2016-11,Kitsilano,8103,130,0,below_typical,-42.4
2016-12,Kitsilano,8168,106,0,below_typical,-47.2
2017-01,Kitsilano,7288,108,0,below_typical,-52.6
2017-02,Kitsilano,8275,131,0,above_typical,12.0
2017-03,Kitsilano,9712,141,0,below_typical,-28.2
2017-04,Kitsilano,8521,124,0,below_typical,-25.6
2017-05,Kitsilano,13537,176,0,above_typical,22.5
2017-06,Kitsilano,9015,159,0,below_typical,-32.4
2017-07,Kitsilano,13866,233,0,above_typical,14.2
2017-08,Kitsilano,9501,161,0,below_typical,-37.0
2017-09,Kitsilano,7702,125,0,below_typical,-40.0
2017-10,Kitsilano,7354,140,0,below_typical,-18.4
2017-11,Kitsilano,9098,135,0,above_typical,12.3
2017-12,Kitsilano,9691,165,0,above_typical,18.6
2018-01,Kitsilano,10768,162,0,above_typical,47.7
2018-02,Kitsilano,8003,132,0,typical,-3.3
2018-03,Kitsilano,9787,146,0,typical,0.8
2018-04,Kitsilano,11323,220,0,above_typical,32.9
2018-05,Kitsilano,10584,175,0,below_typical,-21.8
2018-06,Kitsilano,12225,212,0,above_typical,35.6
2018-07,Kitsilano,9544,184,0,below_typical,-31.2
2018-08,Kitsilano,11190,206,0,above_typical,17.8
2018-09,Kitsilano,10618,190,0,above_typical,37.9
2018-10,Kitsilano,10161,176,0,above_typical,38.2
2018-11,Kitsilano,6812,127,0,below_typical,-25.1
2018-12,Kitsilano,8510,125,0,below_typical,-12.2
2019-01,Kitsilano,8805,145,0,below_typical,-18.2
2019-02,Kitsilano,6659,121,0,below_typical,-16.8
2019-03,Kitsilano,7530,150,0,below_typical,-23.1
2019-04,Kitsilano,7970,137,0,below_typical,-29.6
2019-05,Kitsilano,7990,153,0,below_typical,-24.5
2019-06,Kitsilano,8934,130,0,below_typical,-26.9
2019-07,Kitsilano,8983,151,0,typical,-5.9
2019-08,Kitsilano,8875,169,0,below_typical,-20.7
2019-09,Kitsilano,10438,182,0,typical,-1.7
2019-10,Kitsilano,13615,215,0,above_typical,34.0
2019-11,Kitsilano,10722,170,0,above_typical,57.4
2019-12,Kitsilano,9201,131,0,typical,8.1
2020-01,Kitsilano,11282,174,0,above_typical,28.1
2020-02,Kitsilano,8317,147,0,above_typical,24.9
2020-03,Kitsilano,11845,169,0,above_typical,57.3
2020-04,Kitsilano,11837,180,0,above_typical,48.5
2020-05,Kitsilano,8290,120,0,typical,3.8
2020-06,Kitsilano,7868,125,0,below_typical,-11.9
2020-07,Kitsilano,12982,174,0,above_typical,44.5
2020-08,Kitsilano,8147,135,0,typical,-8.2
2020-09,Kitsilano,10688,169,0,typical,2.4
2020-10,Kitsilano,10002,140,0,below_typical,-26.5
2020-11,Kitsilano,8092,129,0,below_typical,-24.5
2020-12,Kitsilano,6158,95,0,below_typical,-33.1
2021-01,Kitsilano,7875,112,0,below_typical,-30.2
2021-02,Kitsilano,6782,104,0,below_typical,-18.5
2021-03,Kitsilano,5366,89,0,below_typical,-54.7
2021-04,Kitsilano,10845,151,0,typical,-8.4
2021-05,Kitsilano,7361,127,0,below_typical,-11.2
2021-06,Kitsilano,10320,150,0,above_typical,31.2
2021-07,Kitsilano,7728,144,0,below_typical,-40.5
2021-08,Kitsilano,5593,100,0,below_typical,-31.3
2021-09,Kitsilano,5117,87,0,below_typical,-52.1
2021-10,Kitsilano,5234,91,0,below_typical,-47.7
2021-11,Kitsilano,4332,81,0,below_typical,-46.5
2021-12,Kitsilano,5217,82,0,below_typical,-15.3
2022-01,Kitsilano,4782,72,0,below_typical,-39.3
2022-02,Kitsilano,5461,87,0,below_typical,-19.5
2022-03,Kitsilano,5966,90,0,above_typical,11.2
2022-04,Kitsilano,5902,100,0,below_typical,-45.6
2022-05,Kitsilano,5617,89,0,below_typical,-23.7
2022-06,Kitsilano,5394,92,0,below_typical,-47.7
2022-07,Kitsilano,6452,112,0,below_typical,-16.5
2022-08,Kitsilano,6032,122,0,typical,7.8
2022-09,Kitsilano,6881,117,0,above_typical,34.5
2022-10,Kitsilano,5844,113,0,above_typical,11.7
2022-11,Kitsilano,5664,85,0,above_typical,30.7
2022-12,Kitsilano,3784,60,0,below_typical,-27.5
2023-01,Kitsilano,6308,89,0,above_typical,31.9
2023-02,Kitsilano,6318,99,0,above_typical,15.7
2023-03,Kitsilano,5115,95,0,below_typical,-14.3
2023-04,Kitsilano,6115,92,0,typical,3.6
2023-05,Kitsilano,5750,101,0,typical,2.4
2023-06,Kitsilano,6783,108,0,above_typical,25.8
2023-07,Kitsilano,6757,130,0,typical,4.7
2023-08,Kitsilano,4639,96,0,below_typical,-23.1
2023-09,Kitsilano,5755,109,0,below_typical,-16.4
2023-10,Kitsilano,5211,96,0,below_typical,-10.8
2023-11,Kitsilano,4205,81,0,below_typical,-25.8
2023-12,Kitsilano,4846,89,0,above_typical,28.1
2024-01,Kitsilano,5259,93,0,below_typical,-16.6
2024-02,Kitsilano,2776,61,0,below_typical,-56.1
2024-03,Kitsilano,4551,89,0,below_typical,-11.0
2024-04,Kitsilano,5196,106,0,below_typical,-15.0
2024-05,Kitsilano,5845,120,0,typical,1.7
2024-06,Kitsilano,3314,76,0,below_typical,-51.1
2024-07,Kitsilano,5400,120,0,below_typical,-20.1
2024-08,Kitsilano,4978,106,0,typical,7.3
2024-09,Kitsilano,5099,117,0,below_typical,-11.4
2024-10,Kitsilano,6769,139,0,above_typical,29.9
2024-11,Kitsilano,4148,87,0,typical,-1.4
2024-12,Kitsilano,3784,71,0,below_typical,-21.9
2025-01,Kitsilano,4398,79,0,below_typical,-16.4
2025-02,Kitsilano,4193,79,0,above_typical,51.0
2025-03,Kitsilano,5169,85,0,above_typical,13.6
2025-04,Kitsilano,3829,77,0,below_typical,-26.3
2025-05,Kitsilano,6297,103,0,typical,7.7
2025-06,Kitsilano,6316,125,0,above_typical,90.6
2025-07,Kitsilano,3497,82,0,below_typical,-35.2
2025-08,Kitsilano,5588,111,0,above_typical,12.3
2025-09,Kitsilano,5333,108,0,typical,4.6
2025-10,Kitsilano,4083,82,0,below_typical,-39.7
2025-11,Kitsilano,4153,74,0,typical,0.1
2025-12,Kitsilano,4298,78,0,above_typical,13.6
2026-01,Kitsilano,4152,84,0,typical,-5.6
2026-02,Kitsilano,3720,75,0,below_typical,-11.3
2026-03,Kitsilano,4062,86,0,below_typical,-21.4
2026-04,Kitsilano,4760,93,0,above_typical,24.3
2026-05,Kitsilano,4898,101,0,below_typical,-22.2
2026-06,Kitsilano,5443,110,0,below_typical,-13.8
2026-07,Kitsilano,5342,119,0,above_typical,52.8
2026-08,Kitsilano,4485,98,0,below_typical,-19.7
2026-09,Kitsilano,4062,85,1,,
2003-01,Marpole,9646,120,0,,
2003-02,Marpole,10286,123,0,,
2003-03,Marpole,7896,102,0,,
2003-04,Marpole,10344,118,0,,
2003-05,Marpole,8214,111,0,,
2003-06,Marpole,11376,147,0,,
2003-07,Marpole,6996,97,0,,
2003-08,Marpole,7686,98,0,,
2003-09,Marpole,8753,112,0,,
2003-10,Marpole,9843,115,0,,
2003-11,Marpole,8471,109,0,,
2003-12,Marpole,10507,124,0,,
2004-01,Marpole,9082,112,0,typical,-5.8
2004-02,Marpole,9133,111,0,below_typical,-11.2
2004-03,Marpole,11529,129,0,above_typical,46.0
2004-04,Marpole,7425,95,0,below_typical,-28.2
2004-05,Marpole,9427,118,0,above_typical,14.8
2004-06,Marpole,10383,124,0,typical,-8.7
2004-07,Marpole,9395,123,0,above_typical,34.3
2004-08,Marpole,8311,116,0,typical,8.1
2004-09,Marpole,10645,126,0,above_typical,21.6
2004-10,Marpole,12168,149,0,above_typical,23.6
2004-11,Marpole,10975,142,0,above_typical,29.6
2004-12,Marpole,9484,150,0,typical,-9.7
2005-01,Marpole,11997,152,0,above_typical,32.1
2005-02,Marpole,13908,181,0,above_typical,52.3
2005-03,Marpole,10755,146,0,typical,-6.7
2005-04,Marpole,10100,152,0,above_typical,36.0
2005-05,Marpole,8110,113,0,below_typical,-14.0
2005-06,Marpole,7942,122,0,below_typical,-23.5
2005-07,Marpole,8487,106,0,typical,-9.7
2005-08,Marpole,9243,132,0,above_typical,11.2
2005-09,Marpole,9636,105,0,typical,-9.5
2005-10,Marpole,10277,128,0,below_typical,-15.5
2005-11,Marpole,7695,104,0,below_typical,-29.9
2005-12,Marpole,8078,109,0,below_typical,-14.8
2006-01,Marpole,9704,108,0,below_typical,-19.1
2006-02,Marpole,9468,111,0,below_typical,-31.9
2006-03,Marpole,7674,102,0,below_typical,-28.6
2006-04,Marpole,5602,82,0,below_typical,-44.5
2006-05,Marpole,8159,127,0,typical,0.6
2006-06,Marpole,7500,100,0,typical,-5.6
2006-07,Marpole,8037,103,0,typical,-5.3
2006-08,Marpole,6306,69,0,below_typical,-31.8
2006-09,Marpole,7232,97,0,below_typical,-24.9
2006-10,Marpole,9991,102,0,typical,-2.8
2006-11,Marpole,7385,81,0,typical,-4.0
2006-12,Marpole,8541,88,0,typical,5.7
2007-01,Marpole,8885,106,0,typical,-8.4
2007-02,Marpole,5762,67,0,below_typical,-39.1
2007-03,Marpole,6609,75,0,below_typical,-13.9
2007-04,Marpole,7337,88,0,above_typical,31.0
2007-05,Marpole,7697,97,0,typical,-5.7
2007-06,Marpole,7955,89,0,typical,6.1
2007-07,Marpole,9043,104,0,above_typical,12.5
2007-08,Marpole,13235,138,0,above_typical,109.9
2007-09,Marpole,8898,121,0,above_typical,23.0
2007-10,Marpole,7957,99,0,below_typical,-20.4
2007-11,Marpole,7614,90,0,typical,3.1
2007-12,Marpole,5930,74,0,below_typical,-30.6
2008-01,Marpole,7876,88,0,below_typical,-11.4
2008-02,Marpole,7832,79,0,above_typical,35.9
2008-03,Marpole,7273,79,0,above_typical,10.0
2008-04,Marpole,5123,79,0,below_typical,-30.2
2008-05,Marpole,7428,88,0,typical,-3.5
2008-06,Marpole,8063,99,0,typical,1.4
2008-07,Marpole,7010,75,0,below_typical,-22.5
2008-08,Marpole,6583,70,0,below_typical,-50.3
2008-09,Marpole,6470,83,0,below_typical,-27.3
2008-10,Marpole,6894,78,0,below_typical,-13.4
2008-11,Marpole,4553,62,0,below_typical,-40.2
2008-12,Marpole,7887,83,0,above_typical,33.0
2009-01,Marpole,7393,98,0,typical,-6.1
2009-02,Marpole,5700,64,0,below_typical,-27.2
2009-03,Marpole,5138,59,0,below_typical,-29.4
2009-04,Marpole,4779,60,0,typical,-6.7
2009-05,Marpole,5755,77,0,below_typical,-22.5
2009-06,Marpole,7558,110,0,typical,-6.3
2009-07,Marpole,7022,89,0,typical,0.2
2009-08,Marpole,5296,72,0,below_typical,-19.6
2009-09,Marpole,5915,62,0,typical,-8.6
2009-10,Marpole,3535,46,0,below_typical,-48.7
2009-11,Marpole,6116,68,0,above_typical,34.3
2009-12,Marpole,7207,76,0,typical,-8.6
2010-01,Marpole,5409,72,0,below_typical,-26.8
2010-02,Marpole,7930,82,0,above_typical,39.1
2010-03,Marpole,4416,52,0,below_typical,-14.1
2010-04,Marpole,4341,69,0,typical,-9.2
2010-05,Marpole,5478,63,0,typical,-4.8
2010-06,Marpole,6838,72,0,typical,-9.5
2010-07,Marpole,3438,61,0,below_typical,-51.0
2010-08,Marpole,2928,45,0,below_typical,-44.7
2010-09,Marpole,10237,101,0,above_typical,73.1
2010-10,Marpole,6605,65,0,above_typical,86.8
2010-11,Marpole,7909,73,0,above_typical,29.3
2010-12,Marpole,4922,56,0,below_typical,-31.7
2011-01,Marpole,5968,60,0,above_typical,10.3
2011-02,Marpole,4293,51,0,below_typical,-45.9
2011-03,Marpole,5923,64,0,above_typical,34.1
2011-04,Marpole,5913,64,0,above_typical,36.2
2011-05,Marpole,4280,59,0,below_typical,-21.9
2011-06,Marpole,5378,66,0,below_typical,-21.4
2011-07,Marpole,3459,51,0,typical,0.6
2011-08,Marpole,3043,44,0,typical,3.9
2011-09,Marpole,7538,74,0,below_typical,-26.4
2011-10,Marpole,4092,50,0,below_typical,-38.0
2011-11,Marpole,7121,79,0,typical,-10.0
2011-12,Marpole,4803,65,0,typical,-2.4
2012-01,Marpole,5505,65,0,typical,-7.8
2012-02,Marpole,3150,49,0,below_typical,-26.6
2012-03,Marpole,5437,89,0,typical,-8.2
2012-04,Marpole,3994,68,0,below_typical,-32.5
2012-05,Marpole,3795,53,0,below_typical,-11.3
2012-06,Marpole,4110,61,0,below_typical,-23.6
2012-07,Marpole,4422,61,0,above_typical,27.8
2012-08,Marpole,5163,69,0,above_typical,69.7
2012-09,Marpole,5082,62,0,below_typical,-32.6
2012-10,Marpole,6573,71,0,above_typical,60.6
2012-11,Marpole,8412,89,0,above_typical,18.1
2012-12,Marpole,9038,82,0,above_typical,88.2
2013-01,Marpole,7151,74,0,above_typical,29.9
2013-02,Marpole,6974,71,0,above_typical,121.4
2013-03,Marpole,4380,61,0,below_typical,-19.4
2013-04,Marpole,4950,55,0,above_typical,23.9
2013-05,Marpole,4340,60,0,above_typical,14.4
2013-06,Marpole,4266,58,0,typical,3.8
2013-07,Marpole,5986,76,0,above_typical,35.4
2013-08,Marpole,3219,42,0,below_typical,-37.7
2013-09,Marpole,6132,76,0,above_typical,20.7
2013-10,Marpole,5643,61,0,below_typical,-14.1
2013-11,Marpole,6942,83,0,below_typical,-17.5
2013-12,Marpole,6470,74,0,below_typical,-28.4
2014-01,Marpole,6053,67,0,below_typical,-15.4
2014-02,Marpole,5025,55,0,below_typical,-27.9
2014-03,Marpole,4228,50,0,typical,-3.5
2014-04,Marpole,5449,64,0,above_typical,10.1
2014-05,Marpole,5068,62,0,above_typical,16.8
2014-06,Marpole,4710,62,0,above_typical,10.4
2014-07,Marpole,6339,87,0,typical,5.9
2014-08,Marpole,6789,84,0,above_typical,110.9
2014-09,Marpole,4668,61,0,below_typical,-23.9
2014-10,Marpole,8270,105,0,above_typical,46.6
2014-11,Marpole,6784,75,0,typical,-2.3
2014-12,Marpole,7602,85,0,above_typical,17.5
2015-01,Marpole,6729,68,0,above_typical,11.2
2015-02,Marpole,5248,67,0,typical,4.4
2015-03,Marpole,5928,71,0,above_typical,40.2
2015-04,Marpole,4456,58,0,below_typical,-18.2
2015-05,Marpole,4905,77,0,typical,-3.2
2015-06,Marpole,5364,68,0,above_typical,13.9
2015-07,Marpole,5860,76,0,typical,-7.6
2015-08,Marpole,4304,67,0,below_typical,-36.6
2015-09,Marpole,5017,71,0,typical,7.5
2015-10,Marpole,6831,85,0,below_typical,-17.4
2015-11,Marpole,5352,72,0,below_typical,-21.1
2015-12,Marpole,6694,77,0,below_typical,-11.9
2016-01,Marpole,6466,80,0,typical,-3.9
2016-02,Marpole,7438,84,0,above_typical,41.7
2016-03,Marpole,5069,69,0,below_typical,-14.5
2016-04,Marpole,5887,70,0,above_typical,32.1
2016-05,Marpole,5577,72,0,above_typical,13.7
2016-06,Marpole,4574,75,0,below_typical,-14.7
2016-07,Marpole,5072,82,0,below_typical,-13.4
2016-08,Marpole,6515,84,0,above_typical,51.4
2016-09,Marpole,7086,91,0,above_typical,41.2
2016-10,Marpole,5894,84,0,below_typical,-13.7
2016-11,Marpole,6780,85,0,above_typical,26.7
2016-12,Marpole,6490,73,0,typical,-3.0
2017-01,Marpole,5630,78,0,below_typical,-12.9
2017-02,Marpole,4106,49,0,below_typical,-44.8
2017-03,Marpole,8756,109,0,above_typical,72.7
2017-04,Marpole,4829,73,0,below_typical,-18.0
2017-05,Marpole,5451,79,0,typical,-2.3
2017-06,Marpole,4360,73,0,typical,-4.7
2017-07,Marpole,3727,62,0,below_typical,-26.5
2017-08,Marpole,5940,92,0,typical,-8.8
2017-09,Marpole,4080,74,0,below_typical,-42.4
2017-10,Marpole,5254,84,0,below_typical,-10.9
2017-11,Marpole,7230,99,0,typical,6.6
2017-12,Marpole,5061,105,0,below_typical,-22.0
2018-01,Marpole,9184,104,0,above_typical,63.1
2018-02,Marpole,3561,61,0,below_typical,-13.3
2018-03,Marpole,3999,64,0,below_typical,-54.3
2018-04,Marpole,5667,89,0,above_typical,17.4
2018-05,Marpole,4488,74,0,below_typical,-17.7
2018-06,Marpole,3562,49,0,below_typical,-18.3
2018-07,Marpole,3236,56,0,below_typical,-13.2
2018-08,Marpole,6032,99,0,typical,1.5
2018-09,Marpole,4769,69,0,above_typical,16.9
2018-10,Marpole,5746,86,0,typical,9.4
2018-11,Marpole,5148,80,0,below_typical,-28.8
2018-12,Marpole,7664,102,0,above_typical,51.4
2019-01,Marpole,4923,82,0,below_typical,-46.4
2019-02,Marpole,7189,95,0,above_typical,101.9
2019-03,Marpole,5470,83,0,above_typical,36.8
2019-04,Marpole,5287,78,0,typical,-6.7
2019-05,Marpole,5425,89,0,above_typical,20.9
2019-06,Marpole,4655,73,0,above_typical,30.7
2019-07,Marpole,5964,86,0,above_typical,84.3
2019-08,Marpole,7604,110,0,above_typical,26.1
2019-09,Marpole,5759,77,0,above_typical,20.8
2019-10,Marpole,6700,104,0,above_typical,16.6
2019-11,Marpole,6370,87,0,above_typical,23.7
2019-12,Marpole,7586,104,0,typical,-1.0
2020-01,Marpole,6029,101,0,above_typical,22.5
2020-02,Marpole,5598,90,0,below_typical,-22.1
2020-03,Marpole,6340,87,0,above_typical,15.9
2020-04,Marpole,4892,81,0,typical,-7.5
2020-05,Marpole,2980,37,0,below_typical,-45.1
2020-06,Marpole,4687,65,0,typical,0.7
2020-07,Marpole,3335,59,0,below_typical,-44.1
2020-08,Marpole,3945,58,0,below_typical,-48.1
2020-09,Marpole,5995,80,0,typical,4.1
2020-10,Marpole,8276,112,0,above_typical,23.5
2020-11,Marpole,4397,69,0,below_typical,-31.0
2020-12,Marpole,4906,83,0,below_typical,-35.3
2021-01,Marpole,7343,98,0,above_typical,21.8
2021-02,Marpole,4025,63,0,below_typical,-28.1
2021-03,Marpole,5792,88,0,typical,-8.6
2021-04,Marpole,3012,53,0,below_typical,-38.4
2021-05,Marpole,4813,70,0,above_typical,61.5
2021-06,Marpole,4759,71,0,typical,1.5
2021-07,Marpole,5717,83,0,above_typical,71.4
2021-08,Marpole,6220,83,0,above_typical,57.7
2021-09,Marpole,5093,74,0,below_typical,-15.0
2021-10,Marpole,3582,58,0,below_typical,-56.7
2021-11,Marpole,4502,70,0,typical,2.4
2021-12,Marpole,5465,75,0,above_typical,11.4
2022-01,Marpole,5719,93,0,below_typical,-22.1
2022-02,Marpole,5351,69,0,above_typical,32.9
2022-03,Marpole,3884,67,0,below_typical,-32.9
2022-04,Marpole,2756,49,0,typical,-8.5
2022-05,Marpole,4443,70,0,typical,-7.7
2022-06,Marpole,3843,70,0,below_typical,-19.2
2022-07,Marpole,6078,91,0,typical,6.3
2022-08,Marpole,3715,63,0,below_typical,-40.3
2022-09,Marpole,4960,84,0,typical,-2.6
2022-10,Marpole,4991,71,0,above_typical,39.3
2022-11,Marpole,3738,51,0,below_typical,-17.0
2022-12,Marpole,4782,73,0,below_typical,-12.5
2023-01,Marpole,3453,52,0,below_typical,-39.6
2023-02,Marpole,4255,62,0,below_typical,-20.5
2023-03,Marpole,4178,74,0,typical,7.6
2023-04,Marpole,4432,78,0,above_typical,60.8
2023-05,Marpole,5874,87,0,above_typical,32.2
2023-06,Marpole,4621,67,0,above_typical,20.2
2023-07,Marpole,3563,63,0,below_typical,-41.4
2023-08,Marpole,2783,63,0,below_typical,-25.1
2023-09,Marpole,4124,57,0,below_typical,-16.9
2023-10,Marpole,5895,97,0,above_typical,18.1
2023-11,Marpole,4666,79,0,above_typical,24.8
2023-12,Marpole,4277,71,0,below_typical,-10.6
2024-01,Marpole,5053,84,0,above_typical,46.3
2024-02,Marpole,5056,77,0,above_typical,18.8
2024-03,Marpole,5303,84,0,above_typical,26.9
2024-04,Marpole,3173,54,0,below_typical,-28.4
2024-05,Marpole,3297,57,0,below_typical,-43.9
2024-06,Marpole,4127,69,0,below_typical,-10.7
2024-07,Marpole,4504,69,0,above_typical,26.4
2024-08,Marpole,4389,75,0,above_typical,57.7
2024-09,Marpole,3626,53,0,below_typical,-12.1
2024-10,Marpole,3281,64,0,below_typical,-44.3
2024-11,Marpole,3671,59,0,below_typical,-21.3
2024-12,Marpole,2870,52,0,below_typical,-32.9
2025-01,Marpole,3428,60,0,below_typical,-32.2
2025-02,Marpole,2893,48,0,below_typical,-42.8
2025-03,Marpole,4523,81,0,below_typical,-14.7
2025-04,Marpole,3360,55,0,typical,5.9
2025-05,Marpole,3448,67,0,typical,4.6
2025-06,Marpole,3950,71,0,typical,-4.3
2025-07,Marpole,3153,58,0,below_typical,-30.0
2025-08,Marpole,4233,64,0,typical,-3.6
2025-09,Marpole,3464,68,0,typical,-4.5
2025-10,Marpole,4472,77,0,above_typical,36.3
2025-11,Marpole,3671,53,0,typical,0.0
2025-12,Marpole,3817,70,0,above_typical,33.0
2026-01,Marpole,4555,81,0,above_typical,32.9
2026-02,Marpole,3562,69,0,above_typical,23.1
2026-03,Marpole,3372,59,0,below_typical,-25.4
2026-04,Marpole,2827,52,0,below_typical,-15.9
2026-05,Marpole,2901,60,0,below_typical,-15.9
2026-06,Marpole,3070,54,0,below_typical,-22.3
2026-07,Marpole,3576,70,0,above_typical,13.4
2026-08,Marpole,3911,78,0,typical,-7.6
2026-09,Marpole,2524,48,1,,
2003-01,Mount Pleasant,13123,196,0,,
2003-02,Mount Pleasant,17394,246,0,,
2003-03,Mount Pleasant,15445,219,0,,
2003-04,Mount Pleasant,12411,188,0,,
2003-05,Mount Pleasant,13900,217,0,,
2003-06,Mount Pleasant,16608,229,0,,
2003-07,Mount Pleasant,19262,259,0,,
2003-08,Mount Pleasant,18260,270,0,,
2003-09,Mount Pleasant,18697,269,0,,
2003-10,Mount Pleasant,19749,265,0,,
2003-11,Mount Pleasant,15373,241,0,,
2003-12,Mount Pleasant,19822,271,0,,
2004-01,Mount Pleasant,17246,243,0,above_typical,31.4
2004-02,Mount Pleasant,15273,234,0,below_typical,-12.2
2004-03,Mount Pleasant,20861,286,0,above_typical,35.1
2004-04,Mount Pleasant,21941,297,0,above_typical,76.8
2004-05,Mount Pleasant,17070,252,0,above_typical,22.8
2004-06,Mount Pleasant,17439,232,0,typical,5.0
2004-07,Mount Pleasant,21362,306,0,above_typical,10.9
2004-08,Mount Pleasant,20256,283,0,above_typical,10.9
2004-09,Mount Pleasant,21047,257,0,above_typical,12.6
2004-10,Mount Pleasant,23275,308,0,above_typical,17.9
2004-11,Mount Pleasant,19354,273,0,above_typical,25.9
2004-12,Mount Pleasant,24739,324,0,above_typical,24.8
2005-01,Mount Pleasant,23134,318,0,above_typical,34.1
2005-02,Mount Pleasant,12863,191,0,below_typical,-15.8
2005-03,Mount Pleasant,16405,237,0,below_typical,-21.4
2005-04,Mount Pleasant,18631,241,0,below_typical,-15.1
2005-05,Mount Pleasant,17692,239,0,typical,3.6
2005-06,Mount Pleasant,21282,268,0,above_typical,22.0
2005-07,Mount Pleasant,22238,274,0,typical,4.1
2005-08,Mount Pleasant,18521,273,0,typical,-8.6
2005-09,Mount Pleasant,20248,261,0,typical,-3.8
2005-10,Mount Pleasant,19224,280,0,below_typical,-17.4
2005-11,Mount Pleasant,13282,186,0,below_typical,-31.4
2005-12,Mount Pleasant,15285,219,0,below_typical,-38.2
2006-01,Mount Pleasant,17730,275,0,below_typical,-23.4
2006-02,Mount Pleasant,14081,199,0,typical,9.5
2006-03,Mount Pleasant,19662,274,0,above_typical,19.9
2006-04,Mount Pleasant,12851,187,0,below_typical,-31.0
2006-05,Mount Pleasant,13649,198,0,below_typical,-22.9
2006-06,Mount Pleasant,14996,208,0,below_typical,-29.5
2006-07,Mount Pleasant,15955,239,0,below_typical,-28.3
2006-08,Mount Pleasant,18921,268,0,typical,2.2
2006-09,Mount Pleasant,15808,238,0,below_typical,-21.9
2006-10,Mount Pleasant,16506,256,0,below_typical,-14.1
2006-11,Mount Pleasant,11471,159,0,below_typical,-13.6
2006-12,Mount Pleasant,18109,211,0,above_typical,18.5
2007-01,Mount Pleasant,15572,200,0,below_typical,-12.2
2007-02,Mount Pleasant,12472,149,0,below_typical,-11.4
2007-03,Mount Pleasant,10726,161,0,below_typical,-45.4
2007-04,Mount Pleasant,12272,177,0,typical,-4.5
2007-05,Mount Pleasant,16015,211,0,above_typical,17.3
2007-06,Mount Pleasant,20126,249,0,above_typical,34.2
2007-07,Mount Pleasant,17780,221,0,above_typical,11.4
2007-08,Mount Pleasant,20922,281,0,above_typical,10.6
2007-09,Mount Pleasant,12039,172,0,below_typical,-23.8
2007-10,Mount Pleasant,16705,222,0,typical,1.2
2007-11,Mount Pleasant,12281,163,0,typical,7.1
2007-12,Mount Pleasant,11781,162,0,below_typical,-34.9
2008-01,Mount Pleasant,18703,225,0,above_typical,20.1
2008-02,Mount Pleasant,14956,176,0,above_typical,19.9
2008-03,Mount Pleasant,18871,226,0,above_typical,75.9
2008-04,Mount Pleasant,14118,195,0,above_typical,15.0
2008-05,Mount Pleasant,10119,158,0,below_typical,-36.8
2008-06,Mount Pleasant,11927,177,0,below_typical,-40.7
2008-07,Mount Pleasant,14020,214,0,below_typical,-21.1
2008-08,Mount Pleasant,13762,211,0,below_typical,-34.2
2008-09,Mount Pleasant,15295,268,0,above_typical,27.0
2008-10,Mount Pleasant,14889,232,0,below_typical,-10.9
2008-11,Mount Pleasant,12079,211,0,typical,-1.6
2008-12,Mount Pleasant,9318,158,0,below_typical,-20.9
2009-01,Mount Pleasant,12807,176,0,below_typical,-31.5
2009-02,Mount Pleasant,12266,161,0,below_typical,-18.0
2009-03,Mount Pleasant,13246,180,0,below_typical,-29.8
2009-04,Mount Pleasant,14668,189,0,typical,3.9
2009-05,Mount Pleasant,12766,194,0,above_typical,26.2
2009-06,Mount Pleasant,10320,173,0,below_typical,-13.5
2009-07,Mount Pleasant,13023,204,0,typical,-7.1
2009-08,Mount Pleasant,9195,162,0,below_typical,-33.2
2009-09,Mount Pleasant,10938,167,0,below_typical,-28.5
2009-10,Mount Pleasant,11905,166,0,below_typical,-20.0
2009-11,Mount Pleasant,10622,153,0,below_typical,-12.1
2009-12,Mount Pleasant,8935,138,0,typical,-4.1
2010-01,Mount Pleasant,10304,154,0,below_typical,-19.5
2010-02,Mount Pleasant,8237,136,0,below_typical,-32.8
2010-03,Mount Pleasant,9289,150,0,below_typical,-29.9
2010-04,Mount Pleasant,10343,158,0,below_typical,-29.5
2010-05,Mount Pleasant,9087,155,0,below_typical,-28.8
2010-06,Mount Pleasant,11377,169,0,above_typical,10.2
2010-07,Mount Pleasant,11097,184,0,below_typical,-14.8
2010-08,Mount Pleasant,11002,166,0,above_typical,19.7
2010-09,Mount Pleasant,10253,175,0,typical,-6.3
2010-10,Mount Pleasant,11462,167,0,typical,-3.7
2010-11,Mount Pleasant,10974,146,0,typical,3.3
2010-12,Mount Pleasant,10906,162,0,above_typical,22.1
2011-01,Mount Pleasant,13578,175,0,above_typical,31.8
2011-02,Mount Pleasant,12580,167,0,above_typical,52.7
2011-03,Mount Pleasant,11783,157,0,above_typical,26.8
2011-04,Mount Pleasant,10592,156,0,typical,2.4
2011-05,Mount Pleasant,13194,186,0,above_typical,45.2
2011-06,Mount Pleasant,11713,170,0,typical,3.0
2011-07,Mount Pleasant,14177,227,0,above_typical,27.8
2011-08,Mount Pleasant,15440,199,0,above_typical,40.3
2011-09,Mount Pleasant,12486,188,0,above_typical,21.8
2011-10,Mount Pleasant,9982,147,0,below_typical,-12.9
2011-11,Mount Pleasant,12191,178,0,above_typical,11.1
2011-12,Mount Pleasant,12501,173,0,above_typical,14.6
2012-01,Mount Pleasant,10515,164,0,below_typical,-22.6
2012-02,Mount Pleasant,12263,175,0,typical,-2.5
2012-03,Mount Pleasant,13606,180,0,above_typical,15.5
2012-04,Mount Pleasant,9382,151,0,below_typical,-11.4
2012-05,Mount Pleasant,12056,187,0,typical,-8.6
2012-06,Mount Pleasant,12812,201,0,typical,9.4
2012-07,Mount Pleasant,10382,169,0,below_typical,-26.8
2012-08,Mount Pleasant,11128,193,0,below_typical,-27.9
2012-09,Mount Pleasant,13199,220,0,typical,5.7
2012-10,Mount Pleasant,11053,182,0,above_typical,10.7
2012-11,Mount Pleasant,11387,180,0,typical,-6.6
2012-12,Mount Pleasant,11619,152,0,typical,-7.1
2013-01,Mount Pleasant,13857,199,0,above_typical,31.8
2013-02,Mount Pleasant,8545,144,0,below_typical,-30.3
2013-03,Mount Pleasant,10232,170,0,below_typical,-24.8
2013-04,Mount Pleasant,12751,177,0,above_typical,35.9
2013-05,Mount Pleasant,11563,202,0,typical,-4.1
2013-06,Mount Pleasant,14148,205,0,above_typical,10.4
2013-07,Mount Pleasant,13738,207,0,above_typical,32.3
2013-08,Mount Pleasant,13890,207,0,above_typical,24.8
2013-09,Mount Pleasant,12997,210,0,typical,-1.5
2013-10,Mount Pleasant,13150,202,0,above_typical,19.0
2013-11,Mount Pleasant,13505,217,0,above_typical,18.6
2013-12,Mount Pleasant,11793,177,0,typical,1.5
2014-01,Mount Pleasant,14323,201,0,typical,3.4
2014-02,Mount Pleasant,11381,182,0,above_typical,33.2
2014-03,Mount Pleasant,15510,218,0,above_typical,51.6
2014-04,Mount Pleasant,14236,222,0,above_typical,11.6
2014-05,Mount Pleasant,14707,249,0,above_typical,27.2
2014-06,Mount Pleasant,14833,267,0,typical,4.8
2014-07,Mount Pleasant,16490,302,0,above_typical,20.0
2014-08,Mount Pleasant,17322,293,0,above_typical,24.7
2014-09,Mount Pleasant,15715,274,0,above_typical,20.9
2014-10,Mount Pleasant,15645,285,0,above_typical,19.0
2014-11,Mount Pleasant,11773,199,0,below_typical,-12.8
2014-12,Mount Pleasant,13283,192,0,above_typical,12.6
2015-01,Mount Pleasant,10927,185,0,below_typical,-23.7
2015-02,Mount Pleasant,7472,145,0,below_typical,-34.3
2015-03,Mount Pleasant,10135,183,0,below_typical,-34.7
2015-04,Mount Pleasant,12006,215,0,below_typical,-15.7
2015-05,Mount Pleasant,12838,234,0,below_typical,-12.7
2015-06,Mount Pleasant,12206,213,0,below_typical,-17.7
2015-07,Mount Pleasant,17096,280,0,typical,3.7
2015-08,Mount Pleasant,16409,266,0,typical,-5.3
2015-09,Mount Pleasant,16548,255,0,typical,5.3
2015-10,Mount Pleasant,16451,267,0,typical,5.2
2015-11,Mount Pleasant,18101,281,0,above_typical,53.8
2015-12,Mount Pleasant,16423,243,0,above_typical,23.6
2016-01,Mount Pleasant,16792,231,0,above_typical,53.7
2016-02,Mount Pleasant,11180,173,0,above_typical,49.6
2016-03,Mount Pleasant,11845,218,0,above_typical,16.9
2016-04,Mount Pleasant,15729,268,0,above_typical,31.0
2016-05,Mount Pleasant,18885,330,0,above_typical,47.1
2016-06,Mount Pleasant,14551,283,0,above_typical,19.2
2016-07,Mount Pleasant,17996,324,0,typical,5.3
2016-08,Mount Pleasant,14464,281,0,below_typical,-11.9
2016-09,Mount Pleasant,13513,239,0,below_typical,-18.3
2016-10,Mount Pleasant,13210,249,0,below_typical,-19.7
2016-11,Mount Pleasant,14981,203,0,below_typical,-17.2
2016-12,Mount Pleasant,12046,206,0,below_typical,-26.7
2017-01,Mount Pleasant,11047,185,0,below_typical,-34.2
2017-02,Mount Pleasant,11440,179,0,typical,2.3
2017-03,Mount Pleasant,13715,229,0,above_typical,15.8
2017-04,Mount Pleasant,12674,208,0,below_typical,-19.4
2017-05,Mount Pleasant,15153,245,0,below_typical,-19.8
2017-06,Mount Pleasant,11202,206,0,below_typical,-23.0
2017-07,Mount Pleasant,13636,238,0,below_typical,-24.2
2017-08,Mount Pleasant,14940,249,0,typical,3.3
2017-09,Mount Pleasant,13209,254,0,typical,-2.2
2017-10,Mount Pleasant,14361,255,0,typical,8.7
2017-11,Mount Pleasant,13878,232,0,typical,-7.4
2017-12,Mount Pleasant,15334,276,0,above_typical,27.3
2018-01,Mount Pleasant,16199,257,0,above_typical,46.6
2018-02,Mount Pleasant,13066,214,0,above_typical,14.2
2018-03,Mount Pleasant,14442,241,0,typical,5.3
2018-04,Mount Pleasant,12730,224,0,typical,0.4
2018-05,Mount Pleasant,14129,239,0,typical,-6.8
2018-06,Mount Pleasant,13861,267,0,above_typical,23.7
2018-07,Mount Pleasant,13450,225,0,typical,-1.4
2018-08,Mount Pleasant,12493,241,0,below_typical,-16.4
2018-09,Mount Pleasant,14661,273,0,above_typical,11.0
2018-10,Mount Pleasant,11259,200,0,below_typical,-21.6
2018-11,Mount Pleasant,10671,199,0,below_typical,-23.1
2018-12,Mount Pleasant,13046,234,0,below_typical,-14.9
2019-01,Mount Pleasant,11000,203,0,below_typical,-32.1
2019-02,Mount Pleasant,13403,194,0,typical,2.6
2019-03,Mount Pleasant,11936,223,0,below_typical,-17.4
2019-04,Mount Pleasant,10218,214,0,below_typical,-19.7
2019-05,Mount Pleasant,16348,276,0,above_typical,15.7
2019-06,Mount Pleasant,13872,254,0,typical,0.1
2019-07,Mount Pleasant,18168,317,0,above_typical,35.1
2019-08,Mount Pleasant,20164,343,0,above_typical,61.4
2019-09,Mount Pleasant,16807,276,0,above_typical,14.6
2019-10,Mount Pleasant,16537,276,0,above_typical,46.9
2019-11,Mount Pleasant,17338,280,0,above_typical,62.5
2019-12,Mount Pleasant,16843,265,0,above_typical,29.1
2020-01,Mount Pleasant,17580,250,0,above_typical,59.8
2020-02,Mount Pleasant,15609,238,0,above_typical,16.5
2020-03,Mount Pleasant,16756,261,0,above_typical,40.4
2020-04,Mount Pleasant,15228,219,0,above_typical,49.0
2020-05,Mount Pleasant,11051,159,0,below_typical,-32.4
2020-06,Mount Pleasant,7817,135,0,below_typical,-43.6
2020-07,Mount Pleasant,11460,192,0,below_typical,-36.9
2020-08,Mount Pleasant,12087,187,0,below_typical,-40.1
2020-09,Mount Pleasant,13499,219,0,below_typical,-19.7
2020-10,Mount Pleasant,13569,199,0,below_typical,-17.9
2020-11,Mount Pleasant,9493,159,0,below_typical,-45.2
2020-12,Mount Pleasant,12330,190,0,below_typical,-26.8
2021-01,Mount Pleasant,12188,181,0,below_typical,-30.7
2021-02,Mount Pleasant,9582,140,0,below_typical,-38.6
2021-03,Mount Pleasant,11511,188,0,below_typical,-31.3
2021-04,Mount Pleasant,9675,157,0,below_typical,-36.5
2021-05,Mount Pleasant,12108,186,0,typical,9.6
2021-06,Mount Pleasant,10526,180,0,above_typical,34.7
2021-07,Mount Pleasant,11219,200,0,typical,-2.1
2021-08,Mount Pleasant,11522,208,0,typical,-4.7
2021-09,Mount Pleasant,13602,220,0,typical,0.8
2021-10,Mount Pleasant,11154,185,0,below_typical,-17.8
2021-11,Mount Pleasant,9214,170,0,typical,-2.9
2021-12,Mount Pleasant,9880,169,0,below_typical,-19.9
2022-01,Mount Pleasant,11675,194,0,typical,-4.2
2022-02,Mount Pleasant,9898,161,0,typical,3.3
2022-03,Mount Pleasant,12170,208,0,typical,5.7
2022-04,Mount Pleasant,12570,210,0,above_typical,29.9
2022-05,Mount Pleasant,9520,177,0,below_typical,-21.4
2022-06,Mount Pleasant,11018,183,0,typical,4.7
2022-07,Mount Pleasant,11865,193,0,typical,5.8
2022-08,Mount Pleasant,11171,190,0,typical,-3.0
2022-09,Mount Pleasant,11872,212,0,below_typical,-12.7
2022-10,Mount Pleasant,10920,176,0,typical,-2.1
2022-11,Mount Pleasant,7677,143,0,below_typical,-16.7
2022-12,Mount Pleasant,9847,146,0,typical,-0.3
2023-01,Mount Pleasant,11136,194,0,typical,-4.6
2023-02,Mount Pleasant,8314,161,0,below_typical,-16.0
2023-03,Mount Pleasant,8740,136,0,below_typical,-28.2
2023-04,Mount Pleasant,8874,173,0,below_typical,-29.4
2023-05,Mount Pleasant,9717,175,0,typical,2.1
2023-06,Mount Pleasant,10543,206,0,typical,-4.3
2023-07,Mount Pleasant,10290,206,0,below_typical,-13.3
2023-08,Mount Pleasant,10493,203,0,typical,-6.1
2023-09,Mount Pleasant,11774,211,0,typical,-0.8
2023-10,Mount Pleasant,11131,199,0,typical,1.9
2023-11,Mount Pleasant,7206,142,0,typical,-6.1
2023-12,Mount Pleasant,8671,161,0,below_typical,-11.9
2024-01,Mount Pleasant,8897,163,0,below_typical,-20.1
2024-02,Mount Pleasant,6114,138,0,below_typical,-26.5
2024-03,Mount Pleasant,7559,159,0,below_typical,-13.5
2024-04,Mount Pleasant,9002,152,0,typical,1.4
2024-05,Mount Pleasant,7213,141,0,below_typical,-25.8
2024-06,Mount Pleasant,9030,192,0,below_typical,-14.4
2024-07,Mount Pleasant,9176,169,0,below_typical,-10.8
2024-08,Mount Pleasant,7491,149,0,below_typical,-28.6
2024-09,Mount Pleasant,8490,155,0,below_typical,-27.9
2024-10,Mount Pleasant,9134,170,0,below_typical,-17.9
2024-11,Mount Pleasant,7146,144,0,typical,-0.8
2024-12,Mount Pleasant,9456,177,0,typical,9.1
2025-01,Mount Pleasant,8499,159,0,typical,-4.5
2025-02,Mount Pleasant,6902,138,0,above_typical,12.9
2025-03,Mount Pleasant,8149,136,0,typical,7.8
2025-04,Mount Pleasant,9279,158,0,typical,3.1
2025-05,Mount Pleasant,9147,166,0,above_typical,26.8
2025-06,Mount Pleasant,10583,193,0,above_typical,17.2
2025-07,Mount Pleasant,8044,150,0,below_typical,-12.3
2025-08,Mount Pleasant,9075,167,0,above_typical,21.1
2025-09,Mount Pleasant,8974,185,0,typical,5.7
2025-10,Mount Pleasant,8096,177,0,below_typical,-11.4
2025-11,Mount Pleasant,9263,197,0,above_typical,29.6
2025-12,Mount Pleasant,9880,192,0,typical,4.5
2026-01,Mount Pleasant,9769,216,0,above_typical,14.9
2026-02,Mount Pleasant,10384,193,0,above_typical,50.4
2026-03,Mount Pleasant,7293,148,0,below_typical,-10.5
2026-04,Mount Pleasant,7191,155,0,below_typical,-22.5
2026-05,Mount Pleasant,7849,184,0,below_typical,-14.2
2026-06,Mount Pleasant,8131,165,0,below_typical,-23.2
2026-07,Mount Pleasant,9269,189,0,above_typical,15.2
2026-08,Mount Pleasant,7763,175,0,below_typical,-14.5
2026-09,Mount Pleasant,6880,143,1,,
2003-01,Musqueam,1524,14,0,,
2003-02,Musqueam,338,4,0,,
2003-03,Musqueam,936,8,0,,
2003-04,Musqueam,191,3,0,,
2003-05,Musqueam,890,11,0,,
2003-06,Musqueam,475,7,0,,
2003-07,Musqueam,478,5,0,,
2003-08,Musqueam,218,5,0,,
2003-09,Musqueam,144,3,0,,
2003-10,Musqueam,588,6,0,,
2003-11,Musqueam,187,1,0,,
2003-12,Musqueam,378,4,0,,
2004-01,Musqueam,559,8,0,insufficient_data,
2004-02,Musqueam,107,2,0,insufficient_data,
2004-03,Musqueam,181,4,0,insufficient_data,
2004-04,Musqueam,379,7,0,insufficient_data,
2004-05,Musqueam,412,6,0,insufficient_data,
2004-06,Musqueam,527,15,0,insufficient_data,
2004-07,Musqueam,191,3,0,insufficient_data,
2004-08,Musqueam,151,3,0,insufficient_data,
2004-09,Musqueam,278,7,0,insufficient_data,
2004-10,Musqueam,715,19,0,insufficient_data,
2004-11,Musqueam,538,12,0,insufficient_data,
2004-12,Musqueam,760,9,0,insufficient_data,
2005-01,Musqueam,686,7,0,insufficient_data,
2005-02,Musqueam,255,6,0,insufficient_data,
2005-03,Musqueam,971,13,0,insufficient_data,
2005-04,Musqueam,815,16,0,insufficient_data,
2005-05,Musqueam,224,2,0,insufficient_data,
2005-06,Musqueam,709,7,0,insufficient_data,
2005-07,Musqueam,161,2,0,insufficient_data,
2005-08,Musqueam,261,3,0,insufficient_data,
2005-09,Musqueam,158,3,0,insufficient_data,
2005-10,Musqueam,77,1,0,insufficient_data,
2005-11,Musqueam,272,5,0,insufficient_data,
2005-12,Musqueam,254,3,0,insufficient_data,
2006-01,Musqueam,399,9,0,insufficient_data,
2006-02,Musqueam,151,3,0,insufficient_data,
2006-03,Musqueam,896,8,0,insufficient_data,
2006-04,Musqueam,562,6,0,insufficient_data,
2006-05,Musqueam,114,2,0,insufficient_data,
2006-06,Musqueam,904,12,0,insufficient_data,
2006-07,Musqueam,301,3,0,insufficient_data,
2006-08,Musqueam,187,1,0,insufficient_data,
2006-09,Musqueam,796,7,0,insufficient_data,
2006-10,Musqueam,869,7,0,insufficient_data,
2006-11,Musqueam,369,8,0,insufficient_data,
2006-12,Musqueam,588,6,0,insufficient_data,
2007-01,Musqueam,810,8,0,insufficient_data,
2007-02,Musqueam,368,5,0,insufficient_data,
2007-03,Musqueam,275,4,0,insufficient_data,
2007-04,Musqueam,482,7,0,insufficient_data,
2007-05,Musqueam,434,4,0,insufficient_data,
2007-06,Musqueam,411,3,0,insufficient_data,
2007-07,Musqueam,308,4,0,insufficient_data,
2007-08,Musqueam,0,0,0,insufficient_data,
2007-09,Musqueam,0,0,0,insufficient_data,
2007-10,Musqueam,114,2,0,insufficient_data,
2007-11,Musqueam,104,3,0,insufficient_data,
2007-12,Musqueam,0,0,0,insufficient_data,
2008-01,Musqueam,30,1,0,insufficient_data,
2008-02,Musqueam,184,3,0,insufficient_data,
2008-03,Musqueam,0,0,0,insufficient_data,
2008-04,Musqueam,114,2,0,insufficient_data,
2008-05,Musqueam,187,1,0,insufficient_data,
2008-06,Musqueam,37,1,0,insufficient_data,
2008-07,Musqueam,114,2,0,insufficient_data,
2008-08,Musqueam,184,3,0,insufficient_data,
2008-09,Musqueam,67,2,0,insufficient_data,
2008-10,Musqueam,84,1,0,insufficient_data,
2008-11,Musqueam,419,6,0,insufficient_data,
2008-12,Musqueam,432,9,0,insufficient_data,
2009-01,Musqueam,238,3,0,insufficient_data,
2009-02,Musqueam,187,1,0,insufficient_data,
2009-03,Musqueam,77,1,0,insufficient_data,
2009-04,Musqueam,144,3,0,insufficient_data,
2009-05,Musqueam,231,3,0,insufficient_data,
2009-06,Musqueam,629,9,0,insufficient_data,
2009-07,Musqueam,137,3,0,insufficient_data,
2009-08,Musqueam,609,7,0,insufficient_data,
2009-09,Musqueam,154,2,0,insufficient_data,
2009-10,Musqueam,144,3,0,insufficient_data,
2009-11,Musqueam,187,1,0,insufficient_data,
2009-12,Musqueam,74,2,0,insufficient_data,
2010-01,Musqueam,77,1,0,insufficient_data,
2010-02,Musqueam,485,6,0,insufficient_data,
2010-03,Musqueam,77,1,0,insufficient_data,
2010-04,Musqueam,184,3,0,insufficient_data,
2010-05,Musqueam,385,5,0,insufficient_data,
2010-06,Musqueam,37,1,0,insufficient_data,
2010-07,Musqueam,107,2,0,insufficient_data,
2010-08,Musqueam,262,6,0,insufficient_data,
2010-09,Musqueam,405,6,0,insufficient_data,
2010-10,Musqueam,492,6,0,insufficient_data,
2010-11,Musqueam,261,4,0,insufficient_data,
2010-12,Musqueam,251,5,0,insufficient_data,
2011-01,Musqueam,121,2,0,insufficient_data,
2011-02,Musqueam,301,3,0,insufficient_data,
2011-03,Musqueam,264,2,0,insufficient_data,
2011-04,Musqueam,77,1,0,insufficient_data,
2011-05,Musqueam,415,6,0,insufficient_data,
2011-06,Musqueam,285,7,0,insufficient_data,
2011-07,Musqueam,174,4,0,insufficient_data,
2011-08,Musqueam,181,4,0,insufficient_data,
2011-09,Musqueam,30,1,0,insufficient_data,
2011-10,Musqueam,301,3,0,insufficient_data,
2011-11,Musqueam,77,1,0,insufficient_data,
2011-12,Musqueam,368,6,0,insufficient_data,
2012-01,Musqueam,30,1,0,insufficient_data,
2012-02,Musqueam,456,8,0,insufficient_data,
2012-03,Musqueam,393,7,0,insufficient_data,
2012-04,Musqueam,178,5,0,insufficient_data,
2012-05,Musqueam,602,6,0,insufficient_data,
2012-06,Musqueam,97,3,0,insufficient_data,
2012-07,Musqueam,218,5,0,insufficient_data,
2012-08,Musqueam,819,8,0,insufficient_data,
2012-09,Musqueam,392,4,0,insufficient_data,
2012-10,Musqueam,411,3,0,insufficient_data,
2012-11,Musqueam,198,3,0,insufficient_data,
2012-12,Musqueam,184,3,0,insufficient_data,
2013-01,Musqueam,338,5,0,insufficient_data,
2013-02,Musqueam,378,4,0,insufficient_data,
2013-03,Musqueam,141,4,0,insufficient_data,
2013-04,Musqueam,158,3,0,insufficient_data,
2013-05,Musqueam,67,2,0,insufficient_data,
2013-06,Musqueam,254,3,0,insufficient_data,
2013-07,Musqueam,405,6,0,insufficient_data,
2013-08,Musqueam,264,2,0,insufficient_data,
2013-09,Musqueam,151,3,0,insufficient_data,
2013-10,Musqueam,188,4,0,insufficient_data,
2013-11,Musqueam,221,4,0,insufficient_data,
2013-12,Musqueam,187,1,0,insufficient_data,
2014-01,Musqueam,345,5,0,insufficient_data,
2014-02,Musqueam,499,7,0,insufficient_data,
2014-03,Musqueam,294,3,0,insufficient_data,
2014-04,Musqueam,184,3,0,insufficient_data,
2014-05,Musqueam,114,2,0,insufficient_data,
2014-06,Musqueam,258,5,0,insufficient_data,
2014-07,Musqueam,191,3,0,insufficient_data,
2014-08,Musqueam,238,3,0,insufficient_data,
2014-09,Musqueam,275,4,0,insufficient_data,
2014-10,Musqueam,598,4,0,insufficient_data,
2014-11,Musqueam,374,2,0,insufficient_data,
2014-12,Musqueam,261,3,0,insufficient_data,
2015-01,Musqueam,114,2,0,insufficient_data,
2015-02,Musqueam,191,3,0,insufficient_data,
2015-03,Musqueam,151,3,0,insufficient_data,
2015-04,Musqueam,264,2,0,insufficient_data,
2015-05,Musqueam,261,4,0,insufficient_data,
2015-06,Musqueam,188,4,0,insufficient_data,
2015-07,Musqueam,533,8,0,insufficient_data,
2015-08,Musqueam,673,9,0,insufficient_data,
2015-09,Musqueam,74,2,0,insufficient_data,
2015-10,Musqueam,408,5,0,insufficient_data,
2015-11,Musqueam,305,5,0,insufficient_data,
2015-12,Musqueam,331,4,0,insufficient_data,
2016-01,Musqueam,723,9,0,insufficient_data,
2016-02,Musqueam,205,3,0,insufficient_data,
2016-03,Musqueam,77,1,0,insufficient_data,
2016-04,Musqueam,30,1,0,insufficient_data,
2016-05,Musqueam,221,4,0,insufficient_data,
2016-06,Musqueam,104,3,0,insufficient_data,
2016-07,Musqueam,151,3,0,insufficient_data,
2016-08,Musqueam,191,3,0,insufficient_data,
2016-09,Musqueam,144,3,0,insufficient_data,
2016-10,Musqueam,121,2,0,insufficient_data,
2016-11,Musqueam,30,1,0,insufficient_data,
2016-12,Musqueam,0,0,0,insufficient_data,
2017-01,Musqueam,308,4,0,insufficient_data,
2017-02,Musqueam,154,2,0,insufficient_data,
2017-03,Musqueam,114,2,0,insufficient_data,
2017-04,Musqueam,77,1,0,insufficient_data,
2017-05,Musqueam,191,3,0,insufficient_data,
2017-06,Musqueam,0,0,0,insufficient_data,
2017-07,Musqueam,301,3,0,insufficient_data,
2017-08,Musqueam,77,1,0,insufficient_data,
2017-09,Musqueam,331,4,0,insufficient_data,
2017-10,Musqueam,77,1,0,insufficient_data,
2017-11,Musqueam,151,3,0,insufficient_data,
2017-12,Musqueam,228,4,0,insufficient_data,
2018-01,Musqueam,295,6,0,insufficient_data,
2018-02,Musqueam,0,0,0,insufficient_data,
2018-03,Musqueam,154,2,0,insufficient_data,
2018-04,Musqueam,301,3,0,insufficient_data,
2018-05,Musqueam,154,2,0,insufficient_data,
2018-06,Musqueam,649,6,0,insufficient_data,
2018-07,Musqueam,74,2,0,insufficient_data,
2018-08,Musqueam,308,3,0,insufficient_data,
2018-09,Musqueam,74,2,0,insufficient_data,
2018-10,Musqueam,114,2,0,insufficient_data,
2018-11,Musqueam,74,2,0,insufficient_data,
2018-12,Musqueam,30,1,0,insufficient_data,
2019-01,Musqueam,74,2,0,insufficient_data,
2019-02,Musqueam,265,5,0,insufficient_data,
2019-03,Musqueam,231,3,0,insufficient_data,
2019-04,Musqueam,301,3,0,insufficient_data,
2019-05,Musqueam,37,1,0,insufficient_data,
2019-06,Musqueam,342,6,0,insufficient_data,
2019-07,Musqueam,308,4,0,insufficient_data,
2019-08,Musqueam,0,0,0,insufficient_data,
2019-09,Musqueam,30,1,0,insufficient_data,
2019-10,Musqueam,191,3,0,insufficient_data,
2019-11,Musqueam,198,3,0,insufficient_data,
2019-12,Musqueam,67,2,0,insufficient_data,
2020-01,Musqueam,354,5,0,insufficient_data,
2020-02,Musqueam,221,4,0,insufficient_data,
2020-03,Musqueam,77,1,0,insufficient_data,
2020-04,Musqueam,268,4,0,insufficient_data,
2020-05,Musqueam,525,5,0,insufficient_data,
2020-06,Musqueam,468,7,0,insufficient_data,
2020-07,Musqueam,0,0,0,insufficient_data,
2020-08,Musqueam,30,1,0,insufficient_data,
2020-09,Musqueam,247,3,0,insufficient_data,
2020-10,Musqueam,74,2,0,insufficient_data,
2020-11,Musqueam,595,6,0,insufficient_data,
2020-12,Musqueam,184,3,0,insufficient_data,
2021-01,Musqueam,0,0,0,insufficient_data,
2021-02,Musqueam,301,3,0,insufficient_data,
2021-03,Musqueam,77,1,0,insufficient_data,
2021-04,Musqueam,114,2,0,insufficient_data,
2021-05,Musqueam,345,5,0,insufficient_data,
2021-06,Musqueam,37,1,0,insufficient_data,
2021-07,Musqueam,77,1,0,insufficient_data,
2021-08,Musqueam,247,3,0,insufficient_data,
2021-09,Musqueam,74,2,0,insufficient_data,
2021-10,Musqueam,107,2,0,insufficient_data,
2021-11,Musqueam,77,1,0,insufficient_data,
2021-12,Musqueam,107,2,0,insufficient_data,
2022-01,Musqueam,77,1,0,insufficient_data,
2022-02,Musqueam,154,2,0,insufficient_data,
2022-03,Musqueam,37,1,0,insufficient_data,
2022-04,Musqueam,114,2,0,insufficient_data,
2022-05,Musqueam,191,3,0,insufficient_data,
2022-06,Musqueam,0,0,0,insufficient_data,
2022-07,Musqueam,191,3,0,insufficient_data,
2022-08,Musqueam,228,4,0,insufficient_data,
2022-09,Musqueam,30,1,0,insufficient_data,
2022-10,Musqueam,195,4,0,insufficient_data,
2022-11,Musqueam,37,1,0,insufficient_data,
2022-12,Musqueam,77,1,0,insufficient_data,
2023-01,Musqueam,418,4,0,insufficient_data,
2023-02,Musqueam,0,0,0,insufficient_data,
2023-03,Musqueam,0,0,0,insufficient_data,
2023-04,Musqueam,0,0,0,insufficient_data,
2023-05,Musqueam,107,2,0,insufficient_data,
2023-06,Musqueam,656,11,0,insufficient_data,
2023-07,Musqueam,184,3,0,insufficient_data,
2023-08,Musqueam,562,7,0,insufficient_data,
2023-09,Musqueam,338,4,0,insufficient_data,
2023-10,Musqueam,0,0,0,insufficient_data,
2023-11,Musqueam,74,2,0,insufficient_data,
2023-12,Musqueam,154,2,0,insufficient_data,
2024-01,Musqueam,154,2,0,insufficient_data,
2024-02,Musqueam,77,1,0,insufficient_data,
2024-03,Musqueam,151,3,0,insufficient_data,
2024-04,Musqueam,154,2,0,insufficient_data,
2024-05,Musqueam,191,3,0,insufficient_data,
2024-06,Musqueam,268,4,0,insufficient_data,
2024-07,Musqueam,30,1,0,insufficient_data,
2024-08,Musqueam,154,2,0,insufficient_data,
2024-09,Musqueam,30,1,0,insufficient_data,
2024-10,Musqueam,238,3,0,insufficient_data,
2024-11,Musqueam,37,1,0,insufficient_data,
2024-12,Musqueam,224,2,0,insufficient_data,
2025-01,Musqueam,137,3,0,insufficient_data,
2025-02,Musqueam,385,5,0,insufficient_data,
2025-03,Musqueam,0,0,0,insufficient_data,
2025-04,Musqueam,37,1,0,insufficient_data,
2025-05,Musqueam,107,2,0,insufficient_data,
2025-06,Musqueam,231,3,0,insufficient_data,
2025-07,Musqueam,231,3,0,insufficient_data,
2025-08,Musqueam,60,2,0,insufficient_data,
2025-09,Musqueam,385,5,0,insufficient_data,
2025-10,Musqueam,184,3,0,insufficient_data,
2025-11,Musqueam,77,1,0,insufficient_data,
2025-12,Musqueam,77,1,0,insufficient_data,
2026-01,Musqueam,0,0,0,insufficient_data,
2026-02,Musqueam,37,1,0,insufficient_data,
2026-03,Musqueam,184,3,0,insufficient_data,
2026-04,Musqueam,191,3,0,insufficient_data,
2026-05,Musqueam,231,3,0,insufficient_data,
2026-06,Musqueam,609,7,0,insufficient_data,
2026-07,Musqueam,30,1,0,insufficient_data,
2026-08,Musqueam,0,0,0,insufficient_data,
2026-09,Musqueam,37,1,1,,
2003-01,Oakridge,5361,68,0,,
2003-02,Oakridge,4268,64,0,,
2003-03,Oakridge,6475,72,0,,
2003-04,Oakridge,6023,70,0,,
2003-05,Oakridge,6082,95,0,,
2003-06,Oakridge,7667,88,0,,
2003-07,Oakridge,3906,52,0,,
2003-08,Oakridge,3676,48,0,,
2003-09,Oakridge,4302,52,0,,
2003-10,Oakridge,4892,54,0,,
2003-11,Oakridge,4996,52,0,,
2003-12,Oakridge,7156,88,0,,
2004-01,Oakridge,6303,72,0,above_typical,17.6
2004-02,Oakridge,5123,65,0,above_typical,20.0
2004-03,Oakridge,8703,93,0,above_typical,34.4
2004-04,Oakridge,4652,55,0,below_typical,-22.8
2004-05,Oakridge,3280,52,0,below_typical,-46.1
2004-06,Oakridge,5615,59,0,below_typical,-26.8
2004-07,Oakridge,5556,67,0,above_typical,42.2
2004-08,Oakridge,5293,63,0,above_typical,44.0
2004-09,Oakridge,6993,85,0,above_typical,62.6
2004-10,Oakridge,7007,76,0,above_typical,43.2
2004-11,Oakridge,5332,83,0,typical,6.7
2004-12,Oakridge,5067,74,0,below_typical,-29.2
2005-01,Oakridge,6908,86,0,typical,9.6
2005-02,Oakridge,5482,64,0,typical,7.0
2005-03,Oakridge,6499,84,0,below_typical,-25.3
2005-04,Oakridge,4293,56,0,typical,-7.7
2005-05,Oakridge,6441,83,0,above_typical,96.4
2005-06,Oakridge,3737,61,0,below_typical,-33.4
2005-07,Oakridge,3428,46,0,below_typical,-38.3
2005-08,Oakridge,4745,66,0,below_typical,-10.4
2005-09,Oakridge,4336,54,0,below_typical,-38.0
2005-10,Oakridge,4909,67,0,below_typical,-29.9
2005-11,Oakridge,5478,73,0,typical,2.7
2005-12,Oakridge,5486,66,0,typical,8.3
2006-01,Oakridge,6917,85,0,typical,0.1
2006-02,Oakridge,5437,76,0,typical,-0.8
2006-03,Oakridge,5510,83,0,below_typical,-15.2
2006-04,Oakridge,3501,39,0,below_typical,-18.4
2006-05,Oakridge,3282,43,0,below_typical,-49.0
2006-06,Oakridge,6496,75,0,above_typical,73.8
2006-07,Oakridge,4251,45,0,above_typical,24.0
2006-08,Oakridge,3057,42,0,below_typical,-35.6
2006-09,Oakridge,5206,52,0,above_typical,20.1
2006-10,Oakridge,4800,49,0,typical,-2.2
2006-11,Oakridge,4496,48,0,below_typical,-17.9
2006-12,Oakridge,7511,64,0,above_typical,36.9
2007-01,Oakridge,4013,43,0,below_typical,-42.0
2007-02,Oakridge,4874,65,0,below_typical,-10.4
2007-03,Oakridge,3051,35,0,below_typical,-44.6
2007-04,Oakridge,3767,38,0,typical,7.6
2007-05,Oakridge,4398,47,0,above_typical,34.0
2007-06,Oakridge,4575,55,0,below_typical,-29.6
2007-07,Oakridge,4027,49,0,typical,-5.3
2007-08,Oakridge,3180,41,0,typical,4.0
2007-09,Oakridge,3085,44,0,below_typical,-40.7
2007-10,Oakridge,5184,61,0,typical,8.0
2007-11,Oakridge,4695,45,0,typical,4.4
2007-12,Oakridge,1941,24,0,below_typical,-74.2
2008-01,Oakridge,2297,30,0,below_typical,-42.8
2008-02,Oakridge,2762,37,0,below_typical,-43.3
2008-03,Oakridge,3755,49,0,above_typical,23.1
2008-04,Oakridge,3735,51,0,typical,-0.8
2008-05,Oakridge,4038,49,0,typical,-8.2
2008-06,Oakridge,3708,59,0,below_typical,-19.0
2008-07,Oakridge,2521,31,0,below_typical,-37.4
2008-08,Oakridge,4265,47,0,above_typical,34.1
2008-09,Oakridge,4627,48,0,above_typical,50.0
2008-10,Oakridge,6229,65,0,above_typical,20.2
2008-11,Oakridge,4199,57,0,below_typical,-10.6
2008-12,Oakridge,3922,46,0,above_typical,102.1
2009-01,Oakridge,4470,52,0,above_typical,94.6
2009-02,Oakridge,4297,57,0,above_typical,55.6
2009-03,Oakridge,2565,38,0,below_typical,-31.7
2009-04,Oakridge,2760,31,0,below_typical,-26.1
2009-05,Oakridge,4369,48,0,typical,8.2
2009-06,Oakridge,4089,55,0,above_typical,10.3
2009-07,Oakridge,3410,40,0,above_typical,35.3
2009-08,Oakridge,3011,41,0,below_typical,-29.4
2009-09,Oakridge,4092,49,0,below_typical,-11.6
2009-10,Oakridge,4574,66,0,below_typical,-26.6
2009-11,Oakridge,4253,51,0,typical,1.3
2009-12,Oakridge,4288,52,0,typical,9.3
2010-01,Oakridge,4901,72,0,typical,9.6
2010-02,Oakridge,4317,63,0,typical,0.5
2010-03,Oakridge,4512,64,0,above_typical,75.9
2010-04,Oakridge,6860,83,0,above_typical,148.6
2010-05,Oakridge,3430,46,0,below_typical,-21.5
2010-06,Oakridge,2730,40,0,below_typical,-33.2
2010-07,Oakridge,3866,37,0,above_typical,13.4
2010-08,Oakridge,3403,45,0,above_typical,13.0
2010-09,Oakridge,5982,76,0,above_typical,46.2
2010-10,Oakridge,4094,54,0,below_typical,-10.5
2010-11,Oakridge,5280,53,0,above_typical,24.1
2010-12,Oakridge,4606,61,0,typical,7.4
2011-01,Oakridge,3371,53,0,below_typical,-31.2
2011-02,Oakridge,3491,45,0,below_typical,-19.1
2011-03,Oakridge,5571,68,0,above_typical,23.5
2011-04,Oakridge,3954,48,0,below_typical,-42.4
2011-05,Oakridge,3358,45,0,typical,-2.1
2011-06,Oakridge,3509,43,0,above_typical,28.5
2011-07,Oakridge,3441,53,0,below_typical,-11.0
2011-08,Oakridge,2635,34,0,below_typical,-22.6
2011-09,Oakridge,4718,53,0,below_typical,-21.1
2011-10,Oakridge,5550,63,0,above_typical,35.6
2011-11,Oakridge,5865,76,0,above_typical,11.1
2011-12,Oakridge,6205,79,0,above_typical,34.7
2012-01,Oakridge,4038,45,0,above_typical,19.8
2012-02,Oakridge,3496,50,0,typical,0.1
2012-03,Oakridge,3532,62,0,below_typical,-36.6
2012-04,Oakridge,2949,47,0,below_typical,-25.4
2012-05,Oakridge,3409,51,0,typical,1.5
2012-06,Oakridge,2477,44,0,below_typical,-29.4
2012-07,Oakridge,4808,70,0,above_typical,39.7
2012-08,Oakridge,4653,58,0,above_typical,76.6
2012-09,Oakridge,5692,60,0,above_typical,20.6
2012-10,Oakridge,3439,47,0,below_typical,-38.0
2012-11,Oakridge,5948,77,0,typical,1.4
2012-12,Oakridge,6612,82,0,typical,6.6
2013-01,Oakridge,3505,51,0,below_typical,-13.2
2013-02,Oakridge,4228,44,0,above_typical,20.9
2013-03,Oakridge,2331,42,0,below_typical,-34.0
2013-04,Oakridge,2372,34,0,below_typical,-19.6
2013-05,Oakridge,3370,40,0,typical,-1.1
2013-06,Oakridge,2624,36,0,typical,5.9
2013-07,Oakridge,4020,53,0,below_typical,-16.4
2013-08,Oakridge,2981,44,0,below_typical,-35.9
2013-09,Oakridge,3526,56,0,below_typical,-38.1
2013-10,Oakridge,4329,68,0,above_typical,25.9
2013-11,Oakridge,4827,64,0,below_typical,-18.8
2013-12,Oakridge,4076,48,0,below_typical,-38.4
2014-01,Oakridge,5586,61,0,above_typical,59.4
2014-02,Oakridge,2269,29,0,below_typical,-46.3
2014-03,Oakridge,4455,59,0,above_typical,91.1
2014-04,Oakridge,4431,51,0,above_typical,86.8
2014-05,Oakridge,5187,62,0,above_typical,53.9
2014-06,Oakridge,3070,55,0,above_typical,17.0
2014-07,Oakridge,4138,55,0,typical,2.9
2014-08,Oakridge,3738,34,0,above_typical,25.4
2014-09,Oakridge,3436,48,0,typical,-2.6
2014-10,Oakridge,4591,64,0,typical,6.1
2014-11,Oakridge,4218,60,0,below_typical,-12.6
2014-12,Oakridge,4457,50,0,typical,9.3
2015-01,Oakridge,4941,56,0,below_typical,-11.5
2015-02,Oakridge,3755,48,0,above_typical,65.5
2015-03,Oakridge,3098,49,0,below_typical,-30.5
2015-04,Oakridge,3286,52,0,below_typical,-25.8
2015-05,Oakridge,3625,45,0,below_typical,-30.1
2015-06,Oakridge,2419,29,0,below_typical,-21.2
2015-07,Oakridge,3422,48,0,below_typical,-17.3
2015-08,Oakridge,3167,42,0,below_typical,-15.3
2015-09,Oakridge,4081,48,0,above_typical,18.8
2015-10,Oakridge,5870,70,0,above_typical,27.9
2015-11,Oakridge,5220,62,0,above_typical,23.8
2015-12,Oakridge,5588,76,0,above_typical,25.4
2016-01,Oakridge,4930,52,0,typical,-0.2
2016-02,Oakridge,6254,75,0,above_typical,66.6
2016-03,Oakridge,4451,57,0,above_typical,43.7
2016-04,Oakridge,5002,61,0,above_typical,52.2
2016-05,Oakridge,4088,47,0,above_typical,12.8
2016-06,Oakridge,4533,72,0,above_typical,87.4
2016-07,Oakridge,3638,47,0,typical,6.3
2016-08,Oakridge,3489,51,0,above_typical,10.2
2016-09,Oakridge,2636,40,0,below_typical,-35.4
2016-10,Oakridge,4086,52,0,below_typical,-30.4
2016-11,Oakridge,2673,45,0,below_typical,-48.8
2016-12,Oakridge,3827,44,0,below_typical,-31.5
2017-01,Oakridge,3599,40,0,below_typical,-27.0
2017-02,Oakridge,5008,65,0,below_typical,-19.9
2017-03,Oakridge,4926,54,0,above_typical,10.7
2017-04,Oakridge,4517,46,0,typical,-9.7
2017-05,Oakridge,3036,47,0,below_typical,-25.7
2017-06,Oakridge,3051,44,0,below_typical,-32.7
2017-07,Oakridge,5580,63,0,above_typical,53.4
2017-08,Oakridge,4617,63,0,above_typical,32.3
2017-09,Oakridge,4264,56,0,above_typical,61.8
2017-10,Oakridge,3349,39,0,below_typical,-18.0
2017-11,Oakridge,3963,49,0,above_typical,48.3
2017-12,Oakridge,3788,47,0,typical,-1.0
2018-01,Oakridge,6434,76,0,above_typical,78.8
2018-02,Oakridge,2519,30,0,below_typical,-49.7
2018-03,Oakridge,3565,48,0,below_typical,-27.6
2018-04,Oakridge,3764,53,0,below_typical,-16.7
2018-05,Oakridge,3425,48,0,above_typical,12.8
2018-06,Oakridge,4483,54,0,above_typical,46.9
2018-07,Oakridge,3191,46,0,below_typical,-42.8
2018-08,Oakridge,2497,37,0,below_typical,-45.9
2018-09,Oakridge,2818,37,0,below_typical,-33.9
2018-10,Oakridge,3777,45,0,above_typical,12.8
2018-11,Oakridge,3353,51,0,below_typical,-15.4
2018-12,Oakridge,4872,64,0,above_typical,28.6
2019-01,Oakridge,3269,39,0,below_typical,-49.2
2019-02,Oakridge,2892,39,0,above_typical,14.8
2019-03,Oakridge,3317,53,0,typical,-7.0
2019-04,Oakridge,4650,63,0,above_typical,23.5
2019-05,Oakridge,4361,64,0,above_typical,27.3
2019-06,Oakridge,4309,60,0,typical,-3.9
2019-07,Oakridge,3357,56,0,typical,5.2
2019-08,Oakridge,4782,62,0,above_typical,91.5
2019-09,Oakridge,3898,57,0,above_typical,38.3
2019-10,Oakridge,5381,62,0,above_typical,42.5
2019-11,Oakridge,4985,58,0,above_typical,48.7
2019-12,Oakridge,3846,53,0,below_typical,-21.1
2020-01,Oakridge,3370,54,0,typical,3.1
2020-02,Oakridge,2872,51,0,typical,-0.7
2020-03,Oakridge,3362,46,0,typical,1.4
2020-04,Oakridge,3120,33,0,below_typical,-32.9
2020-05,Oakridge,1269,22,0,below_typical,-70.9
2020-06,Oakridge,1699,20,0,below_typical,-60.6
2020-07,Oakridge,2131,24,0,below_typical,-36.5
2020-08,Oakridge,1815,28,0,below_typical,-62.0
2020-09,Oakridge,2775,35,0,below_typical,-28.8
2020-10,Oakridge,2569,33,0,below_typical,-52.3
2020-11,Oakridge,2591,32,0,below_typical,-48.0
2020-12,Oakridge,2739,31,0,below_typical,-28.8
2021-01,Oakridge,2500,35,0,below_typical,-25.8
2021-02,Oakridge,1699,20,0,below_typical,-40.8
2021-03,Oakridge,1997,25,0,below_typical,-40.6
2021-04,Oakridge,2433,30,0,below_typical,-22.0
2021-05,Oakridge,2029,31,0,above_typical,59.9
2021-06,Oakridge,1607,26,0,typical,-5.4
2021-07,Oakridge,2562,33,0,above_typical,20.2
2021-08,Oakridge,1683,28,0,typical,-7.3
2021-09,Oakridge,2281,28,0,below_typical,-17.8
2021-10,Oakridge,2880,40,0,above_typical,12.1
2021-11,Oakridge,1420,20,0,below_typical,-45.2
2021-12,Oakridge,1866,19,0,below_typical,-31.9
2022-01,Oakridge,2288,28,0,typical,-8.5
2022-02,Oakridge,1770,23,0,typical,4.2
2022-03,Oakridge,1969,34,0,typical,-1.4
2022-04,Oakridge,3477,46,0,above_typical,42.9
2022-05,Oakridge,2500,31,0,above_typical,23.2
2022-06,Oakridge,2606,30,0,above_typical,62.2
2022-07,Oakridge,1954,26,0,below_typical,-23.7
2022-08,Oakridge,2279,28,0,above_typical,35.4
2022-09,Oakridge,1591,31,0,below_typical,-30.2
2022-10,Oakridge,1730,24,0,below_typical,-39.9
2022-11,Oakridge,1165,19,0,below_typical,-18.0
2022-12,Oakridge,2208,25,0,above_typical,18.3
2023-01,Oakridge,1045,20,0,below_typical,-54.3
2023-02,Oakridge,2035,24,0,above_typical,15.0
2023-03,Oakridge,2265,28,0,above_typical,15.0
2023-04,Oakridge,1992,25,0,below_typical,-42.7
2023-05,Oakridge,1548,27,0,below_typical,-38.1
2023-06,Oakridge,2034,40,0,below_typical,-21.9
2023-07,Oakridge,1407,27,0,below_typical,-28.0
2023-08,Oakridge,1258,16,0,below_typical,-44.8
2023-09,Oakridge,1343,25,0,below_typical,-15.6
2023-10,Oakridge,2136,28,0,above_typical,23.5
2023-11,Oakridge,1848,27,0,above_typical,58.6
2023-12,Oakridge,1845,28,0,below_typical,-16.4
2024-01,Oakridge,1061,16,0,typical,1.5
2024-02,Oakridge,1055,15,0,below_typical,-48.2
2024-03,Oakridge,2212,30,0,typical,-2.3
2024-04,Oakridge,972,16,0,below_typical,-51.2
2024-05,Oakridge,2353,35,0,above_typical,52.0
2024-06,Oakridge,2184,25,0,typical,7.4
2024-07,Oakridge,1436,21,0,typical,2.1
2024-08,Oakridge,1841,27,0,above_typical,46.3
2024-09,Oakridge,2144,25,0,above_typical,59.6
2024-10,Oakridge,2037,24,0,typical,-4.6
2024-11,Oakridge,2820,34,0,above_typical,52.6
2024-12,Oakridge,1780,22,0,typical,-3.5
2025-01,Oakridge,2781,32,0,above_typical,162.1
2025-02,Oakridge,1144,14,0,typical,8.4
2025-03,Oakridge,2387,36,0,typical,7.9
2025-04,Oakridge,1394,26,0,above_typical,43.4
2025-05,Oakridge,2214,36,0,typical,-5.9
2025-06,Oakridge,1028,16,0,below_typical,-52.9
2025-07,Oakridge,837,15,0,below_typical,-41.7
2025-08,Oakridge,958,16,0,below_typical,-48.0
2025-09,Oakridge,983,22,0,below_typical,-54.2
2025-10,Oakridge,2223,32,0,typical,9.1
2025-11,Oakridge,1371,25,0,below_typical,-51.4
2025-12,Oakridge,1615,29,0,typical,-9.3
2026-01,Oakridge,1016,22,0,below_typical,-63.5
2026-02,Oakridge,1109,24,0,typical,-3.1
2026-03,Oakridge,1456,24,0,below_typical,-39.0
2026-04,Oakridge,997,13,0,below_typical,-28.5
2026-05,Oakridge,2207,36,0,typical,-0.3
2026-06,Oakridge,1643,34,0,above_typical,59.8
2026-07,Oakridge,1348,28,0,above_typical,61.1
2026-08,Oakridge,1636,38,0,above_typical,70.8
2026-09,Oakridge,1246,30,1,,
2003-01,Renfrew-Collingwood,20839,248,0,,
2003-02,Renfrew-Collingwood,15473,199,0,,
2003-03,Renfrew-Collingwood,14633,196,0,,
2003-04,Renfrew-Collingwood,15807,199,0,,
2003-05,Renfrew-Collingwood,19978,247,0,,
2003-06,Renfrew-Collingwood,20650,267,0,,
2003-07,Renfrew-Collingwood,16798,209,0,,
2003-08,Renfrew-Collingwood,17225,205,0,,
2003-09,Renfrew-Collingwood,17392,210,0,,
2003-10,Renfrew-Collingwood,20415,247,0,,
2003-11,Renfrew-Collingwood,19700,248,0,,
2003-12,Renfrew-Collingwood,19113,227,0,,
2004-01,Renfrew-Collingwood,15753,210,0,below_typical,-24.4
2004-02,Renfrew-Collingwood,20608,245,0,above_typical,33.2
2004-03,Renfrew-Collingwood,27664,319,0,above_typical,89.1
2004-04,Renfrew-Collingwood,23842,291,0,above_typical,50.8
2004-05,Renfrew-Collingwood,23518,270,0,above_typical,17.7
2004-06,Renfrew-Collingwood,18855,225,0,typical,-8.7
2004-07,Renfrew-Collingwood,16201,208,0,typical,-3.6
2004-08,Renfrew-Collingwood,19838,272,0,above_typical,15.2
2004-09,Renfrew-Collingwood,22067,283,0,above_typical,26.9
2004-10,Renfrew-Collingwood,21594,262,0,typical,5.8
2004-11,Renfrew-Collingwood,23287,263,0,above_typical,18.2
2004-12,Renfrew-Collingwood,19943,240,0,typical,4.3
2005-01,Renfrew-Collingwood,22207,242,0,above_typical,41.0
2005-02,Renfrew-Collingwood,14703,191,0,below_typical,-28.7
2005-03,Renfrew-Collingwood,16384,219,0,below_typical,-40.8
2005-04,Renfrew-Collingwood,14088,208,0,below_typical,-40.9
2005-05,Renfrew-Collingwood,13281,183,0,below_typical,-43.5
2005-06,Renfrew-Collingwood,12331,201,0,below_typical,-34.6
2005-07,Renfrew-Collingwood,12887,203,0,below_typical,-20.5
2005-08,Renfrew-Collingwood,16125,246,0,below_typical,-18.7
2005-09,Renfrew-Collingwood,14596,223,0,below_typical,-33.9
2005-10,Renfrew-Collingwood,16962,270,0,below_typical,-21.5
2005-11,Renfrew-Collingwood,17160,261,0,below_typical,-26.3
2005-12,Renfrew-Collingwood,16490,259,0,below_typical,-17.3
2006-01,Renfrew-Collingwood,19466,282,0,below_typical,-12.3
2006-02,Renfrew-Collingwood,17652,209,0,above_typical,20.1
2006-03,Renfrew-Collingwood,16248,199,0,typical,-0.8
2006-04,Renfrew-Collingwood,14161,199,0,typical,0.5
2006-05,Renfrew-Collingwood,17350,214,0,above_typical,30.6
2006-06,Renfrew-Collingwood,17505,234,0,above_typical,42.0
2006-07,Renfrew-Collingwood,16556,241,0,above_typical,28.5
2006-08,Renfrew-Collingwood,16792,234,0,typical,4.1
2006-09,Renfrew-Collingwood,19191,227,0,above_typical,31.5
2006-10,Renfrew-Collingwood,21265,264,0,above_typical,25.4
2006-11,Renfrew-Collingwood,16923,232,0,typical,-1.4
2006-12,Renfrew-Collingwood,19228,229,0,above_typical,16.6
2007-01,Renfrew-Collingwood,17790,222,0,typical,-8.6
2007-02,Renfrew-Collingwood,14693,179,0,below_typical,-16.8
2007-03,Renfrew-Collingwood,16411,214,0,typical,1.0
2007-04,Renfrew-Collingwood,13070,171,0,typical,-7.7
2007-05,Renfrew-Collingwood,12089,160,0,below_typical,-30.3
2007-06,Renfrew-Collingwood,15126,181,0,below_typical,-13.6
2007-07,Renfrew-Collingwood,15659,192,0,typical,-5.4
2007-08,Renfrew-Collingwood,14276,198,0,below_typical,-15.0
2007-09,Renfrew-Collingwood,13204,181,0,below_typical,-31.2
2007-10,Renfrew-Collingwood,13709,194,0,below_typical,-35.5
2007-11,Renfrew-Collingwood,12794,162,0,below_typical,-24.4
2007-12,Renfrew-Collingwood,8277,123,0,below_typical,-57.0
2008-01,Renfrew-Collingwood,9238,131,0,below_typical,-48.1
2008-02,Renfrew-Collingwood,13630,156,0,typical,-7.2
2008-03,Renfrew-Collingwood,17451,313,0,typical,6.3
2008-04,Renfrew-Collingwood,13648,177,0,typical,4.4
2008-05,Renfrew-Collingwood,16920,200,0,above_typical,40.0
2008-06,Renfrew-Collingwood,12487,162,0,below_typical,-17.4
2008-07,Renfrew-Collingwood,12722,167,0,below_typical,-18.8
2008-08,Renfrew-Collingwood,10213,141,0,below_typical,-28.5
2008-09,Renfrew-Collingwood,15149,177,0,above_typical,14.7
2008-10,Renfrew-Collingwood,13505,189,0,typical,-1.5
2008-11,Renfrew-Collingwood,9854,140,0,below_typical,-23.0
2008-12,Renfrew-Collingwood,9436,148,0,above_typical,14.0
2009-01,Renfrew-Collingwood,9014,133,0,typical,-2.4
2009-02,Renfrew-Collingwood,8654,134,0,below_typical,-36.5
2009-03,Renfrew-Collingwood,11999,183,0,below_typical,-31.2
2009-04,Renfrew-Collingwood,9305,160,0,below_typical,-31.8
2009-05,Renfrew-Collingwood,9954,150,0,below_typical,-41.2
2009-06,Renfrew-Collingwood,8203,131,0,below_typical,-34.3
2009-07,Renfrew-Collingwood,9352,144,0,below_typical,-26.5
2009-08,Renfrew-Collingwood,11029,160,0,typical,8.0
2009-09,Renfrew-Collingwood,13922,195,0,typical,-8.1
2009-10,Renfrew-Collingwood,9921,151,0,below_typical,-26.5
2009-11,Renfrew-Collingwood,13751,197,0,above_typical,39.5
2009-12,Renfrew-Collingwood,14310,192,0,above_typical,51.7
2010-01,Renfrew-Collingwood,13949,193,0,above_typical,54.7
2010-02,Renfrew-Collingwood,9250,147,0,typical,6.9
2010-03,Renfrew-Collingwood,13376,192,0,above_typical,11.5
2010-04,Renfrew-Collingwood,9714,139,0,typical,4.4
2010-05,Renfrew-Collingwood,8896,162,0,below_typical,-10.6
2010-06,Renfrew-Collingwood,8714,140,0,typical,6.2
2010-07,Renfrew-Collingwood,10927,153,0,above_typical,16.8
2010-08,Renfrew-Collingwood,12265,183,0,above_typical,11.2
2010-09,Renfrew-Collingwood,10318,174,0,below_typical,-25.9
2010-10,Renfrew-Collingwood,10422,172,0,typical,5.0
2010-11,Renfrew-Collingwood,11802,191,0,below_typical,-14.2
2010-12,Renfrew-Collingwood,11513,165,0,below_typical,-19.5
2011-01,Renfrew-Collingwood,12676,153,0,typical,-9.1
2011-02,Renfrew-Collingwood,9517,158,0,typical,2.9
2011-03,Renfrew-Collingwood,9991,155,0,below_typical,-25.3
2011-04,Renfrew-Collingwood,11004,165,0,above_typical,13.3
2011-05,Renfrew-Collingwood,12616,159,0,above_typical,41.8
2011-06,Renfrew-Collingwood,10070,146,0,above_typical,15.6
2011-07,Renfrew-Collingwood,11150,159,0,typical,2.0
2011-08,Renfrew-Collingwood,9964,155,0,below_typical,-18.8
2011-09,Renfrew-Collingwood,10462,151,0,typical,1.4
2011-10,Renfrew-Collingwood,11199,142,0,typical,7.5
2011-11,Renfrew-Collingwood,8923,132,0,below_typical,-24.4
2011-12,Renfrew-Collingwood,10264,149,0,below_typical,-10.8
2012-01,Renfrew-Collingwood,12635,161,0,typical,-0.3
2012-02,Renfrew-Collingwood,7383,132,0,below_typical,-22.4
2012-03,Renfrew-Collingwood,10798,157,0,typical,8.1
2012-04,Renfrew-Collingwood,7993,131,0,below_typical,-27.4
2012-05,Renfrew-Collingwood,14303,193,0,above_typical,13.4
2012-06,Renfrew-Collingwood,12423,186,0,above_typical,23.4
2012-07,Renfrew-Collingwood,8846,150,0,below_typical,-20.7
2012-08,Renfrew-Collingwood,8549,132,0,below_typical,-14.2
2012-09,Renfrew-Collingwood,10573,168,0,typical,1.1
2012-10,Renfrew-Collingwood,9482,174,0,below_typical,-15.3
2012-11,Renfrew-Collingwood,7842,116,0,below_typical,-12.1
2012-12,Renfrew-Collingwood,7626,126,0,below_typical,-25.7
2013-01,Renfrew-Collingwood,9048,140,0,below_typical,-28.4
2013-02,Renfrew-Collingwood,7148,115,0,typical,-3.2
2013-03,Renfrew-Collingwood,8238,132,0,below_typical,-23.7
2013-04,Renfrew-Collingwood,7683,135,0,typical,-3.9
2013-05,Renfrew-Collingwood,12832,176,0,below_typical,-10.3
2013-06,Renfrew-Collingwood,6666,109,0,below_typical,-46.3
2013-07,Renfrew-Collingwood,9222,130,0,typical,4.3
2013-08,Renfrew-Collingwood,7142,112,0,below_typical,-16.5
2013-09,Renfrew-Collingwood,11320,147,0,typical,7.1
2013-10,Renfrew-Collingwood,9126,141,0,typical,-3.8
2013-11,Renfrew-Collingwood,9515,151,0,above_typical,21.3
2013-12,Renfrew-Collingwood,8446,162,0,above_typical,10.8
2014-01,Renfrew-Collingwood,9233,165,0,typical,2.0
2014-02,Renfrew-Collingwood,7430,118,0,typical,3.9
2014-03,Renfrew-Collingwood,10385,158,0,above_typical,26.1
2014-04,Renfrew-Collingwood,8070,124,0,typical,5.0
2014-05,Renfrew-Collingwood,10128,168,0,below_typical,-21.1
2014-06,Renfrew-Collingwood,9443,158,0,above_typical,41.7
2014-07,Renfrew-Collingwood,10550,184,0,above_typical,14.4
2014-08,Renfrew-Collingwood,8078,144,0,above_typical,13.1
2014-09,Renfrew-Collingwood,11202,177,0,typical,-1.0
2014-10,Renfrew-Collingwood,13278,193,0,above_typical,45.5
2014-11,Renfrew-Collingwood,9430,151,0,typical,-0.9
2014-12,Renfrew-Collingwood,11231,157,0,above_typical,33.0
2015-01,Renfrew-Collingwood,15548,213,0,above_typical,68.4
2015-02,Renfrew-Collingwood,9494,133,0,above_typical,27.8
2015-03,Renfrew-Collingwood,8922,145,0,below_typical,-14.1
2015-04,Renfrew-Collingwood,8334,137,0,typical,3.3
2015-05,Renfrew-Collingwood,11560,167,0,above_typical,14.1
2015-06,Renfrew-Collingwood,7826,138,0,below_typical,-17.1
2015-07,Renfrew-Collingwood,9551,151,0,typical,-9.5
2015-08,Renfrew-Collingwood,8416,129,0,typical,4.2
2015-09,Renfrew-Collingwood,7385,128,0,below_typical,-34.1
2015-10,Renfrew-Collingwood,11911,184,0,below_typical,-10.3
2015-11,Renfrew-Collingwood,10543,175,0,above_typical,11.8
2015-12,Renfrew-Collingwood,11273,162,0,typical,0.4
2016-01,Renfrew-Collingwood,14534,219,0,typical,-6.5
2016-02,Renfrew-Collingwood,10715,164,0,above_typical,12.9
2016-03,Renfrew-Collingwood,10792,157,0,above_typical,21.0
2016-04,Renfrew-Collingwood,9750,148,0,above_typical,17.0
2016-05,Renfrew-Collingwood,10788,188,0,typical,-6.7
2016-06,Renfrew-Collingwood,7989,137,0,typical,2.1
2016-07,Renfrew-Collingwood,9584,162,0,typical,0.3
2016-08,Renfrew-Collingwood,10420,166,0,above_typical,23.8
2016-09,Renfrew-Collingwood,10376,152,0,above_typical,40.5
2016-10,Renfrew-Collingwood,10803,183,0,typical,-9.3
2016-11,Renfrew-Collingwood,11579,162,0,typical,9.8
2016-12,Renfrew-Collingwood,7486,121,0,below_typical,-33.6
2017-01,Renfrew-Collingwood,7464,142,0,below_typical,-48.6
2017-02,Renfrew-Collingwood,8400,137,0,below_typical,-21.6
2017-03,Renfrew-Collingwood,9410,159,0,below_typical,-12.8
2017-04,Renfrew-Collingwood,8625,146,0,below_typical,-11.5
2017-05,Renfrew-Collingwood,11594,201,0,typical,7.5
2017-06,Renfrew-Collingwood,9999,207,0,above_typical,25.2
2017-07,Renfrew-Collingwood,11702,194,0,above_typical,22.1
2017-08,Renfrew-Collingwood,9408,160,0,typical,-9.7
2017-09,Renfrew-Collingwood,11484,226,0,above_typical,10.7
2017-10,Renfrew-Collingwood,11446,219,0,typical,6.0
2017-11,Renfrew-Collingwood,12678,230,0,typical,9.5
2017-12,Renfrew-Collingwood,9654,209,0,above_typical,29.0
2018-01,Renfrew-Collingwood,11215,209,0,above_typical,50.3
2018-02,Renfrew-Collingwood,8532,145,0,typical,1.6
2018-03,Renfrew-Collingwood,10743,177,0,above_typical,14.2
2018-04,Renfrew-Collingwood,8251,135,0,typical,-4.3
2018-05,Renfrew-Collingwood,9469,154,0,below_typical,-18.3
2018-06,Renfrew-Collingwood,10280,167,0,typical,2.8
2018-07,Renfrew-Collingwood,9720,157,0,below_typical,-16.9
2018-08,Renfrew-Collingwood,10985,173,0,above_typical,16.8
2018-09,Renfrew-Collingwood,10346,160,0,typical,-9.9
2018-10,Renfrew-Collingwood,10842,187,0,typical,-5.3
2018-11,Renfrew-Collingwood,8825,172,0,below_typical,-30.4
2018-12,Renfrew-Collingwood,9530,168,0,typical,-1.3
2019-01,Renfrew-Collingwood,11507,188,0,typical,2.6
2019-02,Renfrew-Collingwood,6909,122,0,below_typical,-19.0
2019-03,Renfrew-Collingwood,9601,174,0,below_typical,-10.6
2019-04,Renfrew-Collingwood,9439,161,0,above_typical,14.4
2019-05,Renfrew-Collingwood,9542,174,0,typical,0.8
2019-06,Renfrew-Collingwood,7306,140,0,below_typical,-28.9
2019-07,Renfrew-Collingwood,8728,144,0,below_typical,-10.2
2019-08,Renfrew-Collingwood,9251,186,0,below_typical,-15.8
2019-09,Renfrew-Collingwood,11656,213,0,above_typical,12.7
2019-10,Renfrew-Collingwood,13506,235,0,above_typical,24.6
2019-11,Renfrew-Collingwood,10211,185,0,above_typical,15.7
2019-12,Renfrew-Collingwood,10448,172,0,typical,9.6
2020-01,Renfrew-Collingwood,8571,159,0,below_typical,-25.5
2020-02,Renfrew-Collingwood,7246,143,0,typical,4.9
2020-03,Renfrew-Collingwood,11555,213,0,above_typical,20.4
2020-04,Renfrew-Collingwood,11742,194,0,above_typical,24.4
2020-05,Renfrew-Collingwood,7189,129,0,below_typical,-24.7
2020-06,Renfrew-Collingwood,6783,138,0,typical,-7.2
2020-07,Renfrew-Collingwood,9457,181,0,typical,8.4
2020-08,Renfrew-Collingwood,11435,212,0,above_typical,23.6
2020-09,Renfrew-Collingwood,8849,168,0,below_typical,-24.1
2020-10,Renfrew-Collingwood,10012,214,0,below_typical,-25.9
2020-11,Renfrew-Collingwood,10031,190,0,typical,-1.8
2020-12,Renfrew-Collingwood,8047,172,0,below_typical,-23.0
2021-01,Renfrew-Collingwood,8398,183,0,typical,-2.0
2021-02,Renfrew-Collingwood,9116,173,0,above_typical,25.8
2021-03,Renfrew-Collingwood,8010,158,0,below_typical,-30.7
2021-04,Renfrew-Collingwood,6895,132,0,below_typical,-41.3
2021-05,Renfrew-Collingwood,9548,185,0,above_typical,32.8
2021-06,Renfrew-Collingwood,8469,154,0,above_typical,24.9
2021-07,Renfrew-Collingwood,8815,176,0,typical,-6.8
2021-08,Renfrew-Collingwood,7057,135,0,below_typical,-38.3
2021-09,Renfrew-Collingwood,8038,173,0,typical,-9.2
2021-10,Renfrew-Collingwood,8236,154,0,below_typical,-17.7
2021-11,Renfrew-Collingwood,8902,176,0,below_typical,-11.3
2021-12,Renfrew-Collingwood,7900,153,0,typical,-1.8
2022-01,Renfrew-Collingwood,9998,194,0,above_typical,19.1
2022-02,Renfrew-Collingwood,7978,166,0,below_typical,-12.5
2022-03,Renfrew-Collingwood,8034,181,0,typical,0.3
2022-04,Renfrew-Collingwood,9599,214,0,above_typical,39.2
2022-05,Renfrew-Collingwood,9496,195,0,typical,-0.5
2022-06,Renfrew-Collingwood,9605,179,0,above_typical,13.4
2022-07,Renfrew-Collingwood,9432,202,0,typical,7.0
2022-08,Renfrew-Collingwood,11594,239,0,above_typical,64.3
2022-09,Renfrew-Collingwood,9128,192,0,above_typical,13.6
2022-10,Renfrew-Collingwood,9497,194,0,above_typical,15.3
2022-11,Renfrew-Collingwood,10222,206,0,above_typical,14.8
2022-12,Renfrew-Collingwood,6163,138,0,below_typical,-22.0
2023-01,Renfrew-Collingwood,8426,169,0,below_typical,-15.7
2023-02,Renfrew-Collingwood,8817,204,0,above_typical,10.5
2023-03,Renfrew-Collingwood,10022,195,0,above_typical,24.7
2023-04,Renfrew-Collingwood,11546,217,0,above_typical,20.3
2023-05,Renfrew-Collingwood,10622,228,0,above_typical,11.9
2023-06,Renfrew-Collingwood,11222,235,0,above_typical,16.8
2023-07,Renfrew-Collingwood,10575,226,0,above_typical,12.1
2023-08,Renfrew-Collingwood,10477,216,0,typical,-9.6
2023-09,Renfrew-Collingwood,11424,241,0,above_typical,25.2
2023-10,Renfrew-Collingwood,11908,211,0,above_typical,25.4
2023-11,Renfrew-Collingwood,10062,201,0,typical,-1.6
2023-12,Renfrew-Collingwood,9902,178,0,above_typical,60.7
2024-01,Renfrew-Collingwood,10316,203,0,above_typical,22.4
2024-02,Renfrew-Collingwood,11197,202,0,above_typical,27.0
2024-03,Renfrew-Collingwood,7835,165,0,below_typical,-21.8
2024-04,Renfrew-Collingwood,9704,196,0,below_typical,-16.0
2024-05,Renfrew-Collingwood,11265,214,0,typical,6.1
2024-06,Renfrew-Collingwood,8586,177,0,below_typical,-23.5
2024-07,Renfrew-Collingwood,8868,185,0,below_typical,-16.1
2024-08,Renfrew-Collingwood,10269,218,0,typical,-2.0
2024-09,Renfrew-Collingwood,7571,146,0,below_typical,-33.7
2024-10,Renfrew-Collingwood,10160,208,0,below_typical,-14.7
2024-11,Renfrew-Collingwood,7085,151,0,below_typical,-29.6
2024-12,Renfrew-Collingwood,8150,168,0,below_typical,-17.7
2025-01,Renfrew-Collingwood,9236,194,0,below_typical,-10.5
2025-02,Renfrew-Collingwood,6577,162,0,below_typical,-41.3
2025-03,Renfrew-Collingwood,6683,153,0,below_typical,-14.7
2025-04,Renfrew-Collingwood,7782,180,0,below_typical,-19.8
2025-05,Renfrew-Collingwood,9960,229,0,below_typical,-11.6
2025-06,Renfrew-Collingwood,9157,198,0,typical,6.7
2025-07,Renfrew-Collingwood,11110,219,0,above_typical,25.3
2025-08,Renfrew-Collingwood,11283,222,0,typical,9.9
2025-09,Renfrew-Collingwood,8823,169,0,above_typical,16.5
2025-10,Renfrew-Collingwood,7047,150,0,below_typical,-30.6
2025-11,Renfrew-Collingwood,10379,183,0,above_typical,46.5
2025-12,Renfrew-Collingwood,7692,150,0,typical,-5.6
2026-01,Renfrew-Collingwood,7970,162,0,below_typical,-13.7
2026-02,Renfrew-Collingwood,7446,145,0,above_typical,13.2
2026-03,Renfrew-Collingwood,8348,175,0,above_typical,24.9
2026-04,Renfrew-Collingwood,9215,186,0,above_typical,18.4
2026-05,Renfrew-Collingwood,10997,235,0,above_typical,10.4
2026-06,Renfrew-Collingwood,10288,239,0,above_typical,12.4
2026-07,Renfrew-Collingwood,8708,207,0,below_typical,-21.6
2026-08,Renfrew-Collingwood,9635,221,0,below_typical,-14.6
2026-09,Renfrew-Collingwood,6291,138,1,,
2003-01,Riley Park,8976,106,0,,
2003-02,Riley Park,5704,78,0,,
2003-03,Riley Park,7626,112,0,,
2003-04,Riley Park,8140,104,0,,
2003-05,Riley Park,10982,151,0,,
2003-06,Riley Park,9424,127,0,,
2003-07,Riley Park,9434,98,0,,
2003-08,Riley Park,9442,106,0,,
2003-09,Riley Park,8675,92,0,,
2003-10,Riley Park,8708,112,0,,
2003-11,Riley Park,10397,120,0,,
2003-12,Riley Park,6347,86,0,,
2004-01,Riley Park,8904,110,0,typical,-0.8
2004-02,Riley Park,7383,89,0,above_typical,29.4
2004-03,Riley Park,7659,103,0,typical,0.4
2004-04,Riley Park,10533,123,0,above_typical,29.4
2004-05,Riley Park,10634,128,0,typical,-3.2
2004-06,Riley Park,8769,98,0,typical,-7.0
2004-07,Riley Park,8653,102,0,typical,-8.3
2004-08,Riley Park,10415,119,0,above_typical,10.3
2004-09,Riley Park,9658,121,0,above_typical,11.3
2004-10,Riley Park,9836,116,0,above_typical,13.0
2004-11,Riley Park,9869,124,0,typical,-5.1
2004-12,Riley Park,7632,104,0,above_typical,20.2
2005-01,Riley Park,8973,100,0,typical,0.8
2005-02,Riley Park,5277,72,0,below_typical,-28.5
2005-03,Riley Park,9872,101,0,above_typical,28.9
2005-04,Riley Park,9063,115,0,below_typical,-14.0
2005-05,Riley Park,9627,127,0,typical,-9.5
2005-06,Riley Park,12104,133,0,above_typical,38.0
2005-07,Riley Park,9546,109,0,above_typical,10.3
2005-08,Riley Park,10822,127,0,typical,3.9
2005-09,Riley Park,8555,97,0,below_typical,-11.4
2005-10,Riley Park,10281,115,0,typical,4.5
2005-11,Riley Park,11098,119,0,above_typical,12.5
2005-12,Riley Park,7312,80,0,typical,-4.2
2006-01,Riley Park,10790,113,0,above_typical,20.2
2006-02,Riley Park,8904,105,0,above_typical,68.7
2006-03,Riley Park,9609,123,0,typical,-2.7
2006-04,Riley Park,10216,126,0,above_typical,12.7
2006-05,Riley Park,9238,98,0,typical,-4.0
2006-06,Riley Park,7277,95,0,below_typical,-39.9
2006-07,Riley Park,10540,123,0,above_typical,10.4
2006-08,Riley Park,9143,98,0,below_typical,-15.5
2006-09,Riley Park,6330,87,0,below_typical,-26.0
2006-10,Riley Park,4602,73,0,below_typical,-55.2
2006-11,Riley Park,6125,78,0,below_typical,-44.8
2006-12,Riley Park,6131,76,0,below_typical,-16.2
2007-01,Riley Park,6668,76,0,below_typical,-38.2
2007-02,Riley Park,7460,84,0,below_typical,-16.2
2007-03,Riley Park,7832,97,0,below_typical,-18.5
2007-04,Riley Park,5109,65,0,below_typical,-50.0
2007-05,Riley Park,5422,71,0,below_typical,-41.3
2007-06,Riley Park,7185,81,0,typical,-1.3
2007-07,Riley Park,7454,98,0,below_typical,-29.3
2007-08,Riley Park,6475,68,0,below_typical,-29.2
2007-09,Riley Park,6093,75,0,typical,-3.7
2007-10,Riley Park,4023,55,0,below_typical,-12.6
2007-11,Riley Park,6603,69,0,typical,7.8
2007-12,Riley Park,6549,78,0,typical,6.8
2008-01,Riley Park,5359,59,0,below_typical,-19.6
2008-02,Riley Park,7447,71,0,typical,-0.2
2008-03,Riley Park,7572,79,0,typical,-3.3
2008-04,Riley Park,5275,71,0,typical,3.2
2008-05,Riley Park,5823,79,0,typical,7.4
2008-06,Riley Park,4695,59,0,below_typical,-34.7
2008-07,Riley Park,5553,63,0,below_typical,-25.5
2008-08,Riley Park,8098,98,0,above_typical,25.1
2008-09,Riley Park,6878,90,0,above_typical,12.9
2008-10,Riley Park,6319,89,0,above_typical,57.1
2008-11,Riley Park,7970,85,0,above_typical,20.7
2008-12,Riley Park,5222,76,0,below_typical,-20.3
2009-01,Riley Park,4214,55,0,below_typical,-21.4
2009-02,Riley Park,4481,61,0,below_typical,-39.8
2009-03,Riley Park,4993,68,0,below_typical,-34.1
2009-04,Riley Park,4978,69,0,typical,-5.6
2009-05,Riley Park,6312,83,0,typical,8.4
2009-06,Riley Park,5301,80,0,above_typical,12.9
2009-07,Riley Park,6607,85,0,above_typical,19.0
2009-08,Riley Park,5908,66,0,below_typical,-27.0
2009-09,Riley Park,5999,66,0,below_typical,-12.8
2009-10,Riley Park,6243,65,0,typical,-1.2
2009-11,Riley Park,5840,65,0,below_typical,-26.7
2009-12,Riley Park,4839,61,0,typical,-7.3
2010-01,Riley Park,3864,57,0,typical,-8.3
2010-02,Riley Park,5352,58,0,above_typical,19.4
2010-03,Riley Park,7540,83,0,above_typical,51.0
2010-04,Riley Park,6555,70,0,above_typical,31.7
2010-05,Riley Park,4286,46,0,below_typical,-32.1
2010-06,Riley Park,3624,49,0,below_typical,-31.6
2010-07,Riley Park,3585,51,0,below_typical,-45.7
2010-08,Riley Park,6175,71,0,typical,4.5
2010-09,Riley Park,5236,73,0,below_typical,-12.7
2010-10,Riley Park,8037,130,0,above_typical,28.7
2010-11,Riley Park,5969,73,0,typical,2.2
2010-12,Riley Park,4009,53,0,below_typical,-17.2
2011-01,Riley Park,5313,69,0,above_typical,37.5
2011-02,Riley Park,4752,60,0,below_typical,-11.2
2011-03,Riley Park,5678,75,0,below_typical,-24.7
2011-04,Riley Park,2873,54,0,below_typical,-56.2
2011-05,Riley Park,5953,65,0,above_typical,38.9
2011-06,Riley Park,3331,57,0,typical,-8.1
2011-07,Riley Park,5014,69,0,above_typical,39.9
2011-08,Riley Park,5039,74,0,below_typical,-18.4
2011-09,Riley Park,5110,73,0,typical,-2.4
2011-10,Riley Park,5317,70,0,below_typical,-33.8
2011-11,Riley Park,7938,83,0,above_typical,33.0
2011-12,Riley Park,6154,73,0,above_typical,53.5
2012-01,Riley Park,5168,58,0,typical,-2.7
2012-02,Riley Park,5331,57,0,above_typical,12.2
2012-03,Riley Park,4844,61,0,below_typical,-14.7
2012-04,Riley Park,5845,78,0,above_typical,103.4
2012-05,Riley Park,4273,62,0,below_typical,-28.2
2012-06,Riley Park,7370,90,0,above_typical,121.3
2012-07,Riley Park,4568,68,0,typical,-8.9
2012-08,Riley Park,6054,78,0,above_typical,20.1
2012-09,Riley Park,3961,64,0,below_typical,-22.5
2012-10,Riley Park,6039,71,0,above_typical,13.6
2012-11,Riley Park,10561,112,0,above_typical,33.0
2012-12,Riley Park,5919,75,0,typical,-3.8
2013-01,Riley Park,8251,90,0,above_typical,59.7
2013-02,Riley Park,4653,63,0,below_typical,-12.7
2013-03,Riley Park,4828,60,0,typical,-0.3
2013-04,Riley Park,6179,90,0,typical,5.7
2013-05,Riley Park,6965,107,0,above_typical,63.0
2013-06,Riley Park,4967,86,0,below_typical,-32.6
2013-07,Riley Park,6134,97,0,above_typical,34.3
2013-08,Riley Park,5056,76,0,below_typical,-16.5
2013-09,Riley Park,5902,87,0,above_typical,49.0
2013-10,Riley Park,6045,81,0,typical,0.1
2013-11,Riley Park,4828,72,0,below_typical,-54.3
2013-12,Riley Park,4388,68,0,below_typical,-25.9
2014-01,Riley Park,5367,68,0,below_typical,-35.0
2014-02,Riley Park,3690,56,0,below_typical,-20.7
2014-03,Riley Park,4518,65,0,typical,-6.4
2014-04,Riley Park,4382,65,0,below_typical,-29.1
2014-05,Riley Park,7761,105,0,above_typical,11.4
2014-06,Riley Park,6023,93,0,above_typical,21.3
2014-07,Riley Park,8668,114,0,above_typical,41.3
2014-08,Riley Park,5275,80,0,typical,4.3
2014-09,Riley Park,4480,65,0,below_typical,-24.1
2014-10,Riley Park,5829,78,0,typical,-3.6
2014-11,Riley Park,3908,67,0,below_typical,-19.1
2014-12,Riley Park,4470,68,0,typical,1.9
2015-01,Riley Park,6152,83,0,above_typical,14.6
2015-02,Riley Park,3432,57,0,typical,-7.0
2015-03,Riley Park,3947,67,0,below_typical,-12.6
2015-04,Riley Park,3728,59,0,below_typical,-14.9
2015-05,Riley Park,7250,92,0,typical,-6.6
2015-06,Riley Park,5101,80,0,below_typical,-15.3
2015-07,Riley Park,6079,69,0,below_typical,-29.9
2015-08,Riley Park,5900,81,0,above_typical,11.8
2015-09,Riley Park,4507,68,0,typical,0.6
2015-10,Riley Park,6489,94,0,above_typical,11.3
2015-11,Riley Park,7335,84,0,above_typical,87.7
2015-12,Riley Park,7837,103,0,above_typical,75.3
2016-01,Riley Park,6916,89,0,above_typical,12.4
2016-02,Riley Park,8364,94,0,above_typical,143.7
2016-03,Riley Park,9727,125,0,above_typical,146.4
2016-04,Riley Park,6252,84,0,above_typical,67.7
2016-05,Riley Park,4834,80,0,below_typical,-33.3
2016-06,Riley Park,4403,66,0,below_typical,-13.7
2016-07,Riley Park,6646,88,0,typical,9.3
2016-08,Riley Park,8427,98,0,above_typical,42.8
2016-09,Riley Park,8770,111,0,above_typical,94.6
2016-10,Riley Park,6478,93,0,typical,-0.2
2016-11,Riley Park,5779,70,0,below_typical,-21.2
2016-12,Riley Park,4315,54,0,below_typical,-44.9
2017-01,Riley Park,5837,66,0,below_typical,-15.6
2017-02,Riley Park,3325,35,0,below_typical,-60.2
2017-03,Riley Park,5765,75,0,below_typical,-40.7
2017-04,Riley Park,5782,78,0,typical,-7.5
2017-05,Riley Park,5904,82,0,above_typical,22.1
2017-06,Riley Park,4878,90,0,above_typical,10.8
2017-07,Riley Park,6276,89,0,typical,-5.6
2017-08,Riley Park,5715,75,0,below_typical,-32.2
2017-09,Riley Park,7180,90,0,below_typical,-18.1
2017-10,Riley Park,6174,97,0,typical,-4.7
2017-11,Riley Park,7739,92,0,above_typical,33.9
2017-12,Riley Park,5677,91,0,above_typical,31.6
2018-01,Riley Park,7114,86,0,above_typical,21.9
2018-02,Riley Park,5531,83,0,above_typical,66.3
2018-03,Riley Park,3735,70,0,below_typical,-35.2
2018-04,Riley Park,5100,87,0,below_typical,-11.8
2018-05,Riley Park,6212,103,0,typical,5.2
2018-06,Riley Park,6523,96,0,above_typical,33.7
2018-07,Riley Park,5137,83,0,below_typical,-18.1
2018-08,Riley Park,3409,65,0,below_typical,-40.3
2018-09,Riley Park,4695,72,0,below_typical,-34.6
2018-10,Riley Park,5308,84,0,below_typical,-14.0
2018-11,Riley Park,5848,87,0,below_typical,-24.4
2018-12,Riley Park,5416,99,0,typical,-4.6
2019-01,Riley Park,3546,68,0,below_typical,-50.2
2019-02,Riley Park,4656,88,0,below_typical,-15.8
2019-03,Riley Park,5192,85,0,above_typical,39.0
2019-04,Riley Park,5732,99,0,above_typical,12.4
2019-05,Riley Park,6953,108,0,above_typical,11.9
2019-06,Riley Park,6161,94,0,typical,-5.5
2019-07,Riley Park,7670,114,0,above_typical,49.3
2019-08,Riley Park,5494,86,0,above_typical,61.2
2019-09,Riley Park,5520,105,0,above_typical,17.6
2019-10,Riley Park,6571,104,0,above_typical,23.8
2019-11,Riley Park,6718,110,0,above_typical,14.9
2019-12,Riley Park,8099,108,0,above_typical,49.5
2020-01,Riley Park,6036,99,0,above_typical,70.2
2020-02,Riley Park,7131,104,0,above_typical,53.2
2020-03,Riley Park,6918,79,0,above_typical,33.2
2020-04,Riley Park,7241,89,0,above_typical,26.3
2020-05,Riley Park,3992,43,0,below_typical,-42.6
2020-06,Riley Park,4170,58,0,below_typical,-32.3
2020-07,Riley Park,3382,48,0,below_typical,-55.9
2020-08,Riley Park,4249,68,0,below_typical,-22.7
2020-09,Riley Park,4166,66,0,below_typical,-24.5
2020-10,Riley Park,4682,65,0,below_typical,-28.7
2020-11,Riley Park,5584,67,0,below_typical,-16.9
2020-12,Riley Park,6694,82,0,below_typical,-17.3
2021-01,Riley Park,5843,77,0,typical,-3.2
2021-02,Riley Park,4413,63,0,below_typical,-38.1
2021-03,Riley Park,4153,60,0,below_typical,-40.0
2021-04,Riley Park,4706,58,0,below_typical,-35.0
2021-05,Riley Park,3869,60,0,typical,-3.1
2021-06,Riley Park,3933,58,0,typical,-5.7
2021-07,Riley Park,4993,75,0,above_typical,47.6
2021-08,Riley Park,3177,57,0,below_typical,-25.2
2021-09,Riley Park,4816,70,0,above_typical,15.6
2021-10,Riley Park,4352,49,0,typical,-7.0
2021-11,Riley Park,2976,50,0,below_typical,-46.7
2021-12,Riley Park,2377,34,0,below_typical,-64.5
2022-01,Riley Park,3074,47,0,below_typical,-47.4
2022-02,Riley Park,1964,35,0,below_typical,-55.5
2022-03,Riley Park,4463,77,0,typical,7.5
2022-04,Riley Park,5165,83,0,typical,9.8
2022-05,Riley Park,2582,46,0,below_typical,-33.3
2022-06,Riley Park,3601,51,0,typical,-8.4
2022-07,Riley Park,4244,71,0,below_typical,-15.0
2022-08,Riley Park,4000,62,0,above_typical,25.9
2022-09,Riley Park,3170,57,0,below_typical,-34.2
2022-10,Riley Park,2229,39,0,below_typical,-48.8
2022-11,Riley Park,3183,53,0,typical,7.0
2022-12,Riley Park,3163,41,0,above_typical,33.1
2023-01,Riley Park,3938,68,0,above_typical,28.1
2023-02,Riley Park,3082,45,0,above_typical,56.9
2023-03,Riley Park,2930,53,0,below_typical,-34.3
2023-04,Riley Park,3650,51,0,below_typical,-29.3
2023-05,Riley Park,3602,60,0,above_typical,39.5
2023-06,Riley Park,2690,54,0,below_typical,-25.3
2023-07,Riley Park,2461,54,0,below_typical,-42.0
2023-08,Riley Park,3211,53,0,below_typical,-19.7
2023-09,Riley Park,4678,69,0,above_typical,47.6
2023-10,Riley Park,2574,38,0,above_typical,15.5
2023-11,Riley Park,1914,37,0,below_typical,-39.9
2023-12,Riley Park,1782,32,0,below_typical,-43.7
2024-01,Riley Park,2190,33,0,below_typical,-44.4
2024-02,Riley Park,2579,42,0,below_typical,-16.3
2024-03,Riley Park,1648,29,0,below_typical,-43.8
2024-04,Riley Park,2908,51,0,below_typical,-20.3
2024-05,Riley Park,2295,47,0,below_typical,-36.3
2024-06,Riley Park,2369,46,0,below_typical,-11.9
2024-07,Riley Park,2929,55,0,above_typical,19.0
2024-08,Riley Park,2948,54,0,typical,-8.2
2024-09,Riley Park,2117,38,0,below_typical,-54.7
2024-10,Riley Park,2528,36,0,typical,-1.8
2024-11,Riley Park,1683,35,0,below_typical,-12.1
2024-12,Riley Park,2817,36,0,above_typical,58.1
2025-01,Riley Park,2831,40,0,above_typical,29.3
2025-02,Riley Park,2198,35,0,below_typical,-14.8
2025-03,Riley Park,2338,46,0,above_typical,41.9
2025-04,Riley Park,2179,42,0,below_typical,-25.1
2025-05,Riley Park,2263,45,0,typical,-1.4
2025-06,Riley Park,2509,45,0,typical,5.9
2025-07,Riley Park,2810,44,0,typical,-4.1
2025-08,Riley Park,3403,57,0,above_typical,15.4
2025-09,Riley Park,4465,66,0,above_typical,110.9
2025-10,Riley Park,4080,73,0,above_typical,61.4
2025-11,Riley Park,1687,31,0,typical,0.2
2025-12,Riley Park,2626,42,0,typical,-6.8
2026-01,Riley Park,2707,59,0,typical,-4.4
2026-02,Riley Park,1437,34,0,below_typical,-34.6
2026-03,Riley Park,1728,37,0,below_typical,-26.1
2026-04,Riley Park,2365,39,0,typical,8.5
2026-05,Riley Park,2932,53,0,above_typical,29.6
2026-06,Riley Park,2057,46,0,below_typical,-18.0
2026-07,Riley Park,2736,65,0,typical,-2.6
2026-08,Riley Park,3680,72,0,typical,8.1
2026-09,Riley Park,2190,32,1,,
2003-01,Shaughnessy,6891,57,0,,
2003-02,Shaughnessy,3460,33,0,,
2003-03,Shaughnessy,3714,43,0,,
2003-04,Shaughnessy,4920,44,0,,
2003-05,Shaughnessy,4997,54,0,,
2003-06,Shaughnessy,3764,44,0,,
2003-07,Shaughnessy,5218,47,0,,
2003-08,Shaughnessy,4766,47,0,,
2003-09,Shaughnessy,4431,45,0,,
2003-10,Shaughnessy,5483,53,0,,
2003-11,Shaughnessy,5295,57,0,,
2003-12,Shaughnessy,3383,37,0,,
2004-01,Shaughnessy,5217,50,0,below_typical,-24.3
2004-02,Shaughnessy,4014,37,0,above_typical,16.0
2004-03,Shaughnessy,6402,63,0,above_typical,72.4
2004-04,Shaughnessy,1854,20,0,below_typical,-62.3
2004-05,Shaughnessy,5310,62,0,typical,6.3
2004-06,Shaughnessy,4680,50,0,above_typical,24.3
2004-07,Shaughnessy,4773,47,0,typical,-8.5
2004-08,Shaughnessy,3245,37,0,below_typical,-31.9
2004-09,Shaughnessy,4977,51,0,above_typical,12.3
2004-10,Shaughnessy,5286,52,0,typical,-3.6
2004-11,Shaughnessy,4398,51,0,below_typical,-16.9
2004-12,Shaughnessy,3839,45,0,above_typical,13.5
2005-01,Shaughnessy,3969,52,0,below_typical,-23.9
2005-02,Shaughnessy,4402,53,0,typical,9.7
2005-03,Shaughnessy,5481,47,0,below_typical,-14.4
2005-04,Shaughnessy,4028,51,0,above_typical,117.3
2005-05,Shaughnessy,6059,67,0,above_typical,14.1
2005-06,Shaughnessy,4862,63,0,typical,3.9
2005-07,Shaughnessy,4186,49,0,below_typical,-12.3
2005-08,Shaughnessy,2487,29,0,below_typical,-23.4
2005-09,Shaughnessy,2547,30,0,below_typical,-48.8
2005-10,Shaughnessy,3448,34,0,below_typical,-34.8
2005-11,Shaughnessy,4530,45,0,typical,3.0
2005-12,Shaughnessy,3586,40,0,typical,-6.6
2006-01,Shaughnessy,4336,39,0,typical,9.2
2006-02,Shaughnessy,3592,41,0,below_typical,-18.4
2006-03,Shaughnessy,4008,45,0,below_typical,-26.9
2006-04,Shaughnessy,2347,23,0,below_typical,-41.7
2006-05,Shaughnessy,2344,31,0,below_typical,-61.3
2006-06,Shaughnessy,2907,33,0,below_typical,-40.2
2006-07,Shaughnessy,3183,29,0,below_typical,-24.0
2006-08,Shaughnessy,3171,30,0,above_typical,27.5
2006-09,Shaughnessy,1433,18,0,below_typical,-43.7
2006-10,Shaughnessy,2788,31,0,below_typical,-19.1
2006-11,Shaughnessy,1776,21,0,below_typical,-60.8
2006-12,Shaughnessy,2905,27,0,below_typical,-19.0
2007-01,Shaughnessy,3374,32,0,below_typical,-22.2
2007-02,Shaughnessy,2010,22,0,below_typical,-44.0
2007-03,Shaughnessy,1632,18,0,below_typical,-59.3
2007-04,Shaughnessy,1588,27,0,below_typical,-32.3
2007-05,Shaughnessy,3901,32,0,above_typical,66.4
2007-06,Shaughnessy,2642,34,0,typical,-9.1
2007-07,Shaughnessy,3020,43,0,typical,-5.1
2007-08,Shaughnessy,2451,31,0,below_typical,-22.7
2007-09,Shaughnessy,2648,30,0,above_typical,84.8
2007-10,Shaughnessy,4253,37,0,above_typical,52.5
2007-11,Shaughnessy,1717,26,0,typical,-3.3
2007-12,Shaughnessy,3065,35,0,typical,5.5
2008-01,Shaughnessy,1639,18,0,below_typical,-51.4
2008-02,Shaughnessy,1681,23,0,below_typical,-16.4
2008-03,Shaughnessy,2914,33,0,above_typical,78.6
2008-04,Shaughnessy,3241,30,0,above_typical,104.1
2008-05,Shaughnessy,2333,28,0,below_typical,-40.2
2008-06,Shaughnessy,2960,34,0,above_typical,12.0
2008-07,Shaughnessy,1974,24,0,below_typical,-34.6
2008-08,Shaughnessy,1578,19,0,below_typical,-35.6
2008-09,Shaughnessy,2233,21,0,below_typical,-15.7
2008-10,Shaughnessy,3635,35,0,below_typical,-14.5
2008-11,Shaughnessy,1482,27,0,below_typical,-13.7
2008-12,Shaughnessy,2621,24,0,below_typical,-14.5
2009-01,Shaughnessy,476,9,0,below_typical,-71.0
2009-02,Shaughnessy,1228,20,0,below_typical,-26.9
2009-03,Shaughnessy,1335,18,0,below_typical,-54.2
2009-04,Shaughnessy,1347,21,0,below_typical,-58.4
2009-05,Shaughnessy,2756,30,0,above_typical,18.1
2009-06,Shaughnessy,1984,26,0,below_typical,-33.0
2009-07,Shaughnessy,2138,24,0,typical,8.3
2009-08,Shaughnessy,2514,22,0,above_typical,59.3
2009-09,Shaughnessy,1010,15,0,below_typical,-54.8
2009-10,Shaughnessy,2000,23,0,below_typical,-45.0
2009-11,Shaughnessy,2958,24,0,above_typical,99.6
2009-12,Shaughnessy,1374,13,0,below_typical,-47.6
2010-01,Shaughnessy,1854,24,0,above_typical,289.5
2010-02,Shaughnessy,1772,19,0,above_typical,44.3
2010-03,Shaughnessy,1863,20,0,above_typical,39.6
2010-04,Shaughnessy,3067,31,0,above_typical,127.7
2010-05,Shaughnessy,1447,23,0,below_typical,-47.5
2010-06,Shaughnessy,1714,23,0,below_typical,-13.6
2010-07,Shaughnessy,2984,34,0,above_typical,39.6
2010-08,Shaughnessy,2330,23,0,typical,-7.3
2010-09,Shaughnessy,1191,14,0,above_typical,17.9
2010-10,Shaughnessy,1750,22,0,below_typical,-12.5
2010-11,Shaughnessy,3323,30,0,above_typical,12.3
2010-12,Shaughnessy,2006,26,0,above_typical,46.0
2011-01,Shaughnessy,1435,18,0,below_typical,-22.6
2011-02,Shaughnessy,2006,20,0,above_typical,13.2
2011-03,Shaughnessy,2455,27,0,above_typical,31.8
2011-04,Shaughnessy,3321,34,0,typical,8.3
2011-05,Shaughnessy,4479,53,0,above_typical,209.5
2011-06,Shaughnessy,4689,45,0,above_typical,173.6
2011-07,Shaughnessy,2852,39,0,typical,-4.4
2011-08,Shaughnessy,1714,27,0,below_typical,-26.4
2011-09,Shaughnessy,2450,32,0,above_typical,105.7
2011-10,Shaughnessy,2519,31,0,above_typical,43.9
2011-11,Shaughnessy,2230,22,0,below_typical,-32.9
2011-12,Shaughnessy,2269,28,0,above_typical,13.1
2012-01,Shaughnessy,2210,34,0,above_typical,54.0
2012-02,Shaughnessy,3198,36,0,above_typical,59.4
2012-03,Shaughnessy,1822,27,0,below_typical,-25.8
2012-04,Shaughnessy,4136,49,0,above_typical,24.5
2012-05,Shaughnessy,2610,35,0,below_typical,-41.7
2012-06,Shaughnessy,2555,38,0,below_typical,-45.5
2012-07,Shaughnessy,1460,25,0,below_typical,-48.8
2012-08,Shaughnessy,1593,30,0,typical,-7.1
2012-09,Shaughnessy,3814,37,0,above_typical,55.7
2012-10,Shaughnessy,1807,20,0,below_typical,-28.3
2012-11,Shaughnessy,2482,24,0,above_typical,11.3
2012-12,Shaughnessy,2406,31,0,typical,6.0
2013-01,Shaughnessy,2092,26,0,typical,-5.3
2013-02,Shaughnessy,1421,13,0,below_typical,-55.6
2013-03,Shaughnessy,1825,31,0,typical,0.2
2013-04,Shaughnessy,2488,36,0,below_typical,-39.8
2013-05,Shaughnessy,1600,22,0,below_typical,-38.7
2013-06,Shaughnessy,1748,21,0,below_typical,-31.6
2013-07,Shaughnessy,2174,26,0,above_typical,48.9
2013-08,Shaughnessy,1317,25,0,below_typical,-17.3
2013-09,Shaughnessy,1308,14,0,below_typical,-65.7
2013-10,Shaughnessy,1656,31,0,typical,-8.4
2013-11,Shaughnessy,1485,22,0,below_typical,-40.2
2013-12,Shaughnessy,2292,29,0,typical,-4.7
2014-01,Shaughnessy,1501,22,0,below_typical,-28.3
2014-02,Shaughnessy,1572,16,0,above_typical,10.6
2014-03,Shaughnessy,2555,28,0,above_typical,40.0
2014-04,Shaughnessy,3328,35,0,above_typical,33.8
2014-05,Shaughnessy,2134,22,0,above_typical,33.4
2014-06,Shaughnessy,2523,31,0,above_typical,44.3
2014-07,Shaughnessy,4495,44,0,above_typical,106.8
2014-08,Shaughnessy,3290,35,0,above_typical,149.8
2014-09,Shaughnessy,3583,44,0,above_typical,173.9
2014-10,Shaughnessy,3196,31,0,above_typical,93.0
2014-11,Shaughnessy,3813,30,0,above_typical,156.8
2014-12,Shaughnessy,4656,40,0,above_typical,103.1
2015-01,Shaughnessy,4441,34,0,above_typical,195.9
2015-02,Shaughnessy,2853,28,0,above_typical,81.5
2015-03,Shaughnessy,2417,23,0,typical,-5.4
2015-04,Shaughnessy,2687,32,0,below_typical,-19.3
2015-05,Shaughnessy,1831,28,0,below_typical,-14.2
2015-06,Shaughnessy,2545,25,0,typical,0.9
2015-07,Shaughnessy,3955,36,0,below_typical,-12.0
2015-08,Shaughnessy,3839,38,0,above_typical,16.7
2015-09,Shaughnessy,2281,23,0,below_typical,-36.3
2015-10,Shaughnessy,3565,43,0,above_typical,11.5
2015-11,Shaughnessy,4090,43,0,typical,7.3
2015-12,Shaughnessy,5722,51,0,above_typical,22.9
2016-01,Shaughnessy,6110,63,0,above_typical,37.6
2016-02,Shaughnessy,2418,25,0,below_typical,-15.2
2016-03,Shaughnessy,3858,48,0,above_typical,59.6
2016-04,Shaughnessy,2277,26,0,below_typical,-15.3
2016-05,Shaughnessy,2922,30,0,above_typical,59.6
2016-06,Shaughnessy,3541,40,0,above_typical,39.1
2016-07,Shaughnessy,3127,37,0,below_typical,-20.9
2016-08,Shaughnessy,3189,35,0,below_typical,-16.9
2016-09,Shaughnessy,1706,20,0,below_typical,-25.2
2016-10,Shaughnessy,2152,28,0,below_typical,-39.6
2016-11,Shaughnessy,4245,38,0,typical,3.8
2016-12,Shaughnessy,3130,31,0,below_typical,-45.3
2017-01,Shaughnessy,2691,28,0,below_typical,-56.0
2017-02,Shaughnessy,1469,20,0,below_typical,-39.2
2017-03,Shaughnessy,3787,35,0,typical,-1.8
2017-04,Shaughnessy,2593,32,0,above_typical,13.9
2017-05,Shaughnessy,4865,45,0,above_typical,66.5
2017-06,Shaughnessy,6019,61,0,above_typical,70.0
2017-07,Shaughnessy,4168,47,0,above_typical,33.3
2017-08,Shaughnessy,4914,59,0,above_typical,54.1
2017-09,Shaughnessy,2886,32,0,above_typical,69.2
2017-10,Shaughnessy,1952,29,0,typical,-9.3
2017-11,Shaughnessy,3122,28,0,below_typical,-26.5
2017-12,Shaughnessy,2496,29,0,below_typical,-20.3
2018-01,Shaughnessy,3141,44,0,above_typical,16.7
2018-02,Shaughnessy,3104,37,0,above_typical,111.3
2018-03,Shaughnessy,3140,30,0,below_typical,-17.1
2018-04,Shaughnessy,3281,39,0,above_typical,26.5
2018-05,Shaughnessy,4031,44,0,below_typical,-17.1
2018-06,Shaughnessy,5386,52,0,below_typical,-10.5
2018-07,Shaughnessy,3096,29,0,below_typical,-25.7
2018-08,Shaughnessy,2523,31,0,below_typical,-48.7
2018-09,Shaughnessy,2083,30,0,below_typical,-27.8
2018-10,Shaughnessy,2994,36,0,above_typical,53.4
2018-11,Shaughnessy,1787,31,0,below_typical,-42.8
2018-12,Shaughnessy,2693,44,0,typical,7.9
2019-01,Shaughnessy,3063,29,0,typical,-2.5
2019-02,Shaughnessy,2137,25,0,below_typical,-31.2
2019-03,Shaughnessy,1861,24,0,below_typical,-40.7
2019-04,Shaughnessy,1756,23,0,below_typical,-46.5
2019-05,Shaughnessy,3614,34,0,below_typical,-10.3
2019-06,Shaughnessy,1523,20,0,below_typical,-71.7
2019-07,Shaughnessy,2685,36,0,below_typical,-13.3
2019-08,Shaughnessy,2716,30,0,typical,7.6
2019-09,Shaughnessy,2875,36,0,above_typical,38.0
2019-10,Shaughnessy,3873,41,0,above_typical,29.4
2019-11,Shaughnessy,3054,33,0,above_typical,70.9
2019-12,Shaughnessy,2346,29,0,below_typical,-12.9
2020-01,Shaughnessy,4306,42,0,above_typical,40.6
2020-02,Shaughnessy,1820,22,0,below_typical,-14.8
2020-03,Shaughnessy,2534,38,0,above_typical,36.2
2020-04,Shaughnessy,3215,40,0,above_typical,83.1
2020-05,Shaughnessy,2464,27,0,below_typical,-31.8
2020-06,Shaughnessy,2992,26,0,above_typical,96.5
2020-07,Shaughnessy,4083,43,0,above_typical,52.1
2020-08,Shaughnessy,3354,34,0,above_typical,23.5
2020-09,Shaughnessy,3359,42,0,above_typical,16.8
2020-10,Shaughnessy,2366,31,0,below_typical,-38.9
2020-11,Shaughnessy,2824,39,0,typical,-7.5
2020-12,Shaughnessy,3227,30,0,above_typical,37.6
2021-01,Shaughnessy,1972,22,0,below_typical,-54.2
2021-02,Shaughnessy,2040,22,0,above_typical,12.1
2021-03,Shaughnessy,760,13,0,below_typical,-70.0
2021-04,Shaughnessy,2960,34,0,typical,-7.9
2021-05,Shaughnessy,1675,21,0,below_typical,-32.0
2021-06,Shaughnessy,1960,23,0,below_typical,-34.5
2021-07,Shaughnessy,1688,28,0,below_typical,-58.7
2021-08,Shaughnessy,1765,29,0,below_typical,-47.4
2021-09,Shaughnessy,1778,26,0,below_typical,-47.1
2021-10,Shaughnessy,1411,24,0,below_typical,-40.4
2021-11,Shaughnessy,1459,17,0,below_typical,-48.3
2021-12,Shaughnessy,1794,23,0,below_typical,-44.4
2022-01,Shaughnessy,1658,23,0,below_typical,-15.9
2022-02,Shaughnessy,2206,28,0,typical,8.1
2022-03,Shaughnessy,1671,24,0,above_typical,119.9
2022-04,Shaughnessy,2659,37,0,below_typical,-10.2
2022-05,Shaughnessy,2059,22,0,above_typical,22.9
2022-06,Shaughnessy,1596,19,0,below_typical,-18.6
2022-07,Shaughnessy,2681,25,0,above_typical,58.8
2022-08,Shaughnessy,1470,20,0,below_typical,-16.7
2022-09,Shaughnessy,1443,22,0,below_typical,-18.8
2022-10,Shaughnessy,2095,20,0,above_typical,48.5
2022-11,Shaughnessy,854,13,0,below_typical,-41.5
2022-12,Shaughnessy,1689,17,0,typical,-5.9
2023-01,Shaughnessy,1254,14,0,below_typical,-24.4
2023-02,Shaughnessy,1760,20,0,below_typical,-20.2
2023-03,Shaughnessy,1361,16,0,below_typical,-18.6
2023-04,Shaughnessy,1372,19,0,below_typical,-48.4
2023-05,Shaughnessy,1731,23,0,below_typical,-15.9
2023-06,Shaughnessy,858,15,0,below_typical,-46.2
2023-07,Shaughnessy,1112,17,0,below_typical,-58.5
2023-08,Shaughnessy,924,14,0,below_typical,-37.1
2023-09,Shaughnessy,1619,16,0,above_typical,12.2
2023-10,Shaughnessy,965,16,0,below_typical,-53.9
2023-11,Shaughnessy,680,14,0,below_typical,-20.4
2023-12,Shaughnessy,1339,23,0,below_typical,-20.7
2024-01,Shaughnessy,2986,24,0,above_typical,138.1
2024-02,Shaughnessy,1689,22,0,typical,-4.0
2024-03,Shaughnessy,1085,25,0,below_typical,-20.3
2024-04,Shaughnessy,1745,31,0,above_typical,27.2
2024-05,Shaughnessy,1477,19,0,below_typical,-14.7
2024-06,Shaughnessy,931,14,0,typical,8.5
2024-07,Shaughnessy,841,15,0,below_typical,-24.4
2024-08,Shaughnessy,1930,22,0,above_typical,108.9
2024-09,Shaughnessy,1208,18,0,below_typical,-25.4
2024-10,Shaughnessy,2083,21,0,above_typical,115.9
2024-11,Shaughnessy,1832,30,0,above_typical,169.4
2024-12,Shaughnessy,1700,23,0,above_typical,27.0
2025-01,Shaughnessy,1243,13,0,below_typical,-58.4
2025-02,Shaughnessy,1003,10,0,below_typical,-40.6
2025-03,Shaughnessy,1011,13,0,typical,-6.8
2025-04,Shaughnessy,760,9,0,below_typical,-56.4
2025-05,Shaughnessy,1710,21,0,above_typical,15.8
2025-06,Shaughnessy,660,12,0,below_typical,-29.1
2025-07,Shaughnessy,803,12,0,typical,-4.5
2025-08,Shaughnessy,1242,20,0,below_typical,-35.6
2025-09,Shaughnessy,1023,22,0,below_typical,-15.3
2025-10,Shaughnessy,693,16,0,below_typical,-66.7
2025-11,Shaughnessy,428,7,0,below_typical,-76.6
2025-12,Shaughnessy,1084,13,0,below_typical,-36.2
2026-01,Shaughnessy,809,9,0,below_typical,-34.9
2026-02,Shaughnessy,1622,20,0,above_typical,61.7
2026-03,Shaughnessy,1111,15,0,typical,9.9
2026-04,Shaughnessy,704,13,0,typical,-7.4
2026-05,Shaughnessy,1724,26,0,typical,0.8
2026-06,Shaughnessy,1336,20,0,above_typical,102.4
2026-07,Shaughnessy,1290,22,0,above_typical,60.6
2026-08,Shaughnessy,1463,24,0,above_typical,17.8
2026-09,Shaughnessy,552,7,1,,
2003-01,South Cambie,5923,70,0,,
2003-02,South Cambie,3405,41,0,,
2003-03,South Cambie,4128,42,0,,
2003-04,South Cambie,3666,48,0,,
2003-05,South Cambie,5409,70,0,,
2003-06,South Cambie,4504,54,0,,
2003-07,South Cambie,4585,52,0,,
2003-08,South Cambie,6043,67,0,,
2003-09,South Cambie,4390,54,0,,
2003-10,South Cambie,4603,56,0,,
2003-11,South Cambie,3419,55,0,,
2003-12,South Cambie,2244,33,0,,
2004-01,South Cambie,3525,40,0,below_typical,-40.5
2004-02,South Cambie,4002,56,0,above_typical,17.5
2004-03,South Cambie,3583,50,0,below_typical,-13.2
2004-04,South Cambie,2215,29,0,below_typical,-39.6
2004-05,South Cambie,4178,51,0,below_typical,-22.8
2004-06,South Cambie,3691,46,0,below_typical,-18.1
2004-07,South Cambie,3725,47,0,below_typical,-18.8
2004-08,South Cambie,3171,34,0,below_typical,-47.5
2004-09,South Cambie,3382,40,0,below_typical,-23.0
2004-10,South Cambie,4761,56,0,typical,3.4
2004-11,South Cambie,4187,62,0,above_typical,22.5
2004-12,South Cambie,3207,39,0,above_typical,42.9
2005-01,South Cambie,3415,45,0,typical,-3.1
2005-02,South Cambie,3029,43,0,below_typical,-24.3
2005-03,South Cambie,4719,56,0,above_typical,31.7
2005-04,South Cambie,2976,36,0,above_typical,34.4
2005-05,South Cambie,4966,64,0,above_typical,18.9
2005-06,South Cambie,2664,36,0,below_typical,-27.8
2005-07,South Cambie,4107,47,0,above_typical,10.3
2005-08,South Cambie,3407,41,0,typical,7.4
2005-09,South Cambie,3545,46,0,typical,4.8
2005-10,South Cambie,2891,36,0,below_typical,-39.3
2005-11,South Cambie,3054,34,0,below_typical,-27.1
2005-12,South Cambie,3250,41,0,typical,1.3
2006-01,South Cambie,3639,50,0,typical,6.6
2006-02,South Cambie,2477,36,0,below_typical,-18.2
2006-03,South Cambie,2795,42,0,below_typical,-40.8
2006-04,South Cambie,2814,37,0,typical,-5.4
2006-05,South Cambie,3029,37,0,below_typical,-39.0
2006-06,South Cambie,2972,29,0,above_typical,11.6
2006-07,South Cambie,2219,26,0,below_typical,-46.0
2006-08,South Cambie,1783,26,0,below_typical,-47.7
2006-09,South Cambie,3903,44,0,above_typical,10.1
2006-10,South Cambie,1495,26,0,below_typical,-48.3
2006-11,South Cambie,3937,41,0,above_typical,28.9
2006-12,South Cambie,1570,30,0,below_typical,-51.7
2007-01,South Cambie,2325,25,0,below_typical,-36.1
2007-02,South Cambie,3039,26,0,above_typical,22.7
2007-03,South Cambie,2733,29,0,typical,-2.2
2007-04,South Cambie,1537,21,0,below_typical,-45.4
2007-05,South Cambie,2985,46,0,typical,-1.5
2007-06,South Cambie,1959,26,0,below_typical,-34.1
2007-07,South Cambie,2514,27,0,above_typical,13.3
2007-08,South Cambie,3308,37,0,above_typical,85.5
2007-09,South Cambie,2027,25,0,below_typical,-48.1
2007-10,South Cambie,2147,29,0,above_typical,43.6
2007-11,South Cambie,3534,35,0,below_typical,-10.2
2007-12,South Cambie,2115,27,0,above_typical,34.7
2008-01,South Cambie,2367,34,0,typical,1.8
2008-02,South Cambie,1872,26,0,below_typical,-38.4
2008-03,South Cambie,2427,22,0,below_typical,-11.2
2008-04,South Cambie,3303,38,0,above_typical,114.9
2008-05,South Cambie,3207,32,0,typical,7.4
2008-06,South Cambie,2338,22,0,above_typical,19.3
2008-07,South Cambie,2362,25,0,typical,-6.0
2008-08,South Cambie,2835,26,0,below_typical,-14.3
2008-09,South Cambie,863,19,0,below_typical,-57.4
2008-10,South Cambie,1822,27,0,below_typical,-15.1
2008-11,South Cambie,3694,43,0,typical,4.5
2008-12,South Cambie,1467,20,0,below_typical,-30.6
2009-01,South Cambie,2635,27,0,above_typical,11.3
2009-02,South Cambie,1996,26,0,typical,6.6
2009-03,South Cambie,4421,47,0,above_typical,82.2
2009-04,South Cambie,1697,24,0,below_typical,-48.6
2009-05,South Cambie,4026,40,0,above_typical,25.5
2009-06,South Cambie,2261,35,0,typical,-3.3
2009-07,South Cambie,1907,31,0,below_typical,-19.3
2009-08,South Cambie,1643,25,0,below_typical,-42.0
2009-09,South Cambie,3628,44,0,above_typical,320.4
2009-10,South Cambie,3000,33,0,above_typical,64.7
2009-11,South Cambie,2313,20,0,below_typical,-37.4
2009-12,South Cambie,2442,29,0,above_typical,66.5
2010-01,South Cambie,2898,36,0,typical,10.0
2010-02,South Cambie,1246,21,0,below_typical,-37.6
2010-03,South Cambie,2766,38,0,below_typical,-37.4
2010-04,South Cambie,1715,26,0,typical,1.1
2010-05,South Cambie,3014,34,0,below_typical,-25.1
2010-06,South Cambie,2307,33,0,typical,2.0
2010-07,South Cambie,728,16,0,below_typical,-61.8
2010-08,South Cambie,1455,26,0,below_typical,-11.4
2010-09,South Cambie,1948,29,0,below_typical,-46.3
2010-10,South Cambie,2650,45,0,below_typical,-11.7
2010-11,South Cambie,1070,21,0,below_typical,-53.7
2010-12,South Cambie,1402,18,0,below_typical,-42.6
2011-01,South Cambie,1700,23,0,below_typical,-41.3
2011-02,South Cambie,2450,32,0,above_typical,96.6
2011-03,South Cambie,1490,21,0,below_typical,-46.1
2011-04,South Cambie,1558,26,0,typical,-9.2
2011-05,South Cambie,1065,17,0,below_typical,-64.7
2011-06,South Cambie,2201,34,0,typical,-4.6
2011-07,South Cambie,2093,29,0,above_typical,187.5
2011-08,South Cambie,1757,35,0,above_typical,20.8
2011-09,South Cambie,1375,26,0,below_typical,-29.4
2011-10,South Cambie,1469,20,0,below_typical,-44.6
2011-11,South Cambie,2277,32,0,above_typical,112.8
2011-12,South Cambie,2789,34,0,above_typical,98.9
2012-01,South Cambie,3317,33,0,above_typical,95.1
2012-02,South Cambie,1927,23,0,below_typical,-21.3
2012-03,South Cambie,1098,17,0,below_typical,-26.3
2012-04,South Cambie,3238,36,0,above_typical,107.8
2012-05,South Cambie,1465,19,0,above_typical,37.6
2012-06,South Cambie,1910,30,0,below_typical,-13.2
2012-07,South Cambie,1594,24,0,below_typical,-23.8
2012-08,South Cambie,2551,32,0,above_typical,45.2
2012-09,South Cambie,1459,27,0,typical,6.1
2012-10,South Cambie,2728,39,0,above_typical,85.7
2012-11,South Cambie,3047,34,0,above_typical,33.8
2012-12,South Cambie,2852,39,0,typical,2.3
2013-01,South Cambie,2061,22,0,below_typical,-37.9
2013-02,South Cambie,1170,23,0,below_typical,-39.3
2013-03,South Cambie,2033,32,0,above_typical,85.2
2013-04,South Cambie,1713,29,0,below_typical,-47.1
2013-05,South Cambie,1474,25,0,typical,0.6
2013-06,South Cambie,1636,29,0,below_typical,-14.3
2013-07,South Cambie,1527,26,0,typical,-4.2
2013-08,South Cambie,1211,16,0,below_typical,-52.5
2013-09,South Cambie,2137,30,0,above_typical,46.5
2013-10,South Cambie,1105,17,0,below_typical,-59.5
2013-11,South Cambie,3511,43,0,above_typical,15.2
2013-12,South Cambie,2113,32,0,below_typical,-25.9
2014-01,South Cambie,2741,45,0,above_typical,33.0
2014-02,South Cambie,2659,36,0,above_typical,127.3
2014-03,South Cambie,3239,38,0,above_typical,59.3
2014-04,South Cambie,1623,31,0,typical,-5.3
2014-05,South Cambie,2457,42,0,above_typical,66.7
2014-06,South Cambie,2989,37,0,above_typical,82.7
2014-07,South Cambie,3379,49,0,above_typical,121.3
2014-08,South Cambie,2751,44,0,above_typical,127.2
2014-09,South Cambie,2795,45,0,above_typical,30.8
2014-10,South Cambie,2734,50,0,above_typical,147.4
2014-11,South Cambie,2678,35,0,below_typical,-23.7
2014-12,South Cambie,2626,27,0,above_typical,24.3
2015-01,South Cambie,2724,37,0,typical,-0.6
2015-02,South Cambie,1904,37,0,below_typical,-28.4
2015-03,South Cambie,2666,32,0,below_typical,-17.7
2015-04,South Cambie,1760,34,0,typical,8.4
2015-05,South Cambie,2868,40,0,above_typical,16.7
2015-06,South Cambie,2753,30,0,typical,-7.9
2015-07,South Cambie,2728,43,0,below_typical,-19.3
2015-08,South Cambie,3613,45,0,above_typical,31.3
2015-09,South Cambie,2259,35,0,below_typical,-19.2
2015-10,South Cambie,2398,43,0,below_typical,-12.3
2015-11,South Cambie,3273,41,0,above_typical,22.2
2015-12,South Cambie,4170,52,0,above_typical,58.8
2016-01,South Cambie,2686,38,0,typical,-1.4
2016-02,South Cambie,2215,38,0,above_typical,16.3
2016-03,South Cambie,1774,34,0,below_typical,-33.5
2016-04,South Cambie,1649,31,0,typical,-6.3
2016-05,South Cambie,2340,36,0,below_typical,-18.4
2016-06,South Cambie,2565,36,0,typical,-6.8
2016-07,South Cambie,3714,46,0,above_typical,36.1
2016-08,South Cambie,2883,42,0,below_typical,-20.2
2016-09,South Cambie,2807,40,0,above_typical,24.3
2016-10,South Cambie,2620,34,0,typical,9.3
2016-11,South Cambie,2345,26,0,below_typical,-28.4
2016-12,South Cambie,1505,19,0,below_typical,-63.9
2017-01,South Cambie,1452,17,0,below_typical,-45.9
2017-02,South Cambie,2349,28,0,typical,6.0
2017-03,South Cambie,2530,31,0,above_typical,42.6
2017-04,South Cambie,2395,29,0,above_typical,45.2
2017-05,South Cambie,2838,39,0,above_typical,21.3
2017-06,South Cambie,2389,41,0,typical,-6.9
2017-07,South Cambie,2444,40,0,below_typical,-34.2
2017-08,South Cambie,1878,28,0,below_typical,-34.9
2017-09,South Cambie,2948,35,0,typical,5.0
2017-10,South Cambie,2552,39,0,typical,-2.6
2017-11,South Cambie,1718,25,0,below_typical,-26.7
2017-12,South Cambie,1992,29,0,above_typical,32.4
2018-01,South Cambie,1656,21,0,above_typical,14.0
2018-02,South Cambie,2517,39,0,typical,7.2
2018-03,South Cambie,1401,25,0,below_typical,-44.6
2018-04,South Cambie,1873,33,0,below_typical,-21.8
2018-05,South Cambie,2250,29,0,below_typical,-20.7
2018-06,South Cambie,2479,30,0,typical,3.8
2018-07,South Cambie,1783,30,0,below_typical,-27.0
2018-08,South Cambie,1443,21,0,below_typical,-23.2
2018-09,South Cambie,2358,34,0,below_typical,-20.0
2018-10,South Cambie,1972,27,0,below_typical,-22.7
2018-11,South Cambie,1869,31,0,typical,8.8
2018-12,South Cambie,1417,26,0,below_typical,-28.9
2019-01,South Cambie,2010,35,0,above_typical,21.4
2019-02,South Cambie,1984,36,0,below_typical,-21.2
2019-03,South Cambie,2458,39,0,above_typical,75.4
2019-04,South Cambie,1408,25,0,below_typical,-24.8
2019-05,South Cambie,2043,35,0,typical,-9.2
2019-06,South Cambie,2390,35,0,typical,-3.6
2019-07,South Cambie,2724,43,0,above_typical,52.8
2019-08,South Cambie,2909,51,0,above_typical,101.6
2019-09,South Cambie,2858,43,0,above_typical,21.2
2019-10,South Cambie,4473,64,0,above_typical,126.8
2019-11,South Cambie,3073,43,0,above_typical,64.4
2019-12,South Cambie,3235,37,0,above_typical,128.3
2020-01,South Cambie,2040,38,0,typical,1.5
2020-02,South Cambie,2639,29,0,above_typical,33.0
2020-03,South Cambie,4333,64,0,above_typical,76.3
2020-04,South Cambie,3608,46,0,above_typical,156.2
2020-05,South Cambie,2277,36,0,above_typical,11.5
2020-06,South Cambie,1655,29,0,below_typical,-30.8
2020-07,South Cambie,2175,35,0,below_typical,-20.2
2020-08,South Cambie,2740,43,0,typical,-5.8
2020-09,South Cambie,2023,33,0,below_typical,-29.2
2020-10,South Cambie,2158,35,0,below_typical,-51.8
2020-11,South Cambie,2646,54,0,below_typical,-13.9
2020-12,South Cambie,3900,48,0,above_typical,20.6
2021-01,South Cambie,1931,26,0,typical,-5.3
2021-02,South Cambie,2549,31,0,typical,-3.4
2021-03,South Cambie,1707,32,0,below_typical,-60.6
2021-04,South Cambie,1429,30,0,below_typical,-60.4
2021-05,South Cambie,2726,38,0,above_typical,19.7
2021-06,South Cambie,1784,23,0,typical,7.8
2021-07,South Cambie,1303,20,0,below_typical,-40.1
2021-08,South Cambie,2803,43,0,typical,2.3
2021-09,South Cambie,2104,37,0,typical,4.0
2021-10,South Cambie,1391,27,0,below_typical,-35.5
2021-11,South Cambie,1705,27,0,below_typical,-35.6
2021-12,South Cambie,1973,20,0,below_typical,-49.4
2022-01,South Cambie,1290,18,0,below_typical,-33.2
2022-02,South Cambie,2213,28,0,below_typical,-13.2
2022-03,South Cambie,3892,40,0,above_typical,128.0
2022-04,South Cambie,3589,52,0,above_typical,151.2
2022-05,South Cambie,2550,44,0,typical,-6.5
2022-06,South Cambie,2563,36,0,above_typical,43.7
2022-07,South Cambie,2081,29,0,above_typical,59.7
2022-08,South Cambie,1605,30,0,below_typical,-42.7
2022-09,South Cambie,1647,35,0,below_typical,-21.7
2022-10,South Cambie,1647,21,0,above_typical,18.4
2022-11,South Cambie,1042,21,0,below_typical,-38.9
2022-12,South Cambie,1778,16,0,typical,-9.9
2023-01,South Cambie,1721,28,0,above_typical,33.4
2023-02,South Cambie,948,17,0,below_typical,-57.2
2023-03,South Cambie,2973,37,0,below_typical,-23.6
2023-04,South Cambie,3158,36,0,below_typical,-12.0
2023-05,South Cambie,1875,29,0,below_typical,-26.5
2023-06,South Cambie,1502,20,0,below_typical,-41.4
2023-07,South Cambie,906,22,0,below_typical,-56.5
2023-08,South Cambie,1924,39,0,above_typical,19.9
2023-09,South Cambie,1012,20,0,below_typical,-38.6
2023-10,South Cambie,823,23,0,below_typical,-50.0
2023-11,South Cambie,1341,24,0,above_typical,28.7
2023-12,South Cambie,1019,20,0,below_typical,-42.7
2024-01,South Cambie,1767,24,0,typical,2.7
2024-02,South Cambie,1932,28,0,above_typical,103.8
2024-03,South Cambie,1863,34,0,below_typical,-37.3
2024-04,South Cambie,1024,15,0,below_typical,-67.6
2024-05,South Cambie,1512,28,0,below_typical,-19.4
2024-06,South Cambie,1776,30,0,above_typical,18.2
2024-07,South Cambie,1297,27,0,above_typical,43.2
2024-08,South Cambie,1313,23,0,below_typical,-31.8
2024-09,South Cambie,1766,31,0,above_typical,74.5
2024-10,South Cambie,1093,22,0,above_typical,32.8
2024-11,South Cambie,1583,22,0,above_typical,18.0
2024-12,South Cambie,1913,23,0,above_typical,87.7
2025-01,South Cambie,968,15,0,below_typical,-45.2
2025-02,South Cambie,1629,29,0,below_typical,-15.7
2025-03,South Cambie,1784,33,0,typical,-4.2
2025-04,South Cambie,2063,37,0,above_typical,101.5
2025-05,South Cambie,1485,26,0,typical,-1.8
2025-06,South Cambie,1436,21,0,below_typical,-19.1
2025-07,South Cambie,868,18,0,below_typical,-33.1
2025-08,South Cambie,1559,38,0,above_typical,18.7
2025-09,South Cambie,1488,29,0,below_typical,-15.7
2025-10,South Cambie,1657,25,0,above_typical,51.6
2025-11,South Cambie,1399,21,0,below_typical,-11.6
2025-12,South Cambie,1099,20,0,below_typical,-42.6
2026-01,South Cambie,1649,31,0,above_typical,70.4
2026-02,South Cambie,1456,23,0,below_typical,-10.6
2026-03,South Cambie,1558,25,0,below_typical,-12.7
2026-04,South Cambie,1625,27,0,below_typical,-21.2
2026-05,South Cambie,1426,27,0,typical,-4.0
2026-06,South Cambie,1838,28,0,above_typical,28.0
2026-07,South Cambie,1261,25,0,above_typical,45.3
2026-08,South Cambie,1491,37,0,typical,-4.4
2026-09,South Cambie,1396,21,1,,
2003-01,Stanley Park,430,12,0,,
2003-02,Stanley Park,911,25,0,,
2003-03,Stanley Park,910,23,0,,
2003-04,Stanley Park,1283,32,0,,
2003-05,Stanley Park,1851,45,0,,
2003-06,Stanley Park,2066,50,0,,
2003-07,Stanley Park,3834,96,0,,
2003-08,Stanley Park,3378,89,0,,
2003-09,Stanley Park,2538,67,0,,
2003-10,Stanley Park,1791,39,0,,
2003-11,Stanley Park,528,13,0,,
2003-12,Stanley Park,370,10,0,,
2004-01,Stanley Park,802,19,0,above_typical,86.5
2004-02,Stanley Park,920,21,0,typical,1.0
2004-03,Stanley Park,753,18,0,below_typical,-17.3
2004-04,Stanley Park,1743,36,0,above_typical,35.9
2004-05,Stanley Park,2156,53,0,above_typical,16.5
2004-06,Stanley Park,2181,45,0,typical,5.6
2004-07,Stanley Park,3125,71,0,below_typical,-18.5
2004-08,Stanley Park,2329,58,0,below_typical,-31.1
2004-09,Stanley Park,1979,46,0,below_typical,-22.0
2004-10,Stanley Park,3473,39,0,above_typical,93.9
2004-11,Stanley Park,1662,38,0,above_typical,214.8
2004-12,Stanley Park,595,15,0,above_typical,60.8
2005-01,Stanley Park,470,12,0,below_typical,-41.4
2005-02,Stanley Park,1038,25,0,above_typical,12.8
2005-03,Stanley Park,1311,32,0,above_typical,74.1
2005-04,Stanley Park,1331,34,0,below_typical,-23.6
2005-05,Stanley Park,1180,31,0,below_typical,-45.3
2005-06,Stanley Park,1732,47,0,below_typical,-20.6
2005-07,Stanley Park,1993,51,0,below_typical,-36.2
2005-08,Stanley Park,4125,95,0,above_typical,77.1
2005-09,Stanley Park,2176,50,0,typical,10.0
2005-10,Stanley Park,1062,28,0,below_typical,-69.4
2005-11,Stanley Park,450,10,0,below_typical,-72.9
2005-12,Stanley Park,712,16,0,above_typical,19.7
2006-01,Stanley Park,1109,28,0,above_typical,136.0
2006-02,Stanley Park,1029,28,0,typical,-0.9
2006-03,Stanley Park,1597,41,0,above_typical,21.8
2006-04,Stanley Park,1793,43,0,above_typical,34.7
2006-05,Stanley Park,1713,43,0,above_typical,45.2
2006-06,Stanley Park,1972,46,0,above_typical,13.9
2006-07,Stanley Park,2206,48,0,above_typical,10.7
2006-08,Stanley Park,1706,39,0,below_typical,-58.6
2006-09,Stanley Park,1294,33,0,below_typical,-40.5
2006-10,Stanley Park,1563,30,0,above_typical,47.2
2006-11,Stanley Park,372,7,0,below_typical,-17.3
2006-12,Stanley Park,909,16,0,above_typical,27.7
2007-01,Stanley Park,1010,20,0,typical,-8.9
2007-02,Stanley Park,631,13,0,below_typical,-38.7
2007-03,Stanley Park,524,12,0,below_typical,-67.2
2007-04,Stanley Park,702,17,0,below_typical,-60.8
2007-05,Stanley Park,810,21,0,below_typical,-52.7
2007-06,Stanley Park,883,20,0,below_typical,-55.2
2007-07,Stanley Park,1190,30,0,below_typical,-46.1
2007-08,Stanley Park,1764,45,0,typical,3.4
2007-09,Stanley Park,1526,38,0,above_typical,17.9
2007-10,Stanley Park,1189,27,0,below_typical,-23.9
2007-11,Stanley Park,595,15,0,above_typical,59.9
2007-12,Stanley Park,846,19,0,typical,-6.9
2008-01,Stanley Park,1003,20,0,typical,-0.7
2008-02,Stanley Park,728,17,0,above_typical,15.4
2008-03,Stanley Park,1066,29,0,above_typical,103.4
2008-04,Stanley Park,1072,27,0,above_typical,52.7
2008-05,Stanley Park,1702,37,0,above_typical,110.1
2008-06,Stanley Park,1818,41,0,above_typical,105.9
2008-07,Stanley Park,1638,34,0,above_typical,37.6
2008-08,Stanley Park,1069,28,0,below_typical,-39.4
2008-09,Stanley Park,2033,41,0,above_typical,33.2
2008-10,Stanley Park,888,15,0,below_typical,-25.3
2008-11,Stanley Park,1429,26,0,above_typical,140.2
2008-12,Stanley Park,601,13,0,below_typical,-29.0
2009-01,Stanley Park,1043,19,0,typical,4.0
2009-02,Stanley Park,662,17,0,typical,-9.1
2009-03,Stanley Park,1002,26,0,typical,-6.0
2009-04,Stanley Park,1108,26,0,typical,3.4
2009-05,Stanley Park,1065,27,0,below_typical,-37.4
2009-06,Stanley Park,1664,43,0,typical,-8.5
2009-07,Stanley Park,2357,55,0,above_typical,43.9
2009-08,Stanley Park,1559,38,0,above_typical,45.8
2009-09,Stanley Park,1069,19,0,below_typical,-47.4
2009-10,Stanley Park,684,15,0,below_typical,-23.0
2009-11,Stanley Park,557,11,0,below_typical,-61.0
2009-12,Stanley Park,333,9,0,below_typical,-44.6
2010-01,Stanley Park,934,22,0,below_typical,-10.5
2010-02,Stanley Park,669,17,0,typical,1.1
2010-03,Stanley Park,363,10,0,below_typical,-63.8
2010-04,Stanley Park,598,14,0,below_typical,-46.0
2010-05,Stanley Park,880,22,0,below_typical,-17.4
2010-06,Stanley Park,1604,36,0,typical,-3.6
2010-07,Stanley Park,1142,28,0,below_typical,-51.5
2010-08,Stanley Park,1565,35,0,typical,0.4
2010-09,Stanley Park,840,22,0,below_typical,-21.4
2010-10,Stanley Park,483,10,0,below_typical,-29.4
2010-11,Stanley Park,299,7,0,below_typical,-46.3
2010-12,Stanley Park,222,6,0,below_typical,-33.3
2011-01,Stanley Park,450,10,0,below_typical,-51.8
2011-02,Stanley Park,148,4,0,below_typical,-77.9
2011-03,Stanley Park,299,7,0,below_typical,-17.6
2011-04,Stanley Park,289,8,0,below_typical,-51.7
2011-05,Stanley Park,622,17,0,below_typical,-29.3
2011-06,Stanley Park,518,14,0,below_typical,-67.7
2011-07,Stanley Park,1216,29,0,typical,6.5
2011-08,Stanley Park,2305,60,0,above_typical,47.3
2011-09,Stanley Park,1577,34,0,above_typical,87.7
2011-10,Stanley Park,591,14,0,above_typical,22.4
2011-11,Stanley Park,439,8,0,above_typical,46.8
2011-12,Stanley Park,436,10,0,above_typical,96.4
2012-01,Stanley Park,630,11,0,above_typical,40.0
2012-02,Stanley Park,597,11,0,above_typical,303.4
2012-03,Stanley Park,474,13,0,above_typical,58.5
2012-04,Stanley Park,413,9,0,above_typical,42.9
2012-05,Stanley Park,522,7,0,below_typical,-16.1
2012-06,Stanley Park,1288,26,0,above_typical,148.6
2012-07,Stanley Park,2173,52,0,above_typical,78.7
2012-08,Stanley Park,1294,33,0,below_typical,-43.9
2012-09,Stanley Park,772,18,0,below_typical,-51.0
2012-10,Stanley Park,447,11,0,below_typical,-24.4
2012-11,Stanley Park,655,17,0,above_typical,49.2
2012-12,Stanley Park,847,22,0,above_typical,94.3
2013-01,Stanley Park,881,15,0,above_typical,39.8
2013-02,Stanley Park,1036,28,0,above_typical,73.5
2013-03,Stanley Park,1378,15,0,above_typical,190.7
2013-04,Stanley Park,1602,17,0,above_typical,287.9
2013-05,Stanley Park,953,21,0,above_typical,82.6
2013-06,Stanley Park,1253,30,0,typical,-2.7
2013-07,Stanley Park,2332,57,0,typical,7.3
2013-08,Stanley Park,1079,27,0,below_typical,-16.6
2013-09,Stanley Park,819,17,0,typical,6.1
2013-10,Stanley Park,1439,38,0,above_typical,221.9
2013-11,Stanley Park,1183,30,0,above_typical,80.6
2013-12,Stanley Park,511,14,0,below_typical,-39.7
2014-01,Stanley Park,928,15,0,typical,5.3
2014-02,Stanley Park,1308,14,0,above_typical,26.3
2014-03,Stanley Park,1560,31,0,above_typical,13.2
2014-04,Stanley Park,738,16,0,below_typical,-53.9
2014-05,Stanley Park,860,20,0,typical,-9.8
2014-06,Stanley Park,1655,38,0,above_typical,32.1
2014-07,Stanley Park,1974,42,0,below_typical,-15.4
2014-08,Stanley Park,1313,28,0,above_typical,21.7
2014-09,Stanley Park,641,12,0,below_typical,-21.7
2014-10,Stanley Park,514,13,0,below_typical,-64.3
2014-11,Stanley Park,408,5,0,below_typical,-65.5
2014-12,Stanley Park,111,3,0,below_typical,-78.3
2015-01,Stanley Park,707,11,0,below_typical,-23.8
2015-02,Stanley Park,487,11,0,below_typical,-62.8
2015-03,Stanley Park,887,12,0,below_typical,-43.1
2015-04,Stanley Park,990,22,0,above_typical,34.1
2015-05,Stanley Park,803,21,0,typical,-6.6
2015-06,Stanley Park,800,22,0,below_typical,-51.7
2015-07,Stanley Park,1996,40,0,typical,1.1
2015-08,Stanley Park,1840,43,0,above_typical,40.1
2015-09,Stanley Park,995,26,0,above_typical,55.2
2015-10,Stanley Park,672,16,0,above_typical,30.7
2015-11,Stanley Park,1183,20,0,above_typical,190.0
2015-12,Stanley Park,486,8,0,above_typical,337.8
2016-01,Stanley Park,661,15,0,typical,-6.5
2016-02,Stanley Park,991,16,0,above_typical,103.5
2016-03,Stanley Park,1229,17,0,above_typical,38.6
2016-04,Stanley Park,890,20,0,below_typical,-10.1
2016-05,Stanley Park,818,14,0,typical,1.9
2016-06,Stanley Park,615,17,0,below_typical,-23.1
2016-07,Stanley Park,967,21,0,below_typical,-51.6
2016-08,Stanley Park,914,24,0,below_typical,-50.3
2016-09,Stanley Park,393,11,0,below_typical,-60.5
2016-10,Stanley Park,445,6,0,below_typical,-33.8
2016-11,Stanley Park,429,10,0,below_typical,-63.7
2016-12,Stanley Park,526,8,0,typical,8.2
2017-01,Stanley Park,450,10,0,below_typical,-31.9
2017-02,Stanley Park,111,3,0,below_typical,-88.8
2017-03,Stanley Park,393,11,0,below_typical,-68.0
2017-04,Stanley Park,617,13,0,below_typical,-30.7
2017-05,Stanley Park,407,11,0,below_typical,-50.2
2017-06,Stanley Park,1363,31,0,above_typical,121.6
2017-07,Stanley Park,1485,35,0,above_typical,53.6
2017-08,Stanley Park,1777,33,0,above_typical,94.4
2017-09,Stanley Park,922,17,0,above_typical,134.6
2017-10,Stanley Park,400,11,0,below_typical,-10.1
2017-11,Stanley Park,336,8,0,below_typical,-21.7
2017-12,Stanley Park,148,4,0,below_typical,-71.9
2018-01,Stanley Park,522,6,0,above_typical,16.0
2018-02,Stanley Park,631,13,0,above_typical,468.5
2018-03,Stanley Park,111,3,0,below_typical,-71.8
2018-04,Stanley Park,482,7,0,below_typical,-21.9
2018-05,Stanley Park,1038,15,0,above_typical,155.0
2018-06,Stanley Park,329,8,0,below_typical,-75.9
2018-07,Stanley Park,699,18,0,below_typical,-52.9
2018-08,Stanley Park,1398,32,0,below_typical,-21.3
2018-09,Stanley Park,1052,25,0,above_typical,14.1
2018-10,Stanley Park,1031,25,0,above_typical,157.8
2018-11,Stanley Park,585,16,0,above_typical,74.1
2018-12,Stanley Park,960,21,0,above_typical,548.6
2019-01,Stanley Park,707,12,0,above_typical,35.4
2019-02,Stanley Park,935,15,0,above_typical,48.2
2019-03,Stanley Park,699,18,0,above_typical,529.7
2019-04,Stanley Park,736,19,0,above_typical,52.7
2019-05,Stanley Park,1685,39,0,above_typical,62.3
2019-06,Stanley Park,813,20,0,above_typical,147.1
2019-07,Stanley Park,1488,25,0,above_typical,112.9
2019-08,Stanley Park,1312,30,0,typical,-6.2
2019-09,Stanley Park,661,14,0,below_typical,-37.2
2019-10,Stanley Park,730,12,0,below_typical,-29.2
2019-11,Stanley Park,588,15,0,typical,0.5
2019-12,Stanley Park,674,12,0,below_typical,-29.8
2020-01,Stanley Park,585,16,0,below_typical,-17.3
2020-02,Stanley Park,814,13,0,below_typical,-12.9
2020-03,Stanley Park,302,6,0,below_typical,-56.8
2020-04,Stanley Park,74,2,0,below_typical,-89.9
2020-05,Stanley Park,30,1,0,below_typical,-98.2
2020-06,Stanley Park,461,7,0,below_typical,-43.3
2020-07,Stanley Park,188,4,0,below_typical,-87.4
2020-08,Stanley Park,335,5,0,below_typical,-74.5
2020-09,Stanley Park,766,12,0,insufficient_data,
2020-10,Stanley Park,398,6,0,insufficient_data,
2020-11,Stanley Park,478,5,0,insufficient_data,
2020-12,Stanley Park,191,3,0,insufficient_data,
2021-01,Stanley Park,224,2,0,insufficient_data,
2021-02,Stanley Park,74,2,0,insufficient_data,
2021-03,Stanley Park,74,2,0,insufficient_data,
2021-04,Stanley Park,324,4,0,insufficient_data,
2021-05,Stanley Park,515,6,0,insufficient_data,
2021-06,Stanley Park,668,14,0,insufficient_data,
2021-07,Stanley Park,1021,26,0,insufficient_data,
2021-08,Stanley Park,634,12,0,insufficient_data,
2021-09,Stanley Park,465,8,0,insufficient_data,
2021-10,Stanley Park,296,8,0,insufficient_data,
2021-11,Stanley Park,185,5,0,insufficient_data,
2021-12,Stanley Park,893,19,0,insufficient_data,
2022-01,Stanley Park,294,3,0,insufficient_data,
2022-02,Stanley Park,181,4,0,insufficient_data,
2022-03,Stanley Park,174,4,0,insufficient_data,
2022-04,Stanley Park,523,9,0,insufficient_data,
2022-05,Stanley Park,151,3,0,insufficient_data,
2022-06,Stanley Park,319,9,0,insufficient_data,
2022-07,Stanley Park,560,11,0,insufficient_data,
2022-08,Stanley Park,178,5,0,insufficient_data,
2022-09,Stanley Park,258,5,0,insufficient_data,
2022-10,Stanley Park,245,7,0,insufficient_data,
2022-11,Stanley Park,292,7,0,insufficient_data,
2022-12,Stanley Park,412,6,0,insufficient_data,
2023-01,Stanley Park,258,5,0,insufficient_data,
2023-02,Stanley Park,74,2,0,insufficient_data,
2023-03,Stanley Park,178,5,0,insufficient_data,
2023-04,Stanley Park,412,6,0,insufficient_data,
2023-05,Stanley Park,1215,28,0,insufficient_data,
2023-06,Stanley Park,983,23,0,insufficient_data,
2023-07,Stanley Park,909,21,0,insufficient_data,
2023-08,Stanley Park,1031,29,0,above_typical,479.2
2023-09,Stanley Park,1043,20,0,above_typical,304.3
2023-10,Stanley Park,326,9,0,above_typical,33.1
2023-11,Stanley Park,134,4,0,below_typical,-54.1
2023-12,Stanley Park,295,6,0,below_typical,-28.4
2024-01,Stanley Park,254,3,0,typical,-1.6
2024-02,Stanley Park,97,3,0,above_typical,31.1
2024-03,Stanley Park,422,10,0,above_typical,137.1
2024-04,Stanley Park,530,10,0,above_typical,28.6
2024-05,Stanley Park,975,15,0,below_typical,-19.8
2024-06,Stanley Park,1216,30,0,above_typical,23.7
2024-07,Stanley Park,1168,28,0,above_typical,28.5
2024-08,Stanley Park,895,15,0,below_typical,-13.2
2024-09,Stanley Park,745,15,0,below_typical,-28.6
2024-10,Stanley Park,1238,18,0,above_typical,279.8
2024-11,Stanley Park,30,1,0,below_typical,-77.6
2024-12,Stanley Park,488,4,0,above_typical,65.4
2025-01,Stanley Park,767,14,0,above_typical,202.0
2025-02,Stanley Park,395,7,0,above_typical,307.2
2025-03,Stanley Park,67,2,0,below_typical,-84.1
2025-04,Stanley Park,442,7,0,below_typical,-16.6
2025-05,Stanley Park,735,17,0,below_typical,-24.6
2025-06,Stanley Park,1197,21,0,typical,-1.6
2025-07,Stanley Park,706,18,0,below_typical,-39.6
2025-08,Stanley Park,892,17,0,typical,-0.3
2025-09,Stanley Park,474,13,0,below_typical,-36.4
2025-10,Stanley Park,680,14,0,below_typical,-45.1
2025-11,Stanley Park,583,11,0,above_typical,1843.3
2025-12,Stanley Park,714,12,0,above_typical,46.3
2026-01,Stanley Park,328,5,0,below_typical,-57.2
2026-02,Stanley Park,515,6,0,above_typical,30.4
2026-03,Stanley Park,74,2,0,above_typical,10.4
2026-04,Stanley Park,329,8,0,below_typical,-25.6
2026-05,Stanley Park,440,11,0,below_typical,-40.1
2026-06,Stanley Park,894,22,0,below_typical,-25.3
2026-07,Stanley Park,1260,31,0,above_typical,78.5
2026-08,Stanley Park,985,27,0,above_typical,10.4
2026-09,Stanley Park,410,10,1,,
2003-01,Strathcona,17885,262,0,,
2003-02,Strathcona,14072,221,0,,
2003-03,Strathcona,17892,260,0,,
2003-04,Strathcona,18074,280,0,,
2003-05,Strathcona,20615,315,0,,
2003-06,Strathcona,15666,295,0,,
2003-07,Strathcona,16715,293,0,,
2003-08,Strathcona,16594,312,0,,
2003-09,Strathcona,19313,339,0,,
2003-10,Strathcona,20716,323,0,,
2003-11,Strathcona,17296,294,0,,
2003-12,Strathcona,14150,247,0,,
2004-01,Strathcona,13784,250,0,below_typical,-22.9
2004-02,Strathcona,12666,216,0,typical,-10.0
2004-03,Strathcona,17294,277,0,typical,-3.3
2004-04,Strathcona,17818,282,0,typical,-1.4
2004-05,Strathcona,17073,257,0,below_typical,-17.2
2004-06,Strathcona,18634,287,0,above_typical,18.9
2004-07,Strathcona,17739,296,0,typical,6.1
2004-08,Strathcona,23297,334,0,above_typical,40.4
2004-09,Strathcona,24280,333,0,above_typical,25.7
2004-10,Strathcona,16745,272,0,below_typical,-19.2
2004-11,Strathcona,16176,254,0,typical,-6.5
2004-12,Strathcona,15586,259,0,above_typical,10.1
2005-01,Strathcona,15148,268,0,typical,9.9
2005-02,Strathcona,12848,247,0,typical,1.4
2005-03,Strathcona,12260,215,0,below_typical,-29.1
2005-04,Strathcona,14685,286,0,below_typical,-17.6
2005-05,Strathcona,18394,302,0,typical,7.7
2005-06,Strathcona,18734,287,0,typical,0.5
2005-07,Strathcona,18242,297,0,typical,2.8
2005-08,Strathcona,17810,315,0,below_typical,-23.6
2005-09,Strathcona,18080,298,0,below_typical,-25.5
2005-10,Strathcona,13782,221,0,below_typical,-17.7
2005-11,Strathcona,16543,246,0,typical,2.3
2005-12,Strathcona,15178,240,0,typical,-2.6
2006-01,Strathcona,11844,191,0,below_typical,-21.8
2006-02,Strathcona,11734,188,0,typical,-8.7
2006-03,Strathcona,14250,228,0,above_typical,16.2
2006-04,Strathcona,12637,216,0,below_typical,-13.9
2006-05,Strathcona,18033,283,0,typical,-2.0
2006-06,Strathcona,15418,241,0,below_typical,-17.7
2006-07,Strathcona,15373,254,0,below_typical,-15.7
2006-08,Strathcona,17652,280,0,typical,-0.9
2006-09,Strathcona,16895,234,0,typical,-6.6
2006-10,Strathcona,14318,200,0,typical,3.9
2006-11,Strathcona,14081,195,0,below_typical,-14.9
2006-12,Strathcona,14251,194,0,typical,-6.1
2007-01,Strathcona,10707,184,0,typical,-9.6
2007-02,Strathcona,8704,148,0,below_typical,-25.8
2007-03,Strathcona,14719,209,0,typical,3.3
2007-04,Strathcona,12271,199,0,typical,-2.9
2007-05,Strathcona,18017,235,0,typical,-0.1
2007-06,Strathcona,14237,230,0,typical,-7.7
2007-07,Strathcona,17510,263,0,above_typical,13.9
2007-08,Strathcona,14879,244,0,below_typical,-15.7
2007-09,Strathcona,11911,187,0,below_typical,-29.5
2007-10,Strathcona,11803,206,0,below_typical,-17.6
2007-11,Strathcona,12160,185,0,below_typical,-13.6
2007-12,Strathcona,10960,171,0,below_typical,-23.1
2008-01,Strathcona,12918,177,0,above_typical,20.7
2008-02,Strathcona,12148,192,0,above_typical,39.6
2008-03,Strathcona,12744,190,0,below_typical,-13.4
2008-04,Strathcona,9263,161,0,below_typical,-24.5
2008-05,Strathcona,15302,224,0,below_typical,-15.1
2008-06,Strathcona,14133,214,0,typical,-0.7
2008-07,Strathcona,15896,227,0,typical,-9.2
2008-08,Strathcona,15345,250,0,typical,3.1
2008-09,Strathcona,15559,220,0,above_typical,30.6
2008-10,Strathcona,12268,205,0,typical,3.9
2008-11,Strathcona,11772,188,0,typical,-3.2
2008-12,Strathcona,11092,173,0,typical,1.2
2009-01,Strathcona,12798,191,0,typical,-0.9
2009-02,Strathcona,8152,152,0,below_typical,-32.9
2009-03,Strathcona,10727,167,0,below_typical,-15.8
2009-04,Strathcona,11868,179,0,above_typical,28.1
2009-05,Strathcona,10147,169,0,below_typical,-33.7
2009-06,Strathcona,11613,185,0,below_typical,-17.8
2009-07,Strathcona,12192,214,0,below_typical,-23.3
2009-08,Strathcona,11889,200,0,below_typical,-22.5
2009-09,Strathcona,12481,172,0,below_typical,-19.8
2009-10,Strathcona,12630,191,0,typical,3.0
2009-11,Strathcona,10212,158,0,below_typical,-13.3
2009-12,Strathcona,8450,141,0,below_typical,-23.8
2010-01,Strathcona,10216,170,0,below_typical,-20.2
2010-02,Strathcona,11996,192,0,above_typical,47.2
2010-03,Strathcona,8719,149,0,below_typical,-18.7
2010-04,Strathcona,7803,118,0,below_typical,-34.3
2010-05,Strathcona,10852,189,0,typical,6.9
2010-06,Strathcona,10503,177,0,typical,-9.6
2010-07,Strathcona,10824,171,0,below_typical,-11.2
2010-08,Strathcona,14243,211,0,above_typical,19.8
2010-09,Strathcona,11309,174,0,typical,-9.4
2010-10,Strathcona,11960,214,0,typical,-5.3
2010-11,Strathcona,9783,145,0,typical,-4.2
2010-12,Strathcona,8656,142,0,typical,2.4
2011-01,Strathcona,10429,154,0,typical,2.1
2011-02,Strathcona,10158,175,0,below_typical,-15.3
2011-03,Strathcona,9992,160,0,above_typical,14.6
2011-04,Strathcona,8556,141,0,typical,9.7
2011-05,Strathcona,10080,169,0,typical,-7.1
2011-06,Strathcona,9767,168,0,typical,-7.0
2011-07,Strathcona,10241,181,0,typical,-5.4
2011-08,Strathcona,12026,183,0,below_typical,-15.6
2011-09,Strathcona,13488,196,0,above_typical,19.3
2011-10,Strathcona,8636,163,0,below_typical,-27.8
2011-11,Strathcona,9693,174,0,typical,-0.9
2011-12,Strathcona,12976,194,0,above_typical,49.9
2012-01,Strathcona,10391,168,0,typical,-0.4
2012-02,Strathcona,9048,158,0,below_typical,-10.9
2012-03,Strathcona,10309,155,0,typical,3.2
2012-04,Strathcona,10576,159,0,above_typical,23.6
2012-05,Strathcona,13322,208,0,above_typical,32.2
2012-06,Strathcona,10349,172,0,typical,6.0
2012-07,Strathcona,10997,189,0,typical,7.4
2012-08,Strathcona,12197,208,0,typical,1.4
2012-09,Strathcona,12638,202,0,typical,-6.3
2012-10,Strathcona,10780,171,0,above_typical,24.8
2012-11,Strathcona,14768,207,0,above_typical,52.4
2012-12,Strathcona,7848,127,0,below_typical,-39.5
2013-01,Strathcona,9863,157,0,typical,-5.1
2013-02,Strathcona,9326,150,0,typical,3.1
2013-03,Strathcona,11547,176,0,above_typical,12.0
2013-04,Strathcona,9849,159,0,typical,-6.9
2013-05,Strathcona,11688,192,0,below_typical,-12.3
2013-06,Strathcona,12975,194,0,above_typical,25.4
2013-07,Strathcona,12165,201,0,above_typical,10.6
2013-08,Strathcona,13432,216,0,above_typical,10.1
2013-09,Strathcona,10943,189,0,below_typical,-13.4
2013-10,Strathcona,11217,178,0,typical,4.1
2013-11,Strathcona,10719,170,0,below_typical,-27.4
2013-12,Strathcona,7491,128,0,typical,-4.5
2014-01,Strathcona,10976,171,0,above_typical,11.3
2014-02,Strathcona,8557,143,0,typical,-8.2
2014-03,Strathcona,9642,164,0,below_typical,-16.5
2014-04,Strathcona,11481,188,0,above_typical,16.6
2014-05,Strathcona,12829,214,0,typical,9.8
2014-06,Strathcona,13578,224,0,typical,4.6
2014-07,Strathcona,13030,231,0,typical,7.1
2014-08,Strathcona,13916,239,0,typical,3.6
2014-09,Strathcona,14327,232,0,above_typical,30.9
2014-10,Strathcona,11967,184,0,typical,6.7
2014-11,Strathcona,12706,205,0,above_typical,18.5
2014-12,Strathcona,10357,174,0,above_typical,38.3
2015-01,Strathcona,11606,193,0,typical,5.7
2015-02,Strathcona,9987,165,0,above_typical,16.7
2015-03,Strathcona,11020,188,0,above_typical,14.3
2015-04,Strathcona,10062,161,0,below_typical,-12.4
2015-05,Strathcona,12687,197,0,typical,-1.1
2015-06,Strathcona,13675,222,0,typical,0.7
2015-07,Strathcona,15312,244,0,above_typical,17.5
2015-08,Strathcona,15025,228,0,typical,8.0
2015-09,Strathcona,12451,196,0,below_typical,-13.1
2015-10,Strathcona,12932,206,0,typical,8.1
2015-11,Strathcona,12560,205,0,typical,-1.1
2015-12,Strathcona,13555,199,0,above_typical,30.9
2016-01,Strathcona,15933,232,0,above_typical,37.3
2016-02,Strathcona,13273,200,0,above_typical,32.9
2016-03,Strathcona,15536,235,0,above_typical,41.0
2016-04,Strathcona,14750,222,0,above_typical,46.6
2016-05,Strathcona,13992,220,0,above_typical,10.3
2016-06,Strathcona,16776,278,0,above_typical,22.7
2016-07,Strathcona,16749,262,0,typical,9.4
2016-08,Strathcona,16944,294,0,above_typical,12.8
2016-09,Strathcona,16106,253,0,above_typical,29.4
2016-10,Strathcona,15145,248,0,above_typical,17.1
2016-11,Strathcona,12802,207,0,typical,1.9
2016-12,Strathcona,11295,182,0,below_typical,-16.7
2017-01,Strathcona,8324,162,0,below_typical,-47.8
2017-02,Strathcona,11098,180,0,below_typical,-16.4
2017-03,Strathcona,13362,229,0,below_typical,-14.0
2017-04,Strathcona,12176,205,0,below_typical,-17.5
2017-05,Strathcona,12834,234,0,typical,-8.3
2017-06,Strathcona,13880,236,0,below_typical,-17.3
2017-07,Strathcona,14394,235,0,below_typical,-14.1
2017-08,Strathcona,14969,263,0,below_typical,-11.7
2017-09,Strathcona,14162,248,0,below_typical,-12.1
2017-10,Strathcona,17574,320,0,above_typical,16.0
2017-11,Strathcona,17803,288,0,above_typical,39.1
2017-12,Strathcona,13244,243,0,above_typical,17.3
2018-01,Strathcona,15104,277,0,above_typical,81.5
2018-02,Strathcona,11966,231,0,typical,7.8
2018-03,Strathcona,14151,232,0,typical,5.9
2018-04,Strathcona,16165,275,0,above_typical,32.8
2018-05,Strathcona,12179,218,0,typical,-5.1
2018-06,Strathcona,14075,230,0,typical,1.4
2018-07,Strathcona,15192,254,0,typical,5.5
2018-08,Strathcona,14903,270,0,typical,-0.4
2018-09,Strathcona,15318,258,0,typical,8.2
2018-10,Strathcona,14736,277,0,below_typical,-16.1
2018-11,Strathcona,15780,268,0,below_typical,-11.4
2018-12,Strathcona,13184,231,0,typical,-0.5
2019-01,Strathcona,12722,227,0,below_typical,-15.8
2019-02,Strathcona,11871,191,0,typical,-0.8
2019-03,Strathcona,11926,216,0,below_typical,-15.7
2019-04,Strathcona,15587,289,0,typical,-3.6
2019-05,Strathcona,14817,249,0,above_typical,21.7
2019-06,Strathcona,19835,340,0,above_typical,40.9
2019-07,Strathcona,19812,339,0,above_typical,30.4
2019-08,Strathcona,18796,322,0,above_typical,26.1
2019-09,Strathcona,21189,328,0,above_typical,38.3
2019-10,Strathcona,20082,318,0,above_typical,36.3
2019-11,Strathcona,15746,273,0,typical,-0.2
2019-12,Strathcona,14913,227,0,above_typical,13.1
2020-01,Strathcona,17208,258,0,above_typical,35.3
2020-02,Strathcona,15647,265,0,above_typical,31.8
2020-03,Strathcona,20370,304,0,above_typical,70.8
2020-04,Strathcona,17443,263,0,above_typical,11.9
2020-05,Strathcona,12076,211,0,below_typical,-18.5
2020-06,Strathcona,12888,212,0,below_typical,-35.0
2020-07,Strathcona,14297,280,0,below_typical,-27.8
2020-08,Strathcona,15308,264,0,below_typical,-18.6
2020-09,Strathcona,15962,276,0,below_typical,-24.7
2020-10,Strathcona,14106,251,0,below_typical,-29.8
2020-11,Strathcona,13026,214,0,below_typical,-17.3
2020-12,Strathcona,14755,251,0,typical,-1.1
2021-01,Strathcona,13146,224,0,below_typical,-23.6
2021-02,Strathcona,10759,169,0,below_typical,-31.2
2021-03,Strathcona,11396,188,0,below_typical,-44.1
2021-04,Strathcona,14068,223,0,below_typical,-19.3
2021-05,Strathcona,13519,205,0,above_typical,11.9
2021-06,Strathcona,10478,167,0,below_typical,-18.7
2021-07,Strathcona,12300,189,0,below_typical,-14.0
2021-08,Strathcona,12918,208,0,below_typical,-15.6
2021-09,Strathcona,11735,199,0,below_typical,-26.5
2021-10,Strathcona,9722,180,0,below_typical,-31.1
2021-11,Strathcona,12702,211,0,typical,-2.5
2021-12,Strathcona,9889,161,0,below_typical,-33.0
2022-01,Strathcona,12122,203,0,typical,-7.8
2022-02,Strathcona,11543,185,0,typical,7.3
2022-03,Strathcona,13005,212,0,above_typical,14.1
2022-04,Strathcona,10650,190,0,below_typical,-24.3
2022-05,Strathcona,12044,209,0,below_typical,-10.9
2022-06,Strathcona,11863,215,0,above_typical,13.2
2022-07,Strathcona,15841,256,0,above_typical,28.8
2022-08,Strathcona,14056,245,0,typical,8.8
2022-09,Strathcona,12712,223,0,typical,8.3
2022-10,Strathcona,13800,241,0,above_typical,41.9
2022-11,Strathcona,9094,169,0,below_typical,-28.4
2022-12,Strathcona,10713,176,0,typical,8.3
2023-01,Strathcona,12698,208,0,typical,4.8
2023-02,Strathcona,11058,185,0,typical,-4.2
2023-03,Strathcona,14076,258,0,typical,8.2
2023-04,Strathcona,10576,194,0,typical,-0.7
2023-05,Strathcona,13714,233,0,above_typical,13.9
2023-06,Strathcona,15547,266,0,above_typical,31.1
2023-07,Strathcona,14106,246,0,below_typical,-11.0
2023-08,Strathcona,14869,272,0,typical,5.8
2023-09,Strathcona,15397,265,0,above_typical,21.1
2023-10,Strathcona,12347,227,0,below_typical,-10.5
2023-11,Strathcona,11596,197,0,above_typical,27.5
2023-12,Strathcona,11108,206,0,typical,3.7
2024-01,Strathcona,8856,159,0,below_typical,-30.3
2024-02,Strathcona,8767,149,0,below_typical,-20.7
2024-03,Strathcona,9980,158,0,below_typical,-29.1
2024-04,Strathcona,10497,177,0,typical,-0.7
2024-05,Strathcona,13014,222,0,typical,-5.1
2024-06,Strathcona,12557,197,0,below_typical,-19.2
2024-07,Strathcona,13633,225,0,typical,-3.4
2024-08,Strathcona,13233,205,0,below_typical,-11.0
2024-09,Strathcona,9295,174,0,below_typical,-39.6
2024-10,Strathcona,13036,217,0,typical,5.6
2024-11,Strathcona,7657,152,0,below_typical,-34.0
2024-12,Strathcona,10257,190,0,typical,-7.7
2025-01,Strathcona,8264,156,0,typical,-6.7
2025-02,Strathcona,10570,184,0,above_typical,20.6
2025-03,Strathcona,9074,163,0,typical,-9.1
2025-04,Strathcona,8542,166,0,below_typical,-18.6
2025-05,Strathcona,10331,187,0,below_typical,-20.6
2025-06,Strathcona,9526,172,0,below_typical,-24.1
2025-07,Strathcona,10235,192,0,below_typical,-24.9
2025-08,Strathcona,11688,209,0,below_typical,-11.7
2025-09,Strathcona,12030,201,0,above_typical,29.4
2025-10,Strathcona,10519,191,0,below_typical,-19.3
2025-11,Strathcona,11548,204,0,above_typical,50.8
2025-12,Strathcona,8810,186,0,below_typical,-14.1
2026-01,Strathcona,11921,233,0,above_typical,44.3
2026-02,Strathcona,13133,259,0,above_typical,24.2
2026-03,Strathcona,13018,225,0,above_typical,43.5
2026-04,Strathcona,11848,212,0,above_typical,38.7
2026-05,Strathcona,12436,235,0,above_typical,20.4
2026-06,Strathcona,11180,207,0,above_typical,17.4
2026-07,Strathcona,14230,258,0,above_typical,39.0
2026-08,Strathcona,12947,226,0,above_typical,10.8
2026-09,Strathcona,9858,175,1,,
2003-01,Sunset,12375,161,0,,
2003-02,Sunset,12533,154,0,,
2003-03,Sunset,11751,158,0,,
2003-04,Sunset,14489,196,0,,
2003-05,Sunset,15118,211,0,,
2003-06,Sunset,11152,175,0,,
2003-07,Sunset,11369,152,0,,
2003-08,Sunset,14216,178,0,,
2003-09,Sunset,13592,157,0,,
2003-10,Sunset,16866,200,0,,
2003-11,Sunset,13556,194,0,,
2003-12,Sunset,13024,180,0,,
2004-01,Sunset,11192,156,0,typical,-9.6
2004-02,Sunset,16634,204,0,above_typical,32.7
2004-03,Sunset,15204,192,0,above_typical,29.4
2004-04,Sunset,9456,129,0,below_typical,-34.7
2004-05,Sunset,13930,175,0,typical,-7.9
2004-06,Sunset,12114,165,0,typical,8.6
2004-07,Sunset,11013,137,0,typical,-3.1
2004-08,Sunset,13368,179,0,typical,-6.0
2004-09,Sunset,15451,171,0,above_typical,13.7
2004-10,Sunset,15761,184,0,typical,-6.6
2004-11,Sunset,14818,178,0,typical,9.3
2004-12,Sunset,13087,160,0,typical,0.5
2005-01,Sunset,13380,174,0,above_typical,19.5
2005-02,Sunset,9722,125,0,below_typical,-41.6
2005-03,Sunset,11927,173,0,below_typical,-21.6
2005-04,Sunset,10833,150,0,above_typical,14.6
2005-05,Sunset,12599,162,0,typical,-9.6
2005-06,Sunset,11233,160,0,typical,-7.3
2005-07,Sunset,8648,138,0,below_typical,-21.5
2005-08,Sunset,10842,141,0,below_typical,-18.9
2005-09,Sunset,11528,161,0,below_typical,-25.4
2005-10,Sunset,12517,174,0,below_typical,-20.6
2005-11,Sunset,11926,171,0,below_typical,-19.5
2005-12,Sunset,11729,141,0,below_typical,-10.4
2006-01,Sunset,15080,183,0,above_typical,12.7
2006-02,Sunset,11284,144,0,above_typical,16.1
2006-03,Sunset,16323,194,0,above_typical,36.9
2006-04,Sunset,13203,165,0,above_typical,21.9
2006-05,Sunset,11525,169,0,typical,-8.5
2006-06,Sunset,12956,186,0,above_typical,15.3
2006-07,Sunset,14955,165,0,above_typical,72.9
2006-08,Sunset,10000,135,0,typical,-7.8
2006-09,Sunset,10482,135,0,typical,-9.1
2006-10,Sunset,11008,146,0,below_typical,-12.1
2006-11,Sunset,12117,138,0,typical,1.6
2006-12,Sunset,10649,139,0,typical,-9.2
2007-01,Sunset,13599,154,0,typical,-9.8
2007-02,Sunset,9425,136,0,below_typical,-16.5
2007-03,Sunset,10221,133,0,below_typical,-37.4
2007-04,Sunset,8843,112,0,below_typical,-33.0
2007-05,Sunset,11055,144,0,typical,-4.1
2007-06,Sunset,11934,142,0,typical,-7.9
2007-07,Sunset,12896,167,0,below_typical,-13.8
2007-08,Sunset,11802,156,0,above_typical,18.0
2007-09,Sunset,9945,160,0,typical,-5.1
2007-10,Sunset,7933,135,0,below_typical,-27.9
2007-11,Sunset,8868,129,0,below_typical,-26.8
2007-12,Sunset,9765,125,0,typical,-8.3
2008-01,Sunset,10523,131,0,below_typical,-22.6
2008-02,Sunset,11225,151,0,above_typical,19.1
2008-03,Sunset,9612,120,0,typical,-6.0
2008-04,Sunset,9450,135,0,typical,6.9
2008-05,Sunset,9291,105,0,below_typical,-16.0
2008-06,Sunset,9218,121,0,below_typical,-22.8
2008-07,Sunset,8376,118,0,below_typical,-35.0
2008-08,Sunset,8499,118,0,below_typical,-28.0
2008-09,Sunset,6182,96,0,below_typical,-37.8
2008-10,Sunset,6480,108,0,below_typical,-18.3
2008-11,Sunset,7651,103,0,below_typical,-13.7
2008-12,Sunset,6280,92,0,below_typical,-35.7
2009-01,Sunset,6812,100,0,below_typical,-35.3
2009-02,Sunset,7291,106,0,below_typical,-35.0
2009-03,Sunset,5683,107,0,below_typical,-40.9
2009-04,Sunset,7870,105,0,below_typical,-16.7
2009-05,Sunset,6644,98,0,below_typical,-28.5
2009-06,Sunset,9109,124,0,typical,-1.2
2009-07,Sunset,5181,82,0,below_typical,-38.1
2009-08,Sunset,9565,131,0,above_typical,12.5
2009-09,Sunset,6203,89,0,typical,0.3
2009-10,Sunset,7609,107,0,above_typical,17.4
2009-11,Sunset,6259,109,0,below_typical,-18.2
2009-12,Sunset,7400,114,0,above_typical,17.8
2010-01,Sunset,8214,122,0,above_typical,20.6
2010-02,Sunset,5252,78,0,below_typical,-28.0
2010-03,Sunset,5973,87,0,typical,5.1
2010-04,Sunset,7349,111,0,typical,-6.6
2010-05,Sunset,8474,122,0,above_typical,27.5
2010-06,Sunset,8990,122,0,typical,-1.3
2010-07,Sunset,6517,103,0,above_typical,25.8
2010-08,Sunset,5834,99,0,below_typical,-39.0
2010-09,Sunset,9308,138,0,above_typical,50.1
2010-10,Sunset,8385,132,0,above_typical,10.2
2010-11,Sunset,6505,99,0,typical,3.9
2010-12,Sunset,7103,89,0,typical,-4.0
2011-01,Sunset,5708,77,0,below_typical,-30.5
2011-02,Sunset,4265,70,0,below_typical,-18.8
2011-03,Sunset,4381,72,0,below_typical,-26.7
2011-04,Sunset,6972,109,0,typical,-5.1
2011-05,Sunset,6516,94,0,below_typical,-23.1
2011-06,Sunset,5230,74,0,below_typical,-41.8
2011-07,Sunset,6435,92,0,typical,-1.3
2011-08,Sunset,5982,88,0,typical,2.5
2011-09,Sunset,4900,83,0,below_typical,-47.4
2011-10,Sunset,6442,102,0,below_typical,-23.2
2011-11,Sunset,5074,69,0,below_typical,-22.0
2011-12,Sunset,4408,83,0,below_typical,-37.9
2012-01,Sunset,3836,61,0,below_typical,-32.8
2012-02,Sunset,4875,80,0,above_typical,14.3
2012-03,Sunset,6479,87,0,above_typical,47.9
2012-04,Sunset,7822,105,0,above_typical,12.2
2012-05,Sunset,5784,86,0,below_typical,-11.2
2012-06,Sunset,7170,99,0,above_typical,37.1
2012-07,Sunset,6317,88,0,typical,-1.8
2012-08,Sunset,8488,107,0,above_typical,41.9
2012-09,Sunset,6426,90,0,above_typical,31.1
2012-10,Sunset,8479,106,0,above_typical,31.6
2012-11,Sunset,9609,125,0,above_typical,89.4
2012-12,Sunset,9074,116,0,above_typical,105.9
2013-01,Sunset,5417,78,0,above_typical,41.2
2013-02,Sunset,7040,81,0,above_typical,44.4
2013-03,Sunset,7207,94,0,above_typical,11.2
2013-04,Sunset,7054,108,0,typical,-9.8
2013-05,Sunset,5690,88,0,typical,-1.6
2013-06,Sunset,5395,74,0,below_typical,-24.8
2013-07,Sunset,5726,85,0,typical,-9.4
2013-08,Sunset,5634,87,0,below_typical,-33.6
2013-09,Sunset,6359,84,0,typical,-1.0
2013-10,Sunset,4441,90,0,below_typical,-47.6
2013-11,Sunset,5662,80,0,below_typical,-41.1
2013-12,Sunset,6687,89,0,below_typical,-26.3
2014-01,Sunset,5792,78,0,typical,6.9
2014-02,Sunset,4616,62,0,below_typical,-34.4
2014-03,Sunset,6247,97,0,below_typical,-13.3
2014-04,Sunset,5507,82,0,below_typical,-21.9
2014-05,Sunset,6696,100,0,above_typical,17.7
2014-06,Sunset,6621,97,0,above_typical,22.7
2014-07,Sunset,5247,70,0,typical,-8.4
2014-08,Sunset,6795,107,0,above_typical,20.6
2014-09,Sunset,4366,65,0,below_typical,-31.3
2014-10,Sunset,6234,77,0,above_typical,40.4
2014-11,Sunset,5625,76,0,typical,-0.7
2014-12,Sunset,5616,78,0,below_typical,-16.0
2015-01,Sunset,5992,75,0,typical,3.5
2015-02,Sunset,4609,66,0,typical,-0.2
2015-03,Sunset,4864,78,0,below_typical,-22.1
2015-04,Sunset,5414,89,0,typical,-1.7
2015-05,Sunset,6036,74,0,typical,-9.9
2015-06,Sunset,5052,78,0,below_typical,-23.7
2015-07,Sunset,5350,80,0,typical,2.0
2015-08,Sunset,4848,78,0,below_typical,-28.7
2015-09,Sunset,4742,78,0,typical,8.6
2015-10,Sunset,5317,85,0,below_typical,-14.7
2015-11,Sunset,5165,97,0,typical,-8.2
2015-12,Sunset,4194,86,0,below_typical,-25.3
2016-01,Sunset,6373,90,0,typical,6.4
2016-02,Sunset,4935,76,0,typical,7.1
2016-03,Sunset,5559,94,0,above_typical,14.3
2016-04,Sunset,6226,92,0,above_typical,15.0
2016-05,Sunset,4973,94,0,below_typical,-17.6
2016-06,Sunset,5951,89,0,above_typical,17.8
2016-07,Sunset,6869,108,0,above_typical,28.4
2016-08,Sunset,7305,101,0,above_typical,50.7
2016-09,Sunset,4143,72,0,below_typical,-12.6
2016-10,Sunset,5708,96,0,typical,7.4
2016-11,Sunset,5009,74,0,typical,-3.0
2016-12,Sunset,7301,100,0,above_typical,74.1
2017-01,Sunset,4607,63,0,below_typical,-27.7
2017-02,Sunset,3932,62,0,below_typical,-20.3
2017-03,Sunset,5595,92,0,typical,0.6
2017-04,Sunset,5389,88,0,below_typical,-13.4
2017-05,Sunset,5068,79,0,typical,1.9
2017-06,Sunset,4320,65,0,below_typical,-27.4
2017-07,Sunset,5569,83,0,below_typical,-18.9
2017-08,Sunset,3766,69,0,below_typical,-48.4
2017-09,Sunset,5595,88,0,above_typical,35.0
2017-10,Sunset,4771,85,0,below_typical,-16.4
2017-11,Sunset,4537,74,0,typical,-9.4
2017-12,Sunset,5284,92,0,below_typical,-27.6
2018-01,Sunset,4897,97,0,typical,6.3
2018-02,Sunset,3452,75,0,below_typical,-12.2
2018-03,Sunset,4612,79,0,below_typical,-17.6
2018-04,Sunset,5094,94,0,typical,-5.5
2018-05,Sunset,6687,111,0,above_typical,31.9
2018-06,Sunset,5402,84,0,above_typical,25.0
2018-07,Sunset,5566,103,0,typical,-0.1
2018-08,Sunset,5810,85,0,above_typical,54.3
2018-09,Sunset,4123,69,0,below_typical,-26.3
2018-10,Sunset,4708,81,0,typical,-1.3
2018-11,Sunset,6317,87,0,above_typical,39.2
2018-12,Sunset,6575,106,0,above_typical,24.4
2019-01,Sunset,7359,114,0,above_typical,50.3
2019-02,Sunset,4021,76,0,above_typical,16.5
2019-03,Sunset,5312,86,0,above_typical,15.2
2019-04,Sunset,7779,118,0,above_typical,52.7
2019-05,Sunset,6056,104,0,typical,-9.4
2019-06,Sunset,6656,107,0,above_typical,23.2
2019-07,Sunset,4799,95,0,below_typical,-13.8
2019-08,Sunset,6877,107,0,above_typical,18.4
2019-09,Sunset,6974,114,0,above_typical,69.1
2019-10,Sunset,5521,95,0,above_typical,17.3
2019-11,Sunset,4696,85,0,below_typical,-25.7
2019-12,Sunset,7706,118,0,above_typical,17.2
2020-01,Sunset,7283,139,0,typical,-1.0
2020-02,Sunset,4772,82,0,above_typical,18.7
2020-03,Sunset,5923,93,0,above_typical,11.5
2020-04,Sunset,5025,87,0,below_typical,-35.4
2020-05,Sunset,3272,56,0,below_typical,-46.0
2020-06,Sunset,3786,63,0,below_typical,-43.1
2020-07,Sunset,4138,72,0,below_typical,-13.8
2020-08,Sunset,5016,96,0,below_typical,-27.1
2020-09,Sunset,5108,91,0,below_typical,-26.8
2020-10,Sunset,5910,101,0,typical,7.0
2020-11,Sunset,3570,73,0,below_typical,-24.0
2020-12,Sunset,3431,78,0,below_typical,-55.5
2021-01,Sunset,4940,80,0,below_typical,-32.2
2021-02,Sunset,4175,72,0,below_typical,-12.5
2021-03,Sunset,4191,79,0,below_typical,-29.2
2021-04,Sunset,2758,51,0,below_typical,-45.1
2021-05,Sunset,5989,103,0,above_typical,83.0
2021-06,Sunset,3395,66,0,below_typical,-10.3
2021-07,Sunset,3830,66,0,typical,-7.4
2021-08,Sunset,4544,89,0,typical,-9.4
2021-09,Sunset,3299,75,0,below_typical,-35.4
2021-10,Sunset,4262,79,0,below_typical,-27.9
2021-11,Sunset,4236,73,0,above_typical,18.7
2021-12,Sunset,3651,70,0,typical,6.4
2022-01,Sunset,6687,98,0,above_typical,35.4
2022-02,Sunset,5433,96,0,above_typical,30.1
2022-03,Sunset,6612,132,0,above_typical,57.8
2022-04,Sunset,5828,108,0,above_typical,111.3
2022-05,Sunset,7204,138,0,above_typical,20.3
2022-06,Sunset,6196,127,0,above_typical,82.5
2022-07,Sunset,6474,132,0,above_typical,69.0
2022-08,Sunset,5198,125,0,above_typical,14.4
2022-09,Sunset,6525,132,0,above_typical,97.8
2022-10,Sunset,6564,141,0,above_typical,54.0
2022-11,Sunset,6239,127,0,above_typical,47.3
2022-12,Sunset,5741,122,0,above_typical,57.2
2023-01,Sunset,5967,136,0,below_typical,-10.8
2023-02,Sunset,7254,153,0,above_typical,33.5
2023-03,Sunset,5758,122,0,below_typical,-12.9
2023-04,Sunset,6184,134,0,typical,6.1
2023-05,Sunset,6583,127,0,typical,-8.6
2023-06,Sunset,5423,126,0,below_typical,-12.5
2023-07,Sunset,5109,111,0,below_typical,-21.1
2023-08,Sunset,4787,101,0,typical,-7.9
2023-09,Sunset,4907,90,0,below_typical,-24.8
2023-10,Sunset,5040,101,0,below_typical,-23.2
2023-11,Sunset,4517,87,0,below_typical,-27.6
2023-12,Sunset,4819,88,0,below_typical,-16.1
2024-01,Sunset,3828,90,0,below_typical,-35.8
2024-02,Sunset,4145,95,0,below_typical,-42.9
2024-03,Sunset,5572,124,0,typical,-3.2
2024-04,Sunset,5163,104,0,below_typical,-16.5
2024-05,Sunset,5448,118,0,below_typical,-17.2
2024-06,Sunset,5056,111,0,typical,-6.8
2024-07,Sunset,5390,107,0,typical,5.5
2024-08,Sunset,4517,96,0,typical,-5.6
2024-09,Sunset,4820,90,0,typical,-1.8
2024-10,Sunset,4398,90,0,below_typical,-12.7
2024-11,Sunset,3552,76,0,below_typical,-21.4
2024-12,Sunset,4254,89,0,below_typical,-11.7
2025-01,Sunset,5383,101,0,above_typical,40.6
2025-02,Sunset,2924,59,0,below_typical,-29.5
2025-03,Sunset,4040,80,0,below_typical,-27.5
2025-04,Sunset,4710,104,0,typical,-8.8
2025-05,Sunset,4459,103,0,below_typical,-18.2
2025-06,Sunset,5149,102,0,typical,1.8
2025-07,Sunset,3633,83,0,below_typical,-32.6
2025-08,Sunset,3661,77,0,below_typical,-19.0
2025-09,Sunset,6151,115,0,above_typical,27.6
2025-10,Sunset,5042,95,0,above_typical,14.6
2025-11,Sunset,4720,98,0,above_typical,32.9
2025-12,Sunset,6013,105,0,above_typical,41.3
2026-01,Sunset,4119,80,0,below_typical,-23.5
2026-02,Sunset,4536,86,0,above_typical,55.1
2026-03,Sunset,4041,89,0,typical,0.0
2026-04,Sunset,4450,99,0,typical,-5.5
2026-05,Sunset,4057,94,0,typical,-9.0
2026-06,Sunset,4567,104,0,below_typical,-11.3
2026-07,Sunset,4709,105,0,above_typical,29.6
2026-08,Sunset,3903,86,0,typical,6.6
2026-09,Sunset,2865,51,1,,
2003-01,Victoria-Fraserview,7973,102,0,,
2003-02,Victoria-Fraserview,7947,90,0,,
2003-03,Victoria-Fraserview,6019,96,0,,
2003-04,Victoria-Fraserview,9698,131,0,,
2003-05,Victoria-Fraserview,9121,108,0,,
2003-06,Victoria-Fraserview,7744,106,0,,
2003-07,Victoria-Fraserview,5095,72,0,,
2003-08,Victoria-Fraserview,7612,99,0,,
2003-09,Victoria-Fraserview,8131,96,0,,
2003-10,Victoria-Fraserview,6959,90,0,,
2003-11,Victoria-Fraserview,8771,111,0,,
2003-12,Victoria-Fraserview,10413,138,0,,
2004-01,Victoria-Fraserview,7532,98,0,typical,-5.5
2004-02,Victoria-Fraserview,7270,90,0,typical,-8.5
2004-03,Victoria-Fraserview,11187,124,0,above_typical,85.9
2004-04,Victoria-Fraserview,14247,163,0,above_typical,46.9
2004-05,Victoria-Fraserview,10187,133,0,above_typical,11.7
2004-06,Victoria-Fraserview,8324,109,0,typical,7.5
2004-07,Victoria-Fraserview,7156,96,0,above_typical,40.5
2004-08,Victoria-Fraserview,9444,123,0,above_typical,24.1
2004-09,Victoria-Fraserview,8515,107,0,typical,4.7
2004-10,Victoria-Fraserview,10665,128,0,above_typical,53.3
2004-11,Victoria-Fraserview,8998,125,0,typical,2.6
2004-12,Victoria-Fraserview,10108,112,0,typical,-2.9
2005-01,Victoria-Fraserview,11524,123,0,above_typical,53.0
2005-02,Victoria-Fraserview,10507,123,0,above_typical,44.5
2005-03,Victoria-Fraserview,9529,111,0,below_typical,-14.8
2005-04,Victoria-Fraserview,7479,90,0,below_typical,-47.5
2005-05,Victoria-Fraserview,8612,103,0,below_typical,-15.5
2005-06,Victoria-Fraserview,7353,95,0,below_typical,-11.7
2005-07,Victoria-Fraserview,8216,102,0,above_typical,14.8
2005-08,Victoria-Fraserview,7782,104,0,below_typical,-17.6
2005-09,Victoria-Fraserview,11296,129,0,above_typical,32.7
2005-10,Victoria-Fraserview,9816,115,0,typical,-8.0
2005-11,Victoria-Fraserview,8854,90,0,typical,-1.6
2005-12,Victoria-Fraserview,8577,99,0,below_typical,-15.1
2006-01,Victoria-Fraserview,10660,117,0,typical,-7.5
2006-02,Victoria-Fraserview,8407,99,0,below_typical,-20.0
2006-03,Victoria-Fraserview,9241,115,0,typical,-3.0
2006-04,Victoria-Fraserview,5477,79,0,below_typical,-26.8
2006-05,Victoria-Fraserview,7286,90,0,below_typical,-15.4
2006-06,Victoria-Fraserview,5445,60,0,below_typical,-25.9
2006-07,Victoria-Fraserview,5048,76,0,below_typical,-38.6
2006-08,Victoria-Fraserview,6752,70,0,below_typical,-13.2
2006-09,Victoria-Fraserview,5489,76,0,below_typical,-51.4
2006-10,Victoria-Fraserview,9318,97,0,typical,-5.1
2006-11,Victoria-Fraserview,8791,102,0,typical,-0.7
2006-12,Victoria-Fraserview,8459,85,0,typical,-1.4
2007-01,Victoria-Fraserview,7149,90,0,below_typical,-32.9
2007-02,Victoria-Fraserview,3628,46,0,below_typical,-56.8
2007-03,Victoria-Fraserview,4645,61,0,below_typical,-49.7
2007-04,Victoria-Fraserview,5587,77,0,typical,2.0
2007-05,Victoria-Fraserview,5318,65,0,below_typical,-27.0
2007-06,Victoria-Fraserview,7796,95,0,above_typical,43.2
2007-07,Victoria-Fraserview,6632,77,0,above_typical,31.4
2007-08,Victoria-Fraserview,6419,86,0,typical,-4.9
2007-09,Victoria-Fraserview,4579,68,0,below_typical,-16.6
2007-10,Victoria-Fraserview,5553,69,0,below_typical,-40.4
2007-11,Victoria-Fraserview,5332,66,0,below_typical,-39.3
2007-12,Victoria-Fraserview,5562,56,0,below_typical,-34.2
2008-01,Victoria-Fraserview,7563,76,0,typical,5.8
2008-02,Victoria-Fraserview,4646,55,0,above_typical,28.1
2008-03,Victoria-Fraserview,5707,71,0,above_typical,22.9
2008-04,Victoria-Fraserview,5596,74,0,typical,0.2
2008-05,Victoria-Fraserview,4866,60,0,typical,-8.5
2008-06,Victoria-Fraserview,5660,75,0,below_typical,-27.4
2008-07,Victoria-Fraserview,4735,56,0,below_typical,-28.6
2008-08,Victoria-Fraserview,5262,70,0,below_typical,-18.0
2008-09,Victoria-Fraserview,3140,48,0,below_typical,-31.4
2008-10,Victoria-Fraserview,3800,58,0,below_typical,-31.6
2008-11,Victoria-Fraserview,4119,68,0,below_typical,-22.7
2008-12,Victoria-Fraserview,3620,49,0,below_typical,-34.9
2009-01,Victoria-Fraserview,5363,71,0,below_typical,-29.1
2009-02,Victoria-Fraserview,5026,58,0,typical,8.2
2009-03,Victoria-Fraserview,5531,58,0,typical,-3.1
2009-04,Victoria-Fraserview,4950,61,0,below_typical,-11.5
2009-05,Victoria-Fraserview,4161,55,0,below_typical,-14.5
2009-06,Victoria-Fraserview,3639,49,0,below_typical,-35.7
2009-07,Victoria-Fraserview,5252,73,0,above_typical,10.9
2009-08,Victoria-Fraserview,3959,55,0,below_typical,-24.8
2009-09,Victoria-Fraserview,4573,62,0,above_typical,45.6
2009-10,Victoria-Fraserview,4798,60,0,above_typical,26.3
2009-11,Victoria-Fraserview,5750,77,0,above_typical,39.6
2009-12,Victoria-Fraserview,4390,56,0,above_typical,21.3
2010-01,Victoria-Fraserview,5369,64,0,typical,0.1
2010-02,Victoria-Fraserview,3668,50,0,below_typical,-27.0
2010-03,Victoria-Fraserview,5016,61,0,typical,-9.3
2010-04,Victoria-Fraserview,4437,48,0,below_typical,-10.4
2010-05,Victoria-Fraserview,4513,53,0,typical,8.5
2010-06,Victoria-Fraserview,3430,54,0,typical,-5.7
2010-07,Victoria-Fraserview,3553,60,0,below_typical,-32.3
2010-08,Victoria-Fraserview,3991,51,0,typical,0.8
2010-09,Victoria-Fraserview,4874,63,0,typical,6.6
2010-10,Victoria-Fraserview,5254,70,0,typical,9.5
2010-11,Victoria-Fraserview,7394,70,0,above_typical,28.6
2010-12,Victoria-Fraserview,5292,56,0,above_typical,20.5
2011-01,Victoria-Fraserview,7335,100,0,above_typical,36.6
2011-02,Victoria-Fraserview,5417,68,0,above_typical,47.7
2011-03,Victoria-Fraserview,4272,51,0,below_typical,-14.8
2011-04,Victoria-Fraserview,3530,44,0,below_typical,-20.4
2011-05,Victoria-Fraserview,4468,54,0,typical,-1.0
2011-06,Victoria-Fraserview,5527,74,0,above_typical,61.1
2011-07,Victoria-Fraserview,4604,57,0,above_typical,29.6
2011-08,Victoria-Fraserview,4528,56,0,above_typical,13.5
2011-09,Victoria-Fraserview,4932,62,0,typical,1.2
2011-10,Victoria-Fraserview,7146,72,0,above_typical,36.0
2011-11,Victoria-Fraserview,6460,69,0,below_typical,-12.6
2011-12,Victoria-Fraserview,6082,60,0,above_typical,14.9
2012-01,Victoria-Fraserview,5376,60,0,below_typical,-26.7
2012-02,Victoria-Fraserview,3874,49,0,below_typical,-28.5
2012-03,Victoria-Fraserview,5074,65,0,above_typical,18.8
2012-04,Victoria-Fraserview,3760,53,0,typical,6.5
2012-05,Victoria-Fraserview,3449,43,0,below_typical,-22.8
2012-06,Victoria-Fraserview,4336,58,0,below_typical,-21.5
2012-07,Victoria-Fraserview,4911,62,0,typical,6.7
2012-08,Victoria-Fraserview,4205,49,0,typical,-7.1
2012-09,Victoria-Fraserview,5332,60,0,typical,8.1
2012-10,Victoria-Fraserview,4558,62,0,below_typical,-36.2
2012-11,Victoria-Fraserview,4136,55,0,below_typical,-36.0
2012-12,Victoria-Fraserview,4092,51,0,below_typical,-32.7
2013-01,Victoria-Fraserview,4783,50,0,below_typical,-11.0
2013-02,Victoria-Fraserview,5533,62,0,above_typical,42.8
2013-03,Victoria-Fraserview,5330,70,0,typical,5.0
2013-04,Victoria-Fraserview,3226,53,0,below_typical,-14.2
2013-05,Victoria-Fraserview,6737,76,0,above_typical,95.3
2013-06,Victoria-Fraserview,3570,49,0,below_typical,-17.7
2013-07,Victoria-Fraserview,3282,40,0,below_typical,-33.2
2013-08,Victoria-Fraserview,2295,38,0,below_typical,-45.4
2013-09,Victoria-Fraserview,3708,49,0,below_typical,-30.5
2013-10,Victoria-Fraserview,5823,73,0,above_typical,27.8
2013-11,Victoria-Fraserview,4762,61,0,above_typical,15.1
2013-12,Victoria-Fraserview,5289,57,0,above_typical,29.3
2014-01,Victoria-Fraserview,3962,59,0,below_typical,-17.2
2014-02,Victoria-Fraserview,3589,60,0,below_typical,-35.1
2014-03,Victoria-Fraserview,4969,71,0,typical,-6.8
2014-04,Victoria-Fraserview,4622,54,0,above_typical,43.3
2014-05,Victoria-Fraserview,4416,63,0,below_typical,-34.5
2014-06,Victoria-Fraserview,4290,53,0,above_typical,20.2
2014-07,Victoria-Fraserview,4137,55,0,above_typical,26.1
2014-08,Victoria-Fraserview,4733,63,0,above_typical,106.2
2014-09,Victoria-Fraserview,4603,52,0,above_typical,24.1
2014-10,Victoria-Fraserview,4721,64,0,below_typical,-18.9
2014-11,Victoria-Fraserview,3463,42,0,below_typical,-27.3
2014-12,Victoria-Fraserview,4870,50,0,typical,-7.9
2015-01,Victoria-Fraserview,5258,57,0,above_typical,32.7
2015-02,Victoria-Fraserview,3310,44,0,typical,-7.8
2015-03,Victoria-Fraserview,3945,63,0,below_typical,-20.6
2015-04,Victoria-Fraserview,3014,44,0,below_typical,-34.8
2015-05,Victoria-Fraserview,2917,43,0,below_typical,-33.9
2015-06,Victoria-Fraserview,3674,48,0,below_typical,-14.4
2015-07,Victoria-Fraserview,4779,49,0,above_typical,15.5
2015-08,Victoria-Fraserview,3067,46,0,below_typical,-35.2
2015-09,Victoria-Fraserview,3488,48,0,below_typical,-24.2
2015-10,Victoria-Fraserview,4150,65,0,below_typical,-12.1
2015-11,Victoria-Fraserview,5569,74,0,above_typical,60.8
2015-12,Victoria-Fraserview,5705,77,0,above_typical,17.1
2016-01,Victoria-Fraserview,3991,58,0,below_typical,-24.1
2016-02,Victoria-Fraserview,3074,42,0,typical,-7.1
2016-03,Victoria-Fraserview,3721,46,0,typical,-5.7
2016-04,Victoria-Fraserview,4168,48,0,above_typical,38.3
2016-05,Victoria-Fraserview,2180,44,0,below_typical,-25.3
2016-06,Victoria-Fraserview,3890,51,0,typical,5.9
2016-07,Victoria-Fraserview,4860,57,0,typical,1.7
2016-08,Victoria-Fraserview,4959,70,0,above_typical,61.7
2016-09,Victoria-Fraserview,5196,64,0,above_typical,49.0
2016-10,Victoria-Fraserview,6109,80,0,above_typical,47.2
2016-11,Victoria-Fraserview,5204,62,0,typical,-6.6
2016-12,Victoria-Fraserview,3901,48,0,below_typical,-31.6
2017-01,Victoria-Fraserview,3707,52,0,typical,-7.1
2017-02,Victoria-Fraserview,3959,54,0,above_typical,28.8
2017-03,Victoria-Fraserview,3754,55,0,typical,0.9
2017-04,Victoria-Fraserview,3611,61,0,below_typical,-13.4
2017-05,Victoria-Fraserview,4349,67,0,above_typical,99.5
2017-06,Victoria-Fraserview,3336,57,0,below_typical,-14.2
2017-07,Victoria-Fraserview,4306,68,0,below_typical,-11.4
2017-08,Victoria-Fraserview,2802,56,0,below_typical,-43.5
2017-09,Victoria-Fraserview,4711,77,0,typical,-9.3
2017-10,Victoria-Fraserview,3632,65,0,below_typical,-40.5
2017-11,Victoria-Fraserview,4274,66,0,below_typical,-17.9
2017-12,Victoria-Fraserview,4211,65,0,typical,7.9
2018-01,Victoria-Fraserview,2790,47,0,below_typical,-24.7
2018-02,Victoria-Fraserview,2571,45,0,below_typical,-35.1
2018-03,Victoria-Fraserview,4896,63,0,above_typical,30.4
2018-04,Victoria-Fraserview,3801,68,0,typical,5.3
2018-05,Victoria-Fraserview,3960,51,0,typical,-8.9
2018-06,Victoria-Fraserview,3778,64,0,above_typical,13.2
2018-07,Victoria-Fraserview,3452,55,0,below_typical,-19.8
2018-08,Victoria-Fraserview,3870,60,0,above_typical,38.1
2018-09,Victoria-Fraserview,3604,55,0,below_typical,-23.5
2018-10,Victoria-Fraserview,1977,36,0,below_typical,-45.6
2018-11,Victoria-Fraserview,3363,55,0,below_typical,-21.3
2018-12,Victoria-Fraserview,3624,67,0,below_typical,-13.9
2019-01,Victoria-Fraserview,2757,53,0,typical,-1.2
2019-02,Victoria-Fraserview,2367,49,0,typical,-7.9
2019-03,Victoria-Fraserview,2894,60,0,below_typical,-40.9
2019-04,Victoria-Fraserview,3714,70,0,typical,-2.3
2019-05,Victoria-Fraserview,3602,65,0,typical,-9.0
2019-06,Victoria-Fraserview,3849,72,0,typical,1.9
2019-07,Victoria-Fraserview,3162,68,0,typical,-8.4
2019-08,Victoria-Fraserview,2818,47,0,below_typical,-27.2
2019-09,Victoria-Fraserview,4130,68,0,above_typical,14.6
2019-10,Victoria-Fraserview,3502,53,0,above_typical,77.1
2019-11,Victoria-Fraserview,3058,55,0,typical,-9.1
2019-12,Victoria-Fraserview,4613,62,0,above_typical,27.3
2020-01,Victoria-Fraserview,4358,73,0,above_typical,58.1
2020-02,Victoria-Fraserview,3957,63,0,above_typical,67.2
2020-03,Victoria-Fraserview,4022,63,0,above_typical,39.0
2020-04,Victoria-Fraserview,2605,48,0,below_typical,-29.9
2020-05,Victoria-Fraserview,1842,39,0,below_typical,-48.9
2020-06,Victoria-Fraserview,2743,47,0,below_typical,-28.7
2020-07,Victoria-Fraserview,1547,38,0,below_typical,-51.1
2020-08,Victoria-Fraserview,2165,41,0,below_typical,-23.2
2020-09,Victoria-Fraserview,2639,40,0,below_typical,-36.1
2020-10,Victoria-Fraserview,3102,51,0,below_typical,-11.4
2020-11,Victoria-Fraserview,2066,46,0,below_typical,-32.4
2020-12,Victoria-Fraserview,2303,41,0,below_typical,-50.1
2021-01,Victoria-Fraserview,2024,36,0,below_typical,-53.6
2021-02,Victoria-Fraserview,2542,41,0,below_typical,-35.8
2021-03,Victoria-Fraserview,3033,44,0,below_typical,-24.6
2021-04,Victoria-Fraserview,1761,37,0,below_typical,-32.4
2021-05,Victoria-Fraserview,3337,50,0,above_typical,81.2
2021-06,Victoria-Fraserview,2679,39,0,typical,-2.3
2021-07,Victoria-Fraserview,3235,57,0,above_typical,109.1
2021-08,Victoria-Fraserview,3101,60,0,above_typical,43.2
2021-09,Victoria-Fraserview,2128,35,0,below_typical,-19.4
2021-10,Victoria-Fraserview,3079,61,0,typical,-0.7
2021-11,Victoria-Fraserview,2714,46,0,above_typical,31.4
2021-12,Victoria-Fraserview,3130,48,0,above_typical,35.9
2022-01,Victoria-Fraserview,2934,52,0,above_typical,45.0
2022-02,Victoria-Fraserview,3004,46,0,above_typical,18.2
2022-03,Victoria-Fraserview,2368,47,0,below_typical,-21.9
2022-04,Victoria-Fraserview,2594,51,0,above_typical,47.3
2022-05,Victoria-Fraserview,2659,52,0,below_typical,-20.3
2022-06,Victoria-Fraserview,2873,51,0,typical,7.2
2022-07,Victoria-Fraserview,2393,45,0,below_typical,-26.0
2022-08,Victoria-Fraserview,2440,39,0,below_typical,-21.3
2022-09,Victoria-Fraserview,3206,60,0,above_typical,50.7
2022-10,Victoria-Fraserview,3015,47,0,typical,-2.1
2022-11,Victoria-Fraserview,2370,49,0,below_typical,-12.7
2022-12,Victoria-Fraserview,2276,43,0,below_typical,-27.3
2023-01,Victoria-Fraserview,3197,50,0,typical,9.0
2023-02,Victoria-Fraserview,2980,48,0,typical,-0.8
2023-03,Victoria-Fraserview,2019,38,0,below_typical,-14.7
2023-04,Victoria-Fraserview,2409,40,0,typical,-7.1
2023-05,Victoria-Fraserview,2604,46,0,typical,-2.1
2023-06,Victoria-Fraserview,2909,49,0,typical,1.3
2023-07,Victoria-Fraserview,2542,27,0,typical,6.2
2023-08,Victoria-Fraserview,2823,47,0,above_typical,15.7
2023-09,Victoria-Fraserview,2331,47,0,below_typical,-27.3
2023-10,Victoria-Fraserview,2984,53,0,typical,-1.0
2023-11,Victoria-Fraserview,2596,41,0,typical,9.5
2023-12,Victoria-Fraserview,3083,49,0,above_typical,35.5
2024-01,Victoria-Fraserview,2329,41,0,below_typical,-27.2
2024-02,Victoria-Fraserview,2450,42,0,below_typical,-17.8
2024-03,Victoria-Fraserview,2057,46,0,typical,1.9
2024-04,Victoria-Fraserview,2438,48,0,typical,1.2
2024-05,Victoria-Fraserview,2204,47,0,below_typical,-15.4
2024-06,Victoria-Fraserview,3156,51,0,typical,8.5
2024-07,Victoria-Fraserview,3725,64,0,above_typical,46.5
2024-08,Victoria-Fraserview,2157,43,0,below_typical,-23.6
2024-09,Victoria-Fraserview,1669,29,0,below_typical,-28.4
2024-10,Victoria-Fraserview,2656,53,0,below_typical,-11.0
2024-11,Victoria-Fraserview,3053,48,0,above_typical,17.6
2024-12,Victoria-Fraserview,2526,41,0,below_typical,-18.1
2025-01,Victoria-Fraserview,2048,41,0,below_typical,-12.1
2025-02,Victoria-Fraserview,1912,31,0,below_typical,-22.0
2025-03,Victoria-Fraserview,2308,41,0,above_typical,12.2
2025-04,Victoria-Fraserview,1683,39,0,below_typical,-31.0
2025-05,Victoria-Fraserview,2302,45,0,typical,4.4
2025-06,Victoria-Fraserview,2049,44,0,below_typical,-35.1
2025-07,Victoria-Fraserview,2332,40,0,below_typical,-37.4
2025-08,Victoria-Fraserview,2515,51,0,above_typical,16.6
2025-09,Victoria-Fraserview,1858,36,0,above_typical,11.3
2025-10,Victoria-Fraserview,1787,33,0,below_typical,-32.7
2025-11,Victoria-Fraserview,2658,50,0,below_typical,-12.9
2025-12,Victoria-Fraserview,1909,32,0,below_typical,-24.4
2026-01,Victoria-Fraserview,2025,36,0,typical,-1.1
2026-02,Victoria-Fraserview,2226,42,0,above_typical,16.4
2026-03,Victoria-Fraserview,1682,37,0,below_typical,-27.1
2026-04,Victoria-Fraserview,2094,42,0,above_typical,24.4
2026-05,Victoria-Fraserview,1987,45,0,below_typical,-13.7
2026-06,Victoria-Fraserview,2312,52,0,above_typical,12.8
2026-07,Victoria-Fraserview,2452,53,0,typical,5.1
2026-08,Victoria-Fraserview,2095,39,0,below_typical,-16.7
2026-09,Victoria-Fraserview,1330,28,1,,
2003-01,West End,35324,537,0,,
2003-02,West End,28563,463,0,,
2003-03,West End,37007,555,0,,
2003-04,West End,34372,538,0,,
2003-05,West End,31890,534,0,,
2003-06,West End,35678,570,0,,
2003-07,West End,34704,566,0,,
2003-08,West End,36677,569,0,,
2003-09,West End,31374,452,0,,
2003-10,West End,34715,500,0,,
2003-11,West End,31848,427,0,,
2003-12,West End,25715,405,0,,
2004-01,West End,34712,486,0,typical,-1.7
2004-02,West End,19689,326,0,below_typical,-31.1
2004-03,West End,23158,381,0,below_typical,-37.4
2004-04,West End,27720,481,0,below_typical,-19.4
2004-05,West End,29566,478,0,typical,-7.3
2004-06,West End,28724,482,0,below_typical,-19.5
2004-07,West End,25397,468,0,below_typical,-26.8
2004-08,West End,30010,537,0,below_typical,-18.2
2004-09,West End,28152,458,0,below_typical,-10.3
2004-10,West End,31294,463,0,typical,-9.9
2004-11,West End,25604,395,0,below_typical,-19.6
2004-12,West End,27457,434,0,typical,6.8
2005-01,West End,20199,333,0,below_typical,-41.8
2005-02,West End,19697,328,0,typical,0.0
2005-03,West End,25940,410,0,above_typical,12.0
2005-04,West End,23621,387,0,below_typical,-14.8
2005-05,West End,30019,462,0,typical,1.5
2005-06,West End,26505,424,0,typical,-7.7
2005-07,West End,23464,391,0,typical,-7.6
2005-08,West End,22678,410,0,below_typical,-24.4
2005-09,West End,20843,359,0,below_typical,-26.0
2005-10,West End,22894,401,0,below_typical,-26.8
2005-11,West End,20697,316,0,below_typical,-19.2
2005-12,West End,21438,355,0,below_typical,-21.9
2006-01,West End,27836,441,0,above_typical,37.8
2006-02,West End,18189,318,0,typical,-7.7
2006-03,West End,18301,320,0,below_typical,-29.4
2006-04,West End,22153,323,0,typical,-6.2
2006-05,West End,23216,364,0,below_typical,-22.7
2006-06,West End,24666,419,0,typical,-6.9
2006-07,West End,29050,472,0,above_typical,23.8
2006-08,West End,27146,418,0,above_typical,19.7
2006-09,West End,25112,416,0,above_typical,20.5
2006-10,West End,25465,376,0,above_typical,11.2
2006-11,West End,22996,349,0,above_typical,11.1
2006-12,West End,25861,415,0,above_typical,20.6
2007-01,West End,24609,417,0,below_typical,-11.6
2007-02,West End,17507,287,0,typical,-3.7
2007-03,West End,22516,366,0,above_typical,23.0
2007-04,West End,24868,384,0,above_typical,12.3
2007-05,West End,21049,376,0,typical,-9.3
2007-06,West End,20066,326,0,below_typical,-18.6
2007-07,West End,22283,386,0,below_typical,-23.3
2007-08,West End,29079,456,0,typical,7.1
2007-09,West End,20287,312,0,below_typical,-19.2
2007-10,West End,19878,319,0,below_typical,-21.9
2007-11,West End,24343,325,0,typical,5.9
2007-12,West End,17970,285,0,below_typical,-30.5
2008-01,West End,20104,313,0,below_typical,-18.3
2008-02,West End,21025,364,0,above_typical,20.1
2008-03,West End,22402,385,0,typical,-0.5
2008-04,West End,22580,356,0,typical,-9.2
2008-05,West End,21886,361,0,typical,4.0
2008-06,West End,17946,331,0,below_typical,-10.6
2008-07,West End,19818,343,0,below_typical,-11.1
2008-08,West End,21510,366,0,below_typical,-26.0
2008-09,West End,17643,314,0,below_typical,-13.0
2008-10,West End,21825,349,0,typical,9.8
2008-11,West End,16969,322,0,below_typical,-30.3
2008-12,West End,18486,308,0,typical,2.9
2009-01,West End,15698,284,0,below_typical,-21.9
2009-02,West End,15795,289,0,below_typical,-24.9
2009-03,West End,12291,234,0,below_typical,-45.1
2009-04,West End,14261,267,0,below_typical,-36.8
2009-05,West End,15803,296,0,below_typical,-27.8
2009-06,West End,12955,243,0,below_typical,-27.8
2009-07,West End,16429,303,0,below_typical,-17.1
2009-08,West End,17245,318,0,below_typical,-19.8
2009-09,West End,13093,254,0,below_typical,-25.8
2009-10,West End,18058,304,0,below_typical,-17.3
2009-11,West End,14443,242,0,below_typical,-14.9
2009-12,West End,16575,276,0,below_typical,-10.3
2010-01,West End,15832,281,0,typical,0.9
2010-02,West End,13666,243,0,below_typical,-13.5
2010-03,West End,17170,301,0,above_typical,39.7
2010-04,West End,16198,246,0,above_typical,13.6
2010-05,West End,14686,247,0,typical,-7.1
2010-06,West End,17610,273,0,above_typical,35.9
2010-07,West End,14001,256,0,below_typical,-14.8
2010-08,West End,16877,333,0,typical,-2.1
2010-09,West End,15188,288,0,above_typical,16.0
2010-10,West End,14727,259,0,below_typical,-18.4
2010-11,West End,9820,194,0,below_typical,-32.0
2010-12,West End,13019,193,0,below_typical,-21.5
2011-01,West End,10312,171,0,below_typical,-34.9
2011-02,West End,10428,190,0,below_typical,-23.7
2011-03,West End,12411,224,0,below_typical,-27.7
2011-04,West End,10395,204,0,below_typical,-35.8
2011-05,West End,13215,222,0,below_typical,-10.0
2011-06,West End,15728,282,0,below_typical,-10.7
2011-07,West End,20331,373,0,above_typical,45.2
2011-08,West End,14647,292,0,below_typical,-13.2
2011-09,West End,13760,254,0,typical,-9.4
2011-10,West End,9543,202,0,below_typical,-35.2
2011-11,West End,11204,200,0,above_typical,14.1
2011-12,West End,10437,191,0,below_typical,-19.8
2012-01,West End,12708,215,0,above_typical,23.2
2012-02,West End,13027,219,0,above_typical,24.9
2012-03,West End,12432,212,0,typical,0.2
2012-04,West End,13886,223,0,above_typical,33.6
2012-05,West End,13074,235,0,typical,-1.1
2012-06,West End,12921,226,0,below_typical,-17.8
2012-07,West End,12705,230,0,below_typical,-37.5
2012-08,West End,16420,289,0,above_typical,12.1
2012-09,West End,11294,224,0,below_typical,-17.9
2012-10,West End,11967,201,0,above_typical,25.4
2012-11,West End,12296,237,0,typical,9.7
2012-12,West End,13600,219,0,above_typical,30.3
2013-01,West End,11145,195,0,below_typical,-12.3
2013-02,West End,10406,172,0,below_typical,-20.1
2013-03,West End,14244,233,0,above_typical,14.6
2013-04,West End,10609,194,0,below_typical,-23.6
2013-05,West End,14120,280,0,typical,8.0
2013-06,West End,17683,319,0,above_typical,36.9
2013-07,West End,14140,284,0,above_typical,11.3
2013-08,West End,15701,293,0,typical,-4.4
2013-09,West End,17516,262,0,above_typical,55.1
2013-10,West End,13758,264,0,above_typical,15.0
2013-11,West End,11296,206,0,typical,-8.1
2013-12,West End,14080,257,0,typical,3.5
2014-01,West End,14633,257,0,above_typical,31.3
2014-02,West End,10322,197,0,typical,-0.8
2014-03,West End,14289,231,0,typical,0.3
2014-04,West End,13202,225,0,above_typical,24.4
2014-05,West End,14623,259,0,typical,3.6
2014-06,West End,16121,284,0,typical,-8.8
2014-07,West End,18571,337,0,above_typical,31.3
2014-08,West End,18276,347,0,above_typical,16.4
2014-09,West End,19113,364,0,typical,9.1
2014-10,West End,18967,322,0,above_typical,37.9
2014-11,West End,15525,221,0,above_typical,37.4
2014-12,West End,13815,248,0,typical,-1.9
2015-01,West End,16125,255,0,above_typical,10.2
2015-02,West End,14974,252,0,above_typical,45.1
2015-03,West End,14118,229,0,typical,-1.2
2015-04,West End,15288,260,0,above_typical,15.8
2015-05,West End,14288,258,0,typical,-2.3
2015-06,West End,19330,306,0,above_typical,19.9
2015-07,West End,19126,335,0,typical,3.0
2015-08,West End,16210,315,0,below_typical,-11.3
2015-09,West End,14274,279,0,below_typical,-25.3
2015-10,West End,18586,328,0,typical,-2.0
2015-11,West End,15314,280,0,typical,-1.4
2015-12,West End,16855,297,0,above_typical,22.0
2016-01,West End,20619,374,0,above_typical,27.9
2016-02,West End,13768,245,0,typical,-8.1
2016-03,West End,16630,311,0,above_typical,17.8
2016-04,West End,18242,337,0,above_typical,19.3
2016-05,West End,18847,343,0,above_typical,31.9
2016-06,West End,18951,351,0,typical,-2.0
2016-07,West End,21464,415,0,above_typical,12.2
2016-08,West End,20138,351,0,above_typical,24.2
2016-09,West End,18108,305,0,above_typical,26.9
2016-10,West End,17725,309,0,typical,-4.6
2016-11,West End,14854,260,0,typical,-3.0
2016-12,West End,13828,251,0,below_typical,-18.0
2017-01,West End,14175,258,0,below_typical,-31.3
2017-02,West End,10981,215,0,below_typical,-20.2
2017-03,West End,15699,293,0,typical,-5.6
2017-04,West End,17272,325,0,typical,-5.3
2017-05,West End,18679,330,0,typical,-0.9
2017-06,West End,15855,304,0,below_typical,-16.3
2017-07,West End,18203,349,0,below_typical,-15.2
2017-08,West End,19735,363,0,typical,-2.0
2017-09,West End,17619,348,0,typical,-2.7
2017-10,West End,16469,335,0,typical,-7.1
2017-11,West End,16185,327,0,typical,9.0
2017-12,West End,16381,290,0,above_typical,18.5
2018-01,West End,18994,333,0,above_typical,34.0
2018-02,West End,16975,257,0,above_typical,54.6
2018-03,West End,18570,330,0,above_typical,18.3
2018-04,West End,14918,278,0,below_typical,-13.6
2018-05,West End,14042,273,0,below_typical,-24.8
2018-06,West End,14232,278,0,below_typical,-10.2
2018-07,West End,13808,302,0,below_typical,-24.1
2018-08,West End,16833,334,0,below_typical,-14.7
2018-09,West End,19084,361,0,typical,8.3
2018-10,West End,16098,334,0,typical,-2.3
2018-11,West End,17164,326,0,typical,6.0
2018-12,West End,19851,400,0,above_typical,21.2
2019-01,West End,18360,382,0,typical,-3.3
2019-02,West End,13355,280,0,below_typical,-21.3
2019-03,West End,15401,303,0,below_typical,-17.1
2019-04,West End,16082,305,0,typical,7.8
2019-05,West End,19985,353,0,above_typical,42.3
2019-06,West End,17814,309,0,above_typical,25.2
2019-07,West End,18049,387,0,above_typical,30.7
2019-08,West End,24471,425,0,above_typical,45.4
2019-09,West End,20269,393,0,typical,6.2
2019-10,West End,18872,370,0,above_typical,17.2
2019-11,West End,17689,327,0,typical,3.1
2019-12,West End,18206,311,0,typical,-8.3
2020-01,West End,17327,344,0,typical,-5.6
2020-02,West End,18768,331,0,above_typical,40.5
2020-03,West End,18459,309,0,above_typical,19.9
2020-04,West End,13909,226,0,below_typical,-13.5
2020-05,West End,13441,208,0,below_typical,-32.7
2020-06,West End,12045,219,0,below_typical,-32.4
2020-07,West End,13653,235,0,below_typical,-24.4
2020-08,West End,13841,229,0,below_typical,-43.4
2020-09,West End,18254,280,0,typical,-9.9
2020-10,West End,17433,279,0,typical,-7.6
2020-11,West End,12223,202,0,below_typical,-30.9
2020-12,West End,12801,209,0,below_typical,-29.7
2021-01,West End,11381,208,0,below_typical,-34.3
2021-02,West End,10968,203,0,below_typical,-41.6
2021-03,West End,11075,178,0,below_typical,-40.0
2021-04,West End,10243,189,0,below_typical,-26.4
2021-05,West End,14049,225,0,typical,4.5
2021-06,West End,12521,215,0,typical,4.0
2021-07,West End,14338,262,0,typical,5.0
2021-08,West End,16570,283,0,above_typical,19.7
2021-09,West End,13733,252,0,below_typical,-24.8
2021-10,West End,12751,249,0,below_typical,-26.9
2021-11,West End,15679,276,0,above_typical,28.3
2021-12,West End,13262,242,0,typical,3.6
2022-01,West End,13681,231,0,above_typical,20.2
2022-02,West End,13051,206,0,above_typical,19.0
2022-03,West End,11273,220,0,typical,1.8
2022-04,West End,11628,211,0,above_typical,13.5
2022-05,West End,13701,240,0,typical,-2.5
2022-06,West End,12557,221,0,typical,0.3
2022-07,West End,15190,280,0,typical,5.9
2022-08,West End,15070,272,0,typical,-9.1
2022-09,West End,15195,260,0,above_typical,10.6
2022-10,West End,14603,255,0,above_typical,14.5
2022-11,West End,11209,194,0,below_typical,-28.5
2022-12,West End,11500,218,0,below_typical,-13.3
2023-01,West End,13372,203,0,typical,-2.3
2023-02,West End,10397,199,0,below_typical,-20.3
2023-03,West End,12765,204,0,above_typical,13.2
2023-04,West End,9929,197,0,below_typical,-14.6
2023-05,West End,11250,231,0,below_typical,-17.9
2023-06,West End,12898,249,0,typical,2.7
2023-07,West End,14181,272,0,typical,-6.6
2023-08,West End,14926,278,0,typical,-1.0
2023-09,West End,15192,276,0,typical,-0.0
2023-10,West End,13031,248,0,below_typical,-10.8
2023-11,West End,11971,200,0,typical,6.8
2023-12,West End,11664,221,0,typical,1.4
2024-01,West End,10714,199,0,below_typical,-19.9
2024-02,West End,11331,193,0,typical,9.0
2024-03,West End,10712,214,0,below_typical,-16.1
2024-04,West End,11016,205,0,above_typical,10.9
2024-05,West End,12386,257,0,above_typical,10.1
2024-06,West End,11250,218,0,below_typical,-12.8
2024-07,West End,12099,258,0,below_typical,-14.7
2024-08,West End,13885,289,0,typical,-7.0
2024-09,West End,10959,208,0,below_typical,-27.9
2024-10,West End,9328,175,0,below_typical,-28.4
2024-11,West End,10866,204,0,typical,-9.2
2024-12,West End,12567,228,0,typical,7.7
2025-01,West End,12263,221,0,above_typical,14.5
2025-02,West End,10016,202,0,below_typical,-11.6
2025-03,West End,11610,220,0,typical,8.4
2025-04,West End,10971,213,0,typical,-0.4
2025-05,West End,12161,234,0,typical,-1.8
2025-06,West End,12364,230,0,typical,9.9
2025-07,West End,11446,236,0,typical,-5.4
2025-08,West End,11189,229,0,below_typical,-19.4
2025-09,West End,11760,235,0,typical,7.3
2025-10,West End,10735,204,0,above_typical,15.1
2025-11,West End,10280,199,0,typical,-5.4
2025-12,West End,10272,201,0,below_typical,-18.3
2026-01,West End,10519,221,0,below_typical,-14.2
2026-02,West End,10898,234,0,typical,8.8
2026-03,West End,10601,215,0,typical,-8.7
2026-04,West End,9435,208,0,below_typical,-14.0
2026-05,West End,12041,227,0,typical,-1.0
2026-06,West End,10408,208,0,below_typical,-15.8
2026-07,West End,10922,236,0,typical,-4.6
2026-08,West End,11684,260,0,typical,4.4
2026-09,West End,9332,202,1,,
2003-01,West Point Grey,6141,58,0,,
2003-02,West Point Grey,2316,29,0,,
2003-03,West Point Grey,2936,40,0,,
2003-04,West Point Grey,4527,51,0,,
2003-05,West Point Grey,5572,71,0,,
2003-06,West Point Grey,6141,73,0,,
2003-07,West Point Grey,5502,70,0,,
2003-08,West Point Grey,3109,37,0,,
2003-09,West Point Grey,4594,53,0,,
2003-10,West Point Grey,4940,62,0,,
2003-11,West Point Grey,3078,43,0,,
2003-12,West Point Grey,4046,48,0,,
2004-01,West Point Grey,5839,62,0,typical,-4.9
2004-02,West Point Grey,5489,54,0,above_typical,137.0
2004-03,West Point Grey,5226,56,0,above_typical,78.0
2004-04,West Point Grey,4699,55,0,typical,3.8
2004-05,West Point Grey,4176,59,0,below_typical,-25.1
2004-06,West Point Grey,4583,51,0,below_typical,-25.4
2004-07,West Point Grey,4257,57,0,below_typical,-22.6
2004-08,West Point Grey,5166,67,0,above_typical,66.2
2004-09,West Point Grey,5381,83,0,above_typical,17.1
2004-10,West Point Grey,5832,77,0,above_typical,18.1
2004-11,West Point Grey,5888,78,0,above_typical,91.3
2004-12,West Point Grey,4817,58,0,above_typical,19.1
2005-01,West Point Grey,6132,73,0,typical,5.0
2005-02,West Point Grey,3991,50,0,below_typical,-27.3
2005-03,West Point Grey,6533,71,0,above_typical,25.0
2005-04,West Point Grey,5840,93,0,above_typical,24.3
2005-05,West Point Grey,4326,65,0,typical,3.6
2005-06,West Point Grey,4322,49,0,typical,-5.7
2005-07,West Point Grey,3690,52,0,below_typical,-13.3
2005-08,West Point Grey,4868,64,0,typical,-5.8
2005-09,West Point Grey,3860,54,0,below_typical,-28.3
2005-10,West Point Grey,4245,49,0,below_typical,-27.2
2005-11,West Point Grey,3537,38,0,below_typical,-39.9
2005-12,West Point Grey,4165,49,0,below_typical,-13.5
2006-01,West Point Grey,4176,40,0,below_typical,-31.9
2006-02,West Point Grey,3542,43,0,below_typical,-11.3
2006-03,West Point Grey,4085,49,0,below_typical,-37.5
2006-04,West Point Grey,3389,39,0,below_typical,-42.0
2006-05,West Point Grey,3317,43,0,below_typical,-23.3
2006-06,West Point Grey,3333,50,0,below_typical,-22.9
2006-07,West Point Grey,3859,57,0,typical,4.6
2006-08,West Point Grey,4520,61,0,typical,-7.1
2006-09,West Point Grey,3586,50,0,typical,-7.1
2006-10,West Point Grey,4437,44,0,typical,4.5
2006-11,West Point Grey,2666,32,0,below_typical,-24.6
2006-12,West Point Grey,3563,43,0,below_typical,-14.5
2007-01,West Point Grey,3255,40,0,below_typical,-22.1
2007-02,West Point Grey,2445,33,0,below_typical,-31.0
2007-03,West Point Grey,3319,50,0,below_typical,-18.8
2007-04,West Point Grey,1806,31,0,below_typical,-46.7
2007-05,West Point Grey,3854,47,0,above_typical,16.2
2007-06,West Point Grey,2885,42,0,below_typical,-13.4
2007-07,West Point Grey,2452,29,0,below_typical,-36.5
2007-08,West Point Grey,3225,48,0,below_typical,-28.7
2007-09,West Point Grey,3127,43,0,below_typical,-12.8
2007-10,West Point Grey,1905,27,0,below_typical,-57.1
2007-11,West Point Grey,2415,28,0,typical,-9.4
2007-12,West Point Grey,2200,26,0,below_typical,-38.3
2008-01,West Point Grey,2553,33,0,below_typical,-21.6
2008-02,West Point Grey,1933,21,0,below_typical,-20.9
2008-03,West Point Grey,1229,18,0,below_typical,-63.0
2008-04,West Point Grey,2658,39,0,above_typical,47.2
2008-05,West Point Grey,1975,26,0,below_typical,-48.8
2008-06,West Point Grey,2429,32,0,below_typical,-15.8
2008-07,West Point Grey,3982,55,0,above_typical,62.4
2008-08,West Point Grey,2533,30,0,below_typical,-21.5
2008-09,West Point Grey,1607,22,0,below_typical,-48.6
2008-10,West Point Grey,3156,41,0,above_typical,65.7
2008-11,West Point Grey,2236,34,0,typical,-7.4
2008-12,West Point Grey,1642,17,0,below_typical,-25.4
2009-01,West Point Grey,3407,41,0,above_typical,33.5
2009-02,West Point Grey,2998,43,0,above_typical,55.1
2009-03,West Point Grey,1170,23,0,typical,-4.8
2009-04,West Point Grey,1609,27,0,below_typical,-39.5
2009-05,West Point Grey,2290,34,0,above_typical,15.9
2009-06,West Point Grey,3792,49,0,above_typical,56.1
2009-07,West Point Grey,3145,40,0,below_typical,-21.0
2009-08,West Point Grey,3885,41,0,above_typical,53.4
2009-09,West Point Grey,2043,31,0,above_typical,27.1
2009-10,West Point Grey,2692,26,0,below_typical,-14.7
2009-11,West Point Grey,4027,43,0,above_typical,80.1
2009-12,West Point Grey,2545,30,0,above_typical,55.0
2010-01,West Point Grey,2492,43,0,below_typical,-26.9
2010-02,West Point Grey,1405,22,0,below_typical,-53.1
2010-03,West Point Grey,1339,18,0,above_typical,14.4
2010-04,West Point Grey,1917,25,0,above_typical,19.1
2010-05,West Point Grey,2122,28,0,typical,-7.3
2010-06,West Point Grey,4293,54,0,above_typical,13.2
2010-07,West Point Grey,2094,48,0,below_typical,-33.4
2010-08,West Point Grey,2881,48,0,below_typical,-25.8
2010-09,West Point Grey,2189,29,0,typical,7.1
2010-10,West Point Grey,2960,35,0,typical,10.0
2010-11,West Point Grey,2225,37,0,below_typical,-44.7
2010-12,West Point Grey,1925,27,0,below_typical,-24.4
2011-01,West Point Grey,1840,24,0,below_typical,-26.2
2011-02,West Point Grey,1047,21,0,below_typical,-25.5
2011-03,West Point Grey,1814,25,0,above_typical,35.5
2011-04,West Point Grey,2344,24,0,above_typical,22.3
2011-05,West Point Grey,2951,34,0,above_typical,39.1
2011-06,West Point Grey,2802,43,0,below_typical,-34.7
2011-07,West Point Grey,2572,53,0,above_typical,22.8
2011-08,West Point Grey,1793,30,0,below_typical,-37.8
2011-09,West Point Grey,2823,40,0,above_typical,29.0
2011-10,West Point Grey,2777,35,0,typical,-6.2
2011-11,West Point Grey,1654,30,0,below_typical,-25.7
2011-12,West Point Grey,1380,20,0,below_typical,-28.3
2012-01,West Point Grey,832,15,0,below_typical,-54.8
2012-02,West Point Grey,1612,20,0,above_typical,54.0
2012-03,West Point Grey,1498,28,0,below_typical,-17.4
2012-04,West Point Grey,2843,43,0,above_typical,21.3
2012-05,West Point Grey,811,15,0,below_typical,-72.5
2012-06,West Point Grey,1831,38,0,below_typical,-34.7
2012-07,West Point Grey,3118,48,0,above_typical,21.2
2012-08,West Point Grey,2553,43,0,above_typical,42.4
2012-09,West Point Grey,5026,47,0,above_typical,78.0
2012-10,West Point Grey,2886,32,0,typical,3.9
2012-11,West Point Grey,1320,23,0,below_typical,-20.2
2012-12,West Point Grey,2280,30,0,above_typical,65.2
2013-01,West Point Grey,1783,21,0,above_typical,114.3
2013-02,West Point Grey,1000,11,0,below_typical,-38.0
2013-03,West Point Grey,2160,21,0,above_typical,44.2
2013-04,West Point Grey,1641,24,0,below_typical,-42.3
2013-05,West Point Grey,1968,26,0,above_typical,142.7
2013-06,West Point Grey,2059,27,0,above_typical,12.5
2013-07,West Point Grey,2412,39,0,below_typical,-22.6
2013-08,West Point Grey,2638,36,0,typical,3.3
2013-09,West Point Grey,2103,23,0,below_typical,-58.2
2013-10,West Point Grey,2078,31,0,below_typical,-28.0
2013-11,West Point Grey,895,15,0,below_typical,-32.2
2013-12,West Point Grey,2287,34,0,typical,0.3
2014-01,West Point Grey,2692,31,0,above_typical,51.0
2014-02,West Point Grey,1330,22,0,above_typical,33.0
2014-03,West Point Grey,1406,20,0,below_typical,-34.9
2014-04,West Point Grey,1683,24,0,typical,2.6
2014-05,West Point Grey,2888,38,0,above_typical,46.7
2014-06,West Point Grey,3618,35,0,above_typical,75.7
2014-07,West Point Grey,4142,47,0,above_typical,71.7
2014-08,West Point Grey,4856,58,0,above_typical,84.1
2014-09,West Point Grey,1615,34,0,below_typical,-23.2
2014-10,West Point Grey,4406,54,0,above_typical,112.0
2014-11,West Point Grey,2147,24,0,above_typical,139.9
2014-12,West Point Grey,1818,25,0,below_typical,-20.5
2015-01,West Point Grey,2957,31,0,typical,9.8
2015-02,West Point Grey,1158,24,0,below_typical,-12.9
2015-03,West Point Grey,1736,21,0,above_typical,23.5
2015-04,West Point Grey,1258,25,0,below_typical,-25.3
2015-05,West Point Grey,2622,26,0,typical,-9.2
2015-06,West Point Grey,2577,41,0,below_typical,-28.8
2015-07,West Point Grey,2367,44,0,below_typical,-42.9
2015-08,West Point Grey,4575,44,0,typical,-5.8
2015-09,West Point Grey,2785,47,0,above_typical,72.4
2015-10,West Point Grey,1707,37,0,below_typical,-61.3
2015-11,West Point Grey,4431,46,0,above_typical,106.4
2015-12,West Point Grey,2770,34,0,above_typical,52.4
2016-01,West Point Grey,3401,38,0,above_typical,15.0
2016-02,West Point Grey,2622,36,0,above_typical,126.4
2016-03,West Point Grey,2496,29,0,above_typical,43.8
2016-04,West Point Grey,2852,44,0,above_typical,126.7
2016-05,West Point Grey,2733,33,0,typical,4.2
2016-06,West Point Grey,3709,55,0,above_typical,43.9
2016-07,West Point Grey,2980,36,0,above_typical,25.9
2016-08,West Point Grey,3120,43,0,below_typical,-31.8
2016-09,West Point Grey,1749,23,0,below_typical,-37.2
2016-10,West Point Grey,2985,35,0,above_typical,74.9
2016-11,West Point Grey,3531,36,0,below_typical,-20.3
2016-12,West Point Grey,2773,33,0,typical,0.1
2017-01,West Point Grey,3720,43,0,typical,9.4
2017-02,West Point Grey,2138,24,0,below_typical,-18.5
2017-03,West Point Grey,3252,37,0,above_typical,30.3
2017-04,West Point Grey,2588,28,0,typical,-9.3
2017-05,West Point Grey,2850,44,0,typical,4.3
2017-06,West Point Grey,1795,35,0,below_typical,-51.6
2017-07,West Point Grey,3688,55,0,above_typical,23.8
2017-08,West Point Grey,1811,36,0,below_typical,-42.0
2017-09,West Point Grey,2378,31,0,above_typical,36.0
2017-10,West Point Grey,2754,53,0,typical,-7.7
2017-11,West Point Grey,2251,37,0,below_typical,-36.3
2017-12,West Point Grey,1912,26,0,below_typical,-31.0
2018-01,West Point Grey,2812,30,0,below_typical,-24.4
2018-02,West Point Grey,1533,24,0,below_typical,-28.3
2018-03,West Point Grey,2509,31,0,below_typical,-22.8
2018-04,West Point Grey,2037,33,0,below_typical,-21.3
2018-05,West Point Grey,2320,30,0,below_typical,-18.6
2018-06,West Point Grey,1722,30,0,typical,-4.1
2018-07,West Point Grey,1749,33,0,below_typical,-52.6
2018-08,West Point Grey,1944,36,0,typical,7.3
2018-09,West Point Grey,3566,37,0,above_typical,50.0
2018-10,West Point Grey,2201,38,0,below_typical,-20.1
2018-11,West Point Grey,3162,37,0,above_typical,40.5
2018-12,West Point Grey,3399,42,0,above_typical,77.8
2019-01,West Point Grey,1566,24,0,below_typical,-44.3
2019-02,West Point Grey,888,15,0,below_typical,-42.1
2019-03,West Point Grey,1320,29,0,below_typical,-47.4
2019-04,West Point Grey,1463,23,0,below_typical,-28.2
2019-05,West Point Grey,1756,42,0,below_typical,-24.3
2019-06,West Point Grey,2412,38,0,above_typical,40.1
2019-07,West Point Grey,2852,50,0,above_typical,63.1
2019-08,West Point Grey,3125,48,0,above_typical,60.8
2019-09,West Point Grey,3239,48,0,typical,-9.2
2019-10,West Point Grey,2897,47,0,above_typical,31.6
2019-11,West Point Grey,2726,33,0,below_typical,-13.8
2019-12,West Point Grey,3159,44,0,typical,-7.1
2020-01,West Point Grey,2579,27,0,above_typical,64.7
2020-02,West Point Grey,2850,38,0,above_typical,220.9
2020-03,West Point Grey,3188,33,0,above_typical,141.5
2020-04,West Point Grey,1881,26,0,above_typical,28.6
2020-05,West Point Grey,4071,44,0,above_typical,131.8
2020-06,West Point Grey,2123,35,0,below_typical,-12.0
2020-07,West Point Grey,3013,40,0,typical,5.6
2020-08,West Point Grey,3658,63,0,above_typical,17.1
2020-09,West Point Grey,4530,49,0,above_typical,39.9
2020-10,West Point Grey,2934,44,0,typical,1.3
2020-11,West Point Grey,3059,42,0,above_typical,12.2
2020-12,West Point Grey,2117,23,0,below_typical,-33.0
2021-01,West Point Grey,2537,37,0,typical,-1.6
2021-02,West Point Grey,3070,34,0,typical,7.7
2021-03,West Point Grey,1450,21,0,below_typical,-54.5
2021-04,West Point Grey,1910,24,0,typical,1.5
2021-05,West Point Grey,3364,47,0,below_typical,-17.4
2021-06,West Point Grey,3879,53,0,above_typical,82.7
2021-07,West Point Grey,1780,22,0,below_typical,-40.9
2021-08,West Point Grey,2026,32,0,below_typical,-44.6
2021-09,West Point Grey,1312,17,0,below_typical,-71.0
2021-10,West Point Grey,847,13,0,below_typical,-71.1
2021-11,West Point Grey,1303,25,0,below_typical,-57.4
2021-12,West Point Grey,851,14,0,below_typical,-59.8
2022-01,West Point Grey,1667,13,0,below_typical,-34.3
2022-02,West Point Grey,1333,11,0,below_typical,-56.6
2022-03,West Point Grey,3070,34,0,above_typical,111.7
2022-04,West Point Grey,1160,25,0,below_typical,-39.3
2022-05,West Point Grey,1612,21,0,below_typical,-52.1
2022-06,West Point Grey,1715,26,0,below_typical,-55.8
2022-07,West Point Grey,1420,21,0,below_typical,-20.2
2022-08,West Point Grey,1380,21,0,below_typical,-31.9
2022-09,West Point Grey,1561,24,0,above_typical,19.0
2022-10,West Point Grey,1436,21,0,above_typical,69.5
2022-11,West Point Grey,719,6,0,below_typical,-44.8
2022-12,West Point Grey,652,9,0,below_typical,-23.4
2023-01,West Point Grey,1404,24,0,below_typical,-15.8
2023-02,West Point Grey,752,16,0,below_typical,-43.6
2023-03,West Point Grey,1292,23,0,below_typical,-57.9
2023-04,West Point Grey,969,18,0,below_typical,-16.5
2023-05,West Point Grey,1694,25,0,typical,5.1
2023-06,West Point Grey,2502,27,0,above_typical,45.9
2023-07,West Point Grey,2334,35,0,above_typical,64.4
2023-08,West Point Grey,1193,20,0,below_typical,-13.6
2023-09,West Point Grey,1010,20,0,below_typical,-35.3
2023-10,West Point Grey,864,16,0,below_typical,-39.8
2023-11,West Point Grey,1048,19,0,above_typical,45.8
2023-12,West Point Grey,787,16,0,above_typical,20.7
2024-01,West Point Grey,1490,25,0,typical,6.1
2024-02,West Point Grey,1406,25,0,above_typical,87.0
2024-03,West Point Grey,680,19,0,below_typical,-47.4
2024-04,West Point Grey,892,16,0,typical,-7.9
2024-05,West Point Grey,1337,27,0,below_typical,-21.1
2024-06,West Point Grey,1610,30,0,below_typical,-35.7
2024-07,West Point Grey,930,21,0,below_typical,-60.2
2024-08,West Point Grey,1660,20,0,above_typical,39.1
2024-09,West Point Grey,356,10,0,below_typical,-64.8
2024-10,West Point Grey,1271,18,0,above_typical,47.1
2024-11,West Point Grey,1075,16,0,typical,2.6
2024-12,West Point Grey,852,17,0,typical,8.3
2025-01,West Point Grey,928,15,0,below_typical,-37.7
2025-02,West Point Grey,1298,15,0,typical,-7.7
2025-03,West Point Grey,583,11,0,below_typical,-14.3
2025-04,West Point Grey,724,16,0,below_typical,-18.8
2025-05,West Point Grey,1043,19,0,below_typical,-22.0
2025-06,West Point Grey,1569,28,0,typical,-2.5
2025-07,West Point Grey,711,13,0,below_typical,-23.5
2025-08,West Point Grey,1324,25,0,below_typical,-20.2
2025-09,West Point Grey,1782,32,0,above_typical,400.6
2025-10,West Point Grey,1135,19,0,below_typical,-10.7
2025-11,West Point Grey,1610,25,0,above_typical,49.8
2025-12,West Point Grey,1375,16,0,above_typical,61.4
2026-01,West Point Grey,1128,18,0,above_typical,21.6
2026-02,West Point Grey,952,18,0,below_typical,-26.7
2026-03,West Point Grey,1340,25,0,above_typical,129.8
2026-04,West Point Grey,1714,27,0,above_typical,136.7
2026-05,West Point Grey,1497,35,0,above_typical,43.5
2026-06,West Point Grey,1222,27,0,below_typical,-22.1
2026-07,West Point Grey,1507,20,0,above_typical,112.0
2026-08,West Point Grey,417,10,0,below_typical,-68.5
2026-09,West Point Grey,413,9,1,,
